{"type":"Topology","arcs":[[[322,9240],[0,-14],[0,-2],[0,-20],[-1,-5],[-5,-4],[-1,-8],[-4,-13],[2,-12],[5,-13],[1,-4],[-6,-17],[-4,-6],[-5,-1],[-6,0],[-2,-2],[0,-4],[0,-11],[-5,-6],[-5,-9],[-6,2],[-1,-1],[0,-11],[-1,-15],[-1,-21],[-1,-2],[1,-9],[-1,-10],[-3,-8],[0,-7],[0,-6],[2,-4],[-1,-9],[1,-6],[0,-12],[1,-6],[-3,-5],[-1,-5],[-4,-7],[-4,-6],[-4,0],[-3,-5]],[[257,8936],[-9,19],[-4,0],[-2,-6],[0,5],[-5,14],[-3,10],[-4,10],[-5,8],[-2,-2],[-2,-7],[-3,14],[-6,18],[-2,4],[-4,12],[-4,13],[-8,26],[-6,15]],[[188,9089],[3,7],[1,5],[4,12],[1,7],[0,8],[2,6],[2,15],[2,8],[2,14],[4,11],[3,7],[3,2],[1,4],[3,6],[6,6],[0,8],[1,8],[-3,5],[-2,7],[1,15],[2,11]],[[224,9261],[5,8],[5,11],[3,12],[1,9],[2,8],[1,5],[-1,8],[1,4],[3,-6],[4,-1],[3,5],[4,2],[4,-4],[5,3],[2,7],[8,11],[1,0],[1,-10]],[[276,9333],[-2,-3],[-1,-14],[-1,-5],[0,-15],[0,-4],[3,-3],[1,-8],[8,-2],[6,1],[4,-1],[1,2],[6,-7],[3,-6],[3,-12],[3,-6],[2,-8],[5,1],[4,2],[1,-5]],[[466,8722],[-3,-7],[-1,-23],[-2,-5],[-3,-4],[-5,-13],[-6,-16],[-1,-3],[-3,-2],[-2,-9],[-1,-2],[-4,3],[-5,8],[-4,0],[-1,-4],[-4,-13],[-1,-11]],[[420,8621],[-2,2],[-6,13],[-3,12],[1,10],[-2,10],[-2,13],[-3,10],[-2,4],[-5,4],[-3,6],[-2,0],[-1,5],[-3,-1],[-3,8],[-6,1],[-6,5],[-5,-3],[-7,3],[-7,-2],[-3,-3]],[[350,8718],[-1,8],[0,8],[-3,6],[3,9],[-2,13],[-2,8],[-3,7],[-1,4],[2,6],[1,17],[0,3],[2,15],[2,-1],[1,5],[0,4],[2,11],[1,7],[1,1],[2,6],[1,1],[6,8],[4,1],[3,11],[2,5],[0,6],[3,10],[-1,17],[0,6],[-1,9]],[[372,8929],[2,0],[5,-8],[6,-13],[2,-6],[2,-14],[0,-17],[2,-9],[6,-14],[10,-5],[5,-2],[11,-1],[5,-2],[3,3],[4,7],[7,1],[5,-1],[3,-5],[4,-1],[2,-5],[2,-7],[-1,-10],[-1,-12],[0,-10],[1,-6],[-2,-4],[0,-10],[3,-16],[3,-11],[5,-29]],[[160,9800],[-1,-6],[-3,-5],[-1,-11],[0,-5],[3,-5],[0,-3],[-3,-6],[2,-7],[2,-5],[3,-2],[1,-6],[4,-3],[3,-5],[-3,-2],[0,-8],[-5,-8],[0,-6],[2,-6],[-2,-7],[0,-6],[1,-10],[-2,-5],[0,-4],[-1,-6],[0,-12],[4,-4],[-2,-5],[2,-7],[5,-4],[1,-6],[-2,-9],[-2,-4],[2,-4],[1,-13],[1,-6],[3,-7],[3,-12],[3,-10],[1,-17],[-1,-7],[-3,-21],[-5,-5],[-1,2],[-4,-6],[-2,1],[-2,-2],[-3,-5]],[[159,9500],[-1,-4],[-3,0],[-4,-2],[-1,3],[-5,2],[-7,5],[-3,7],[0,7],[-1,10],[2,13],[1,5],[0,5],[-4,11],[-1,9],[-1,5],[-3,1],[-2,7],[-2,3],[-6,-2],[-4,6],[-4,0],[-4,3],[-3,-6],[-3,0],[-4,5],[-8,1],[-1,-3],[-2,-1],[-2,4],[0,4],[-3,7],[0,4],[-3,5],[-4,-7],[-2,-6],[-3,-1],[0,-4],[2,-9],[-1,-13],[0,-4],[-5,-8]],[[64,9562],[-3,14],[-2,4],[-3,0],[-3,14],[-1,11],[0,5],[-2,5],[1,6],[-1,9],[-2,2],[-2,-4],[-2,-2],[1,9],[-1,10],[1,2],[3,2],[2,7],[-3,9],[0,6],[3,-1],[1,10],[1,5],[0,16],[-1,7],[-1,9],[-1,5],[1,5],[1,8],[-3,13],[-1,10],[-2,0],[-5,17],[3,10],[2,8],[0,5],[2,3],[2,0],[0,-5],[0,-7],[1,-3],[8,4]],[[58,9790],[2,-13],[2,-2],[1,-3],[3,-4],[3,6],[5,8],[2,3],[-1,9],[1,8],[2,-1],[0,11],[-3,-3],[0,7],[0,4],[2,3]],[[77,9823],[3,1],[7,21],[5,7],[5,-4],[4,-12],[2,-8],[3,-8],[3,-5],[2,0],[2,3],[0,8],[2,-2],[1,3],[3,-1],[2,2],[4,1],[1,3],[4,2],[3,-5],[1,-1],[3,-6],[5,-8],[6,-6],[8,-4],[4,-4]],[[11,9907],[0,-7],[4,-11],[1,2],[3,-5],[1,-1],[2,-5],[0,-6],[1,-3],[3,-2],[2,-11],[-5,3],[-1,-2],[-5,0],[-3,-2],[0,-5],[-4,-1],[3,6],[-3,8],[0,4],[-1,6],[-3,1],[1,6],[4,3],[-2,5],[-2,9],[-6,-10],[-1,2],[1,6],[5,10],[5,0]],[[30,9854],[2,-4],[0,-6],[3,-7],[0,-4],[2,-3],[1,-7],[-4,-1],[-2,-7],[-3,-1],[0,7],[-2,1],[-2,-7],[-2,12],[2,4],[4,8],[0,7],[-1,7],[2,1]],[[15,9844],[-1,-6],[-3,-7],[-2,5],[6,8]],[[35,9792],[-1,-3],[-2,1],[2,6],[1,-4]],[[188,9089],[-25,74],[-2,3],[-5,13],[-3,6],[-2,5],[-5,12],[-2,7],[-7,13],[-4,13],[-3,7],[-5,6],[-3,1],[0,4],[3,2],[0,7],[-3,2],[-2,4],[-2,-7],[-2,1],[-1,9],[-2,0],[0,5],[-2,8],[-3,6],[1,7],[-3,11],[0,4],[-3,7],[-3,9],[-4,7],[0,10],[-2,5],[-4,1],[0,5],[0,9],[-2,13],[-1,1],[-3,9],[-1,4],[2,9],[-2,4],[-1,11],[-2,0],[-2,17],[2,8],[0,6],[-1,2],[-1,12],[-3,1],[0,5],[2,4],[1,5],[-2,10],[-1,1],[-1,4],[-4,2],[-1,5],[-3,13],[1,2],[-2,11],[-3,10],[2,3],[1,4],[-1,3],[1,15],[-1,3]],[[159,9500],[4,-4],[1,-7],[1,-9],[2,-3],[1,-8],[3,-5],[1,-7],[4,-9],[5,-12],[2,-5],[0,-8],[2,-4],[4,-6],[1,-12],[3,-15],[6,-13],[5,-7],[2,-4],[0,-4],[3,-7],[1,-8],[3,-6],[1,-11],[0,-9],[2,-3],[2,-9],[4,-29],[0,-8],[2,-7]],[[80,9391],[1,0],[1,-6],[-1,-5],[-2,2],[-2,6],[3,3]],[[466,8722],[4,-9],[4,-11],[3,-11]],[[477,8691],[4,-9],[9,-15],[3,-2],[1,-6],[2,-16],[0,-8],[8,8],[3,6],[3,3],[2,7],[2,1],[5,-12],[2,-1],[3,4],[2,7],[3,-1],[2,-3],[2,-9],[0,-10],[1,-4],[0,-10],[1,-3],[2,-5],[0,-6],[-1,-4],[-6,-3],[-1,-8],[-6,-22],[-4,-20],[2,-10],[3,-10],[4,-13],[2,-14],[4,-22],[1,-3],[-1,-19],[0,-18],[1,-4],[-1,-13],[2,-13],[2,-10],[3,-6],[4,-15],[7,-11],[5,-13],[5,-7],[3,-8],[1,-5],[4,-26],[2,-10],[0,-5],[-2,-7],[0,-23],[0,-5],[2,-7],[2,-3],[9,-3],[11,-9],[2,0],[2,4],[1,8],[0,6],[2,5],[4,5],[2,-8],[2,3],[0,9]],[[609,8270],[12,-8],[7,-1],[1,-7],[0,-20],[-1,-8],[-3,-8],[-6,-5],[0,-3],[0,-20],[-2,-7],[-18,-28],[3,-17],[8,-54],[-1,-8],[3,-10],[-7,-53],[-1,-23]],[[604,7990],[0,-5],[-4,-14],[-5,-19],[-4,-12],[-4,-8],[-10,-9]],[[577,7923],[-1,4],[-1,10],[0,32],[0,28],[0,16],[-1,25],[0,43],[-1,10],[-3,43],[-4,36],[-1,17],[-3,16],[-3,11],[-7,1],[-2,-4],[-2,1],[-2,4],[-2,7],[-2,0],[-1,6],[-3,5],[-9,2],[-4,6],[-7,17],[-5,15],[-8,26],[-3,13],[-2,12],[-2,17],[1,4],[-2,3],[-2,12],[0,8],[-3,22],[-2,14],[-5,16],[-4,-3],[-1,7],[-2,4],[-2,-1],[-2,6],[-3,-4],[-2,5],[-1,6],[-1,1],[0,7],[-2,4],[-2,13],[-3,3],[-1,8],[0,10],[-1,5],[-2,2],[-4,16],[-1,5],[0,3],[-4,11],[1,4],[-2,2],[0,8],[-1,8],[-3,11],[-6,19],[0,8],[-3,6],[-1,8],[-4,7],[-2,1],[-7,7],[1,3]],[[604,7990],[11,-3],[0,6],[2,6],[-2,9],[0,11],[3,4],[4,-4],[0,-5],[3,1],[1,6],[1,3],[2,-1],[1,4],[4,3],[2,-1],[2,3],[2,-1],[7,19],[3,-6],[2,-5],[3,-4],[0,-7],[2,-7],[2,4],[1,-3],[2,2],[1,5],[-1,7],[5,-1]],[[667,8035],[0,-5],[1,-17],[-1,-14],[1,-12],[2,-10],[9,-32],[3,-5],[3,-24],[5,-32],[2,-10]],[[692,7874],[-2,-9],[-1,-21],[-2,-6],[1,-6],[-10,-44],[0,-1]],[[678,7787],[-1,2],[-3,9],[-6,10],[-5,7],[-7,10],[-4,5],[-8,13],[-6,6],[-2,-1],[-3,2],[-2,0],[-3,-6],[-1,-6],[-3,-5],[-3,1],[4,7],[1,10],[-1,2],[-4,-3],[-2,-7],[0,-6],[-4,5],[-2,4],[-4,2],[-3,0],[-1,-8],[0,-9],[-3,-5],[-1,4],[-1,10],[-5,15],[-2,12],[-1,7],[-3,10],[-3,14],[-3,8],[-4,11],[-2,6]],[[469,7829],[2,-1],[1,-7],[1,2],[0,-7],[1,-4],[3,3],[3,-5],[2,6],[-1,4],[1,5],[2,4],[7,-2],[1,-5],[6,2],[0,-12],[-2,-4],[2,-7],[0,-3],[2,-4],[2,1],[2,-4],[1,-11],[1,-1],[1,-6],[-2,-6],[1,-12],[2,-3],[2,-2],[0,-10],[-2,-4],[-1,-4],[0,-9],[0,-10],[-1,-3],[-2,3],[2,4],[0,6],[-5,0],[-2,4],[0,7],[-2,4],[-2,9],[-3,5],[-2,0],[-1,9],[0,9],[-2,5],[-2,0],[-3,4],[1,5],[-3,-1],[-1,12],[-4,4],[-3,-4],[-2,0],[-1,6],[-5,8],[-4,-2],[-2,6],[-1,6],[2,4],[2,0],[3,-2],[3,1],[2,7]],[[457,7757],[3,-4],[6,-12],[0,-4],[2,-5],[-3,-5],[1,-4],[-4,-7],[-3,1],[-1,-7],[2,-13],[0,-3],[-3,-2],[0,7],[-4,10],[-1,12],[-1,5],[-2,9],[0,6],[4,1],[1,3],[-1,9],[4,3]],[[515,7904],[2,-1],[4,-9],[2,-16],[-2,-2],[-1,8],[-3,10],[-2,-4],[-1,9],[1,5]],[[528,7798],[0,-14],[-2,3],[0,3],[-1,6],[3,2]],[[493,7852],[-1,0],[-3,5],[1,2],[3,-4],[0,-3]],[[501,7863],[-2,5],[0,5],[2,-1],[0,-9]],[[520,7875],[2,-10],[-1,-1],[-1,9],[0,2]],[[704,9043],[-1,3],[-2,-6],[-3,2],[-5,8],[-5,-6],[-5,-2],[0,-10],[-3,-7],[-4,-1],[-3,-3],[-4,4],[-2,1],[-3,-8],[2,-9],[3,-3],[1,-11],[-2,-9],[-5,-2],[0,-6],[2,-4],[-1,-8],[1,-9],[-3,-5],[-2,-8],[-1,-28],[-2,-10],[1,-7],[2,-13],[-3,-1],[-2,-5],[1,-7],[0,-9],[-1,-6],[-1,-5],[-4,-2],[-1,-11],[-4,-3],[-5,-7],[0,-9],[0,-7],[-1,-7],[-1,4],[-2,-1],[-1,-6],[-4,0]],[[631,8804],[-1,5],[0,12],[-1,10],[-2,3],[-3,1],[-3,-7],[-2,-2],[-2,7],[-4,19],[-2,4],[0,6],[-5,15],[-2,10],[1,3],[0,6],[0,6],[0,10],[-1,10],[-3,14],[-8,17],[-2,5],[-3,30],[0,18],[2,6],[-2,6]],[[588,9018],[1,6],[1,10],[4,18],[4,7],[-1,8],[1,6],[2,0],[2,6],[3,-3],[1,2],[4,-2],[8,1],[2,-1],[6,2],[7,2],[0,4],[3,8],[2,9],[4,6],[3,-3],[5,6],[3,8],[2,0]],[[655,9118],[3,6],[0,6],[1,9],[1,8],[-2,1],[0,8],[2,1],[3,-2],[1,10],[-1,6],[1,4],[3,0]],[[667,9175],[2,-1],[-1,7],[8,0],[5,-6],[2,-1],[3,-5],[2,-8],[3,-5],[2,1],[3,-4],[4,-6],[1,-4],[-1,-7],[2,-4],[3,2],[1,-5],[6,-11],[-1,-5],[-1,-16],[1,-9],[0,-10],[-1,-1],[0,-10],[-1,-4],[-4,-18],[-1,-2]],[[276,9333],[6,-3],[1,3],[4,-3],[2,3],[2,-2],[1,8],[5,31],[4,15],[6,11],[3,8],[3,15]],[[313,9419],[3,-8],[0,-10],[7,-3],[3,8],[2,9],[3,10],[4,4],[8,6],[2,1],[6,0],[5,2],[2,-1]],[[358,9437],[0,-2],[3,-1],[0,-7],[2,-9],[0,-7],[2,-6],[0,-6],[-1,-15],[1,-11],[1,-9],[2,-4],[0,-8],[-1,-5],[0,-14],[-3,-6],[0,-8],[2,-2],[2,-4],[1,4],[5,-15],[1,-2],[2,-6],[4,2],[3,-1],[3,-3],[1,-8],[1,-6],[4,-7],[5,-5],[3,0],[3,-2],[9,-4],[4,0],[4,-2],[8,-7],[2,-5],[5,-9],[3,2],[2,-6],[5,-6],[10,-9],[8,-3],[10,-3],[5,6],[5,1],[4,-2],[2,1],[4,6],[6,5]],[[500,9229],[2,-29],[0,-8],[-3,-2],[-2,-5],[-3,-1],[-2,-6],[0,-5],[4,-3],[8,6],[2,-1],[1,-6],[0,-8],[0,-21],[1,-11],[3,-6],[1,-13],[0,-24],[-2,-5],[0,-11],[0,-23],[0,-8],[0,-7],[-2,-19],[1,-3],[1,-14]],[[510,8996],[-5,-7],[-4,-5],[-6,-5],[-2,-4],[-3,-3],[-3,1],[-1,3],[-1,8],[-4,14],[0,7],[-2,6],[-5,14],[-3,2],[-4,11],[-2,-7],[-5,-8],[-4,-3],[-4,-7],[-5,-11],[-3,-1],[-9,-7],[-2,-5],[-3,0],[0,-4],[-3,-2],[-6,-1],[-2,5],[-4,3],[-2,8],[-5,5],[-2,9],[-5,7],[-3,12],[-3,8],[-2,2]],[[393,9041],[-6,11],[-3,13],[-6,9],[-7,7],[-9,6],[-6,8],[-3,8],[-1,5],[-2,3],[-3,0],[-2,7],[-3,2],[3,17],[0,2],[1,15],[-1,10],[-1,5],[-1,10],[0,19],[-2,13],[-5,11],[-3,5],[-4,2],[-7,11]],[[477,8691],[10,1],[3,-6],[4,-2],[4,-3],[4,1],[15,5],[6,3],[9,3],[4,3],[4,1],[3,-2],[5,4],[4,4],[1,-2],[14,7],[3,6],[4,0],[12,2],[6,2],[3,3],[7,3],[6,-1],[3,1]],[[611,8724],[-2,-7],[-3,-9],[1,-7],[3,-12],[2,-11],[2,-2],[2,-4],[2,-12],[0,-8],[4,-9],[-2,-7],[1,-17],[2,-4],[6,-5],[2,-8],[0,-5],[2,-13],[-1,-7],[2,-4],[4,-3],[3,-5],[-2,-4],[-4,-19],[-3,-11],[-2,-3],[-3,-1],[0,-5],[3,-11],[8,1],[5,-8],[2,-3],[5,-1],[2,-7],[1,-5],[2,-5],[1,-6]],[[656,8477],[-2,-9],[0,-8],[-2,-6],[-2,-1],[-1,-5],[-6,-3],[-1,6],[-2,-2],[-2,-8],[-2,-3],[-8,-2],[-1,-3],[-5,-1],[-1,-3],[3,-7],[1,1],[3,-4],[4,-2],[2,-4],[0,-6],[3,-7],[-1,-5],[1,-10],[-1,-7],[6,-11],[1,-2],[2,-14],[0,-13],[1,-6]],[[646,8332],[-2,-8],[-3,-4],[-2,0],[0,4],[-3,1],[-1,-3],[-1,-9],[3,-4],[-1,-13],[2,-12],[-3,-9]],[[635,8275],[-5,6],[-2,5],[-6,1],[-5,-5],[-2,1],[-3,-2],[-3,-11]],[[588,9018],[-7,0],[-1,-3],[-2,0],[-3,-9],[-3,-4],[-3,5],[-2,10],[-3,5],[-3,-2],[0,-6],[-4,-18],[0,-14],[-3,-1],[-3,5],[-3,1],[-4,-5],[-1,-6],[-2,-12],[-8,2],[-10,10],[-5,7],[-8,13]],[[500,9229],[-1,10],[-2,5],[-5,2],[-2,-6],[-1,1],[-1,15],[0,7],[1,2],[3,-3],[4,0],[4,4],[0,9],[3,10],[0,10],[0,11],[-1,4]],[[502,9310],[1,2],[0,9],[2,5],[1,6],[4,-1],[2,-6],[4,2],[1,-5],[5,-1],[3,-2],[-1,5],[-2,3],[-1,-4],[-2,2],[1,14],[2,-6],[5,5],[0,4],[-2,7],[2,3],[0,6],[3,-2],[1,3],[-2,6],[4,5],[2,1],[1,-3],[2,5],[1,6],[-1,5],[3,3],[-2,10],[2,6],[-2,2],[-3,10],[-2,8],[1,4],[2,4],[1,-2],[3,7],[-2,4],[2,10],[-1,7],[2,3],[0,7],[-1,6],[2,8],[1,1],[-2,10],[1,10],[-2,2],[-3,5],[-4,17],[-2,4],[2,7],[0,12],[2,4],[2,0],[3,5],[0,5],[-3,7],[3,6],[-2,12],[2,2],[-3,6],[-1,10]],[[537,9606],[1,3],[2,2],[5,-6],[8,-16],[-2,-5],[5,-12],[0,-5],[5,-16],[0,-2],[4,-7],[7,-4],[2,-8],[0,-7],[1,-12],[-2,-1],[4,-11],[5,-14],[9,-19],[1,-4],[9,-20],[4,-11],[4,-10],[5,-10],[1,-2],[5,-9],[4,-2],[5,0],[0,-7],[3,-17],[2,-20],[3,-15],[0,-10],[3,-17],[0,-4],[1,-5],[0,-8],[0,-7],[1,-11],[-1,-5],[1,-6],[1,-2],[1,-6],[3,-6],[2,-2],[-1,-8],[2,0],[3,-7],[0,-5],[-2,-3],[-4,-12],[-1,-7],[-2,-3],[0,-3]],[[644,9202],[1,-7],[0,-4],[-3,-6],[-2,3],[-3,-4],[-3,4],[-3,-3],[0,-5],[-4,-8],[-1,-8],[-1,-10],[-2,-11],[2,-6],[3,0],[4,3],[0,-8],[4,-4],[1,3],[5,4],[1,-4],[0,-7],[3,-3],[0,-4],[4,-4],[0,3],[3,1],[1,2],[1,-1]],[[642,9288],[2,-17],[-1,0],[-1,17]],[[502,9310],[-1,-4],[-8,0],[-2,-4],[-4,5],[1,3],[-2,8],[1,3],[1,9],[4,12],[1,12],[0,7],[-2,5],[0,9],[-3,10],[-6,8],[-13,11],[-6,8],[-2,0],[-4,-2],[-2,-4],[-5,5],[-6,1],[-2,-3],[-4,4],[-3,-4],[-1,-11],[-1,-10],[-2,-5],[-3,-1],[-5,0],[-3,2],[-7,6],[-7,-1],[-5,4],[-3,4],[-3,13],[-5,8],[-1,7],[-3,4]],[[386,9429],[3,9],[2,7],[1,8],[1,13],[0,20],[2,9],[-1,10],[4,7],[4,8],[1,6],[3,17],[3,10],[-1,6],[-1,5],[-1,13],[4,1],[2,4],[1,-1],[2,5],[-2,16],[-1,9]],[[412,9611],[4,2],[7,5],[5,1],[3,-2],[8,-5],[0,-4],[3,-2]],[[442,9606],[-2,-8],[0,-9],[-1,-9],[3,1],[2,-4],[1,-9],[0,-4],[2,-7],[3,-1],[1,-5],[5,-13],[-2,-10],[4,-3],[4,-7],[2,-1],[2,-4],[5,0],[-1,12],[1,10],[0,12]],[[471,9547],[3,0],[4,2],[4,5],[2,0],[6,9],[4,1],[6,8],[9,7],[9,9],[10,10],[9,9],[0,-1]],[[1201,6342],[-5,-12],[-2,-5],[0,-9],[-2,-4],[-1,-8],[-2,-9],[-1,-9],[-2,-9],[-4,-1],[-3,1],[-4,-1],[-4,4],[-4,0],[-3,-3],[-2,0],[-6,-3],[0,-5],[-2,-5],[-1,-10]],[[1153,6254],[-2,-2],[-5,-18],[-3,-4],[-2,-1],[-3,2],[0,5],[-2,6],[-3,2],[-2,8],[0,10],[-6,0],[-2,4],[-4,11],[-1,7],[1,11],[-2,10],[-3,13],[-2,2],[-3,-8],[-3,-1],[-3,5],[-4,-3],[-1,-4],[-1,-8],[-2,-4],[-1,-5],[-4,0],[-6,4],[-1,-1],[-2,-6],[2,-7],[1,-10],[-3,2],[-1,-5],[-1,-8],[-1,-1],[-2,-8]],[[1076,6252],[-3,8],[-8,12],[1,4],[0,6],[-2,10],[-5,12],[-6,12],[-5,7],[-3,7],[-2,12],[-2,14],[1,10],[-2,12],[-4,22],[-2,6]],[[1034,6406],[8,-3],[3,5],[3,-1],[1,4],[2,-1],[6,3],[3,-1],[2,2],[5,1],[5,6],[2,-1],[2,5],[2,1],[7,-3],[0,8],[2,6],[1,13],[3,3],[1,6]],[[1092,6459],[3,0],[3,-2],[2,1],[4,3],[3,2],[4,-7],[0,-4],[2,0],[1,-5],[3,0],[2,-3],[3,9],[3,-1],[2,5],[8,13],[3,-1],[3,5],[0,9],[1,4]],[[1142,6487],[8,-13],[3,6],[3,-16],[1,-4],[4,-3],[1,-6],[2,-8],[2,-5],[-1,-5],[1,-12],[4,-2],[1,-7],[4,-1],[5,-5],[0,-3],[0,-10],[2,-7],[2,-1],[2,-5],[12,-19],[3,-3],[0,-5],[-1,-9],[1,-2]],[[1158,6344],[-1,-2],[3,-11],[2,-5],[3,-9],[5,-2],[2,4],[-1,7],[-1,10],[-2,4],[-2,-2],[-2,3],[-2,-2],[-2,5],[-2,0]],[[6422,1705],[5,-1],[4,2],[0,-7],[-2,-5],[0,-21],[0,-4],[2,-7],[1,-1],[3,7],[4,4],[2,4],[3,2],[2,4],[1,-2],[4,5],[1,-1],[8,3],[4,4],[1,-2],[3,3],[3,-2],[2,-5],[2,-1],[2,-4],[3,0],[3,1],[4,-2],[6,1],[2,2],[5,-1],[2,7],[4,3],[4,3],[0,-4],[4,-2],[1,1],[2,-4],[2,0],[4,5],[5,1],[1,-2],[6,1],[2,2],[2,-3],[0,-7],[2,-7],[1,-11],[5,-19],[1,-16],[-1,-11],[-2,-7],[1,-9],[1,-10],[1,-3],[-3,-10],[-4,-4],[-7,-3],[-3,-5],[-3,2],[-3,0],[-3,-2],[-1,2],[-10,-4],[-4,2],[-4,0],[-8,-5],[-3,0],[-4,-6],[-5,-4],[-1,-3],[-2,2],[-5,-7],[-3,-3],[-2,1],[-2,-4],[-2,2],[-5,-1],[-3,2],[-2,-3],[-3,5],[-9,4],[-5,-7],[-5,-10],[-6,-8],[-6,-2],[-3,-4],[-2,1],[-2,10],[-4,4],[-3,-1],[-3,-2],[-3,-8],[-5,-6],[-1,-4],[-3,-1],[-2,2],[0,6],[-1,2],[-4,-3],[-3,3],[-2,-3],[-4,2],[-2,8],[-1,2],[1,18],[1,5],[3,7],[3,11],[3,8],[3,13],[0,5],[1,8],[1,3],[2,-1],[4,7],[1,5],[6,10],[5,2],[2,-4],[1,6],[5,6],[2,6],[-2,6],[-6,-2],[-2,-6],[-1,0],[-8,-14],[-3,-2],[-4,-6],[-3,1],[-1,9],[0,9],[-2,4],[1,9],[2,6],[6,20],[1,2],[1,7],[3,8],[4,8],[2,1],[4,-3],[2,5],[3,1],[2,-3],[2,3],[3,-1]],[[6363,1675],[7,-4],[2,-13],[-1,-15],[-4,-14],[-2,-10],[2,-25],[-1,-9],[-2,-8],[-4,0],[-2,-6],[-4,-5],[-2,-10],[-1,-3],[-1,-7],[-4,-14],[0,-6],[-1,-5],[1,-15],[-4,-14],[-1,-3],[-2,2],[-1,-2],[0,-4],[-1,-5],[0,-4],[-3,-3],[-2,-5],[0,-6],[-5,-6],[-8,0],[-3,-4],[-2,1],[-2,3],[0,14],[2,13],[0,6],[-2,6],[1,5],[-1,9],[-2,3],[-2,17],[-5,3],[-7,-2],[-1,-9],[-4,-4],[-2,-6],[-1,-5],[-5,7],[-2,7],[4,7],[1,1],[3,11],[-1,8],[2,13],[2,6],[1,6],[4,7],[5,4],[2,5],[2,5],[2,2],[3,7],[2,3],[4,-6],[2,-7],[0,-14],[0,-10],[2,-1],[-1,-8],[3,-6],[0,-5],[3,4],[-2,4],[-1,8],[2,5],[4,5],[0,3],[4,12],[3,6],[1,11],[3,10],[4,-2],[2,10],[1,6],[2,11],[1,8],[5,16],[3,3],[3,6],[2,1]],[[6378,1615],[2,-4],[2,-8],[-1,-6],[-1,-5],[-1,-6],[-7,0],[-2,5],[-1,11],[3,10],[2,3],[4,0]],[[6290,1571],[-3,-15],[-2,-4],[-3,1],[-4,7],[0,3],[3,4],[5,2],[3,4],[1,-2]],[[6264,1544],[1,-9],[-3,-2],[-2,3],[-2,13],[0,9],[2,3],[4,-3],[0,-14]],[[6382,1656],[1,-6],[-1,-6],[-3,3],[0,8],[3,1]],[[6363,1500],[1,-7],[-2,-1],[-2,-3],[-1,7],[2,4],[2,0]],[[6319,1637],[-4,1],[1,7],[3,2],[2,-3],[-2,-7]],[[6310,1649],[-1,-6],[-3,-2],[0,7],[2,3],[2,-2]],[[6383,1670],[-2,-1],[0,9],[2,-2],[0,-6]],[[6277,1523],[-4,-5],[0,5],[2,4],[2,-4]],[[1082,8196],[-6,-16],[-8,-21],[-9,-27],[-4,-5],[0,-6],[-8,-19],[-1,-5],[-14,-32],[-2,-6],[-2,1],[-3,-12],[-7,-11],[-6,0],[-6,-7],[-7,0],[0,2],[-5,7],[-3,-3],[-2,11],[-4,-1],[-1,-6],[-5,0],[-3,-4],[-4,-7],[-2,-11],[-3,-3]],[[967,8015],[-4,7],[3,8],[1,15],[-3,-5],[0,-7],[-3,-7],[-1,1],[-2,-4],[-2,1],[3,19],[-4,-4],[-2,-7],[-1,-7],[-3,-1],[-1,2],[-4,-4],[-6,3],[-4,-3],[0,7],[-2,-1],[-5,-12],[-2,-1],[-3,-6],[-5,3],[-2,-4],[-2,-8],[-1,3],[-5,2],[-1,11],[-2,5],[-2,4],[-4,4],[-2,-4],[-4,1],[-1,3],[-2,-1],[-4,8],[-2,7],[0,4]],[[883,8047],[0,5],[0,19],[4,15],[3,4],[3,2],[1,9],[2,10],[3,4],[5,17],[3,4],[3,7],[2,2],[1,9],[3,9],[5,7],[1,7],[1,5],[0,8],[1,2],[1,7],[1,2],[5,4],[2,5],[1,0],[5,9],[4,0],[2,-8],[4,2],[1,7],[2,2],[1,8],[5,5],[1,3],[4,1],[3,9],[0,7],[4,4],[3,8],[2,4],[0,10],[2,7],[2,1],[2,8],[2,1],[2,6],[4,18]],[[989,8322],[2,0],[0,-12],[-3,0],[0,-13],[3,7],[3,3],[2,0],[1,8],[-1,6],[3,8],[0,6],[-4,11],[4,10],[3,2],[4,-8],[2,-7],[10,0],[2,12],[4,6],[4,10],[2,11]],[[1030,8382],[2,-3],[0,-5],[2,-12],[3,-7],[3,-15],[3,-7],[3,-13],[7,-14],[2,-5],[3,3],[2,0],[3,-17],[4,-15],[5,-9],[3,-6],[5,-6],[-1,5],[3,2],[1,-13],[-1,-18],[0,-31]],[[1042,8291],[-3,0],[1,-5],[-7,0],[3,-17],[1,-6],[-4,0],[-2,-6],[0,-10],[5,-12],[6,4],[2,-3],[3,3],[2,5],[-1,11],[-3,3],[-2,6],[-1,9],[1,4],[2,1],[0,17],[-3,-4]],[[9532,3712],[17,1],[18,-6],[22,-53],[37,-66],[45,-40],[29,-21]],[[9700,3527],[-34,-121],[-26,-93],[-24,-85],[-24,-37],[-44,-67],[-1,-107],[-2,-153],[-1,-152],[-2,1],[-1,-7],[-2,-2],[-6,-14],[-1,-5],[-4,-9],[-7,0],[-6,2],[-2,-2],[-7,-19],[-1,-1],[-10,4],[-4,-4],[-2,-4],[-2,-15],[-3,-4],[-2,-8]],[[9482,2625],[-2,7],[-3,10],[-4,15],[-6,15],[-4,9],[-5,14],[-8,16],[-1,7],[-3,4],[-10,25],[-2,9],[0,3],[3,11],[-5,17],[-4,37],[-2,21],[0,8],[3,6],[-5,26],[-2,4],[-3,18],[0,10],[-2,5],[-5,26],[-1,11],[-3,13],[-4,18],[0,4],[-2,3],[-4,8],[-1,10],[1,19],[1,7],[4,1],[1,8],[-2,7],[-9,7],[-9,0],[-3,3],[-3,9],[-1,17],[0,13],[4,6],[0,9],[-2,4],[-3,1],[-5,0],[-7,-8],[-2,-7],[-3,5],[-1,5],[-1,6],[0,9],[-2,4],[-1,12],[0,12],[-1,4],[-1,17],[1,10],[1,15],[3,13],[2,2],[2,13],[0,3],[-5,6],[-3,7],[-7,0],[-2,3],[-5,13],[-5,14],[-1,3],[-4,11],[-2,10],[-2,2],[-5,15],[-1,8],[-3,2],[-1,5],[-3,-1],[-1,-4],[-3,-5],[-1,1],[-7,-3],[-2,5],[-7,5],[-4,-8],[-3,3],[-2,9],[1,12],[2,9],[2,6],[0,7],[-2,10],[-4,5],[-6,16],[-1,4],[0,10],[-2,2],[-5,6],[-3,-4],[-5,9],[-3,1],[-9,10],[-2,7],[1,7],[0,6]],[[9246,3465],[5,6],[2,0],[4,-2],[3,2],[2,4],[0,8],[-5,5],[-1,4],[0,8],[4,5],[2,0],[2,5],[1,9],[2,4],[0,4],[6,5],[6,6],[12,19],[6,12],[6,15],[-1,30],[-16,36],[-11,9],[-8,16],[-8,36],[-8,46]],[[9251,3757],[20,7],[18,8],[26,12],[9,0],[11,5],[32,-18],[6,-1],[44,-28],[53,-29],[13,-8],[16,0],[23,7],[10,0]],[[4399,1592],[-2,-5],[1,-9],[-1,-3],[-1,-8],[-1,-10],[-2,-9],[2,-23],[-1,-10],[3,-12],[0,-8],[0,-12],[-3,-11],[0,-12],[3,-8],[0,-5],[1,-6],[0,-9],[-1,-11]],[[4397,1421],[-2,7],[-2,-2],[-2,-1],[-4,-7],[-3,-4],[0,-19],[-2,-6],[1,-10],[-1,-5],[2,-13],[1,-4],[0,-14]],[[4385,1343],[-2,-14],[3,-5],[2,-8],[3,-3],[0,6],[1,3],[-1,8],[1,2],[2,-18],[2,-11],[-3,-8],[-1,-9],[-5,-6],[-6,-4],[-10,1],[-3,1],[-5,6],[-1,6],[1,6],[4,2],[2,5],[1,6],[3,2],[2,6],[5,-1],[1,10],[0,5],[-2,6],[1,10],[1,3],[-1,10],[-1,5],[-4,17],[-4,10],[-4,6],[-1,4]],[[4366,1402],[1,7],[3,8],[2,1],[2,-4],[2,4],[2,9],[-1,1],[0,7],[2,12],[1,15],[1,5],[1,5],[2,10],[0,7],[-1,1],[0,13],[0,8],[2,5],[2,-2],[0,-10],[1,-5],[-1,-10],[1,0],[1,13],[1,6],[1,15],[-1,13],[0,7],[0,10],[-3,11],[1,5],[0,12],[1,5],[0,10],[-1,10],[-3,11],[1,10],[-1,5]],[[4385,1632],[4,-2],[6,6]],[[4395,1636],[2,-7],[1,-2],[1,-9],[-1,-6],[0,-10],[1,-10]],[[4529,5095],[-1,-3],[-2,-1],[-1,-3],[-5,-12],[-1,-7],[1,-9],[0,-11],[1,-6],[-1,-8],[-1,-8]],[[4519,5027],[-1,-4],[-6,-10],[-2,-15],[-1,-9],[-2,-4],[-3,-4],[-3,-5],[-2,3],[-1,4],[-2,4],[-1,15],[-3,5],[1,13],[0,2],[-10,2],[-5,2],[-3,4],[-1,8],[-1,0],[-4,2],[-3,-2],[-3,3],[-4,6],[-6,5],[-6,0],[-6,4],[-7,7],[-3,1]],[[4431,5064],[-3,4],[-3,5],[-3,3],[-2,6],[-1,6],[-3,3],[-3,-4],[1,20],[0,7],[3,-1],[2,3],[3,7]],[[4422,5123],[4,10],[5,14],[10,15],[3,8],[5,4],[4,8],[2,13],[2,7],[4,7],[9,10],[2,6],[1,10],[1,4],[2,0],[4,-6],[4,4],[2,11],[2,6],[3,11],[4,11],[2,8],[1,9],[-1,10],[2,7],[0,12],[2,9]],[[4501,5331],[3,3],[3,-6],[-1,-9],[-4,-6],[0,-3],[2,-9],[1,2],[3,-8],[5,0],[2,5],[4,3],[1,-4],[3,-6],[3,-3],[-1,-13],[-1,-5],[-3,-2],[-1,-5],[0,-19],[0,-10],[0,-12],[-2,-8],[0,-4],[2,-5],[-1,-4],[1,-6],[2,-1],[-1,-9],[2,-11],[0,-3],[4,-20],[3,-1],[-1,-5],[-2,-2],[-2,-5],[0,-7],[1,-7],[2,-10],[3,-2],[-2,-7],[1,-6],[-1,-6]],[[2769,2480],[-2,-9],[0,-16],[0,-13],[3,-9],[0,-11],[1,-4],[-2,-20],[11,-8],[5,-2],[1,2],[3,-3],[4,1],[3,3],[3,-1],[2,7],[3,0]],[[2804,2397],[1,-8],[-4,-2],[-2,-6],[3,-5],[1,-9],[-1,-7],[1,-12],[5,1],[0,-4],[-2,-7],[-6,-1],[-1,3],[-3,-1],[-3,-5],[-3,-1],[-3,-4],[0,-7],[-1,-7],[-4,-5],[-1,-9],[1,-8],[-1,-9],[-2,-8],[-3,-2],[-1,3],[-2,-1],[0,-6],[-1,-2],[-3,0],[-2,2],[-5,-18],[2,-8],[-1,-4],[-4,-5],[0,-6],[1,-7],[6,-9],[0,-5],[-3,-9],[0,-15],[-3,3],[-4,-1],[-5,-2],[0,7],[-2,6],[-1,0],[-3,-7],[-4,1],[-1,-3],[-3,-1],[0,9],[-1,6],[-4,3],[-2,8],[-3,7],[-3,-3],[-2,3],[-3,-2],[-5,-1],[-4,3],[-1,-3]],[[2709,2217],[-2,3],[-2,-5],[-4,0],[-1,2],[-2,-2],[-4,4],[-2,3],[-9,8],[-2,-2],[-2,7],[0,6],[-2,2],[-1,6],[-5,-4],[-2,1],[-9,0],[1,8],[5,6],[0,3],[3,5],[1,4],[2,0],[1,4],[1,7],[0,10],[-1,3],[0,9]],[[2673,2305],[3,-1],[5,1],[3,-4],[1,0],[5,-4],[1,2],[3,6],[0,10],[3,10],[0,7],[2,4],[4,4],[1,-2],[5,1],[1,16],[-1,3],[0,7],[2,4],[1,12],[2,1],[1,-2],[2,8],[1,3],[0,4],[3,10],[-2,2],[1,9]],[[2720,2416],[1,2],[3,-1],[0,-5]],[[2724,2412],[0,-2],[4,-12],[4,-6],[2,-1],[5,1],[6,-3],[2,1],[3,-2],[8,-1],[3,5],[-1,4],[3,15],[0,7],[3,9],[-3,4],[-2,-3],[0,6],[-2,0],[-1,-7],[-1,-1],[-3,5],[-3,3],[-1,4],[-2,-6],[-3,0],[-3,8],[-1,13],[1,1]],[[2742,2454],[3,4],[4,10],[7,2],[1,-4],[1,-3],[2,5],[3,8],[0,5]],[[2763,2481],[2,-2],[4,1]],[[2673,2305],[0,7],[-2,7],[-2,-2],[-2,6],[-2,2],[-3,8],[-2,7],[-2,1],[-4,-2],[0,-4],[-5,1],[-4,-2],[3,24],[-2,9],[0,12],[1,9],[2,3],[4,8],[1,6],[2,0],[5,7],[2,0],[4,2],[3,8],[2,2],[4,11],[4,1],[0,7],[1,5],[-1,8],[-1,-3],[-2,1],[-1,10],[-1,9],[-1,1]],[[2674,2474],[1,6],[-1,7],[-2,4],[-3,6],[1,9],[0,5],[3,5],[0,-6],[4,-5],[0,5],[2,3],[0,5],[-2,6],[0,6],[2,6],[1,8],[1,4],[3,-3],[1,1]],[[2685,2546],[2,6],[1,0],[3,-3],[3,4],[2,-1],[2,-6],[4,1],[2,-2],[3,-8],[5,-12],[1,1],[4,-5],[2,-3],[2,-9],[2,-1],[3,-6],[3,2],[1,6],[0,15],[3,6],[2,-2]],[[2735,2529],[1,-1],[1,-11],[-1,-7],[4,1],[2,-8],[6,0],[3,-2],[4,-13],[3,4],[4,-5],[1,-6]],[[2742,2454],[-1,4],[-2,0],[-4,4],[-1,-9],[-3,-4],[-1,-10]],[[2730,2439],[-2,5],[1,7],[-4,8],[0,8],[-2,0],[-2,-9],[1,-5],[-2,-4],[-4,-20],[3,-8],[1,-5]],[[5879,5552],[-5,17],[-2,12],[1,27],[2,17],[-4,11],[-2,4],[-1,8],[3,7],[3,1],[-1,9],[4,1],[0,7],[-2,11],[-3,23],[-5,7]],[[5867,5714],[1,3],[3,-2],[3,-6],[2,11],[8,19],[1,10],[2,9],[0,11],[-1,6],[0,8],[-3,4],[0,6],[-6,19],[-2,21],[-3,12],[-2,-12],[-3,-1],[0,6],[-5,6],[-4,2],[-4,3],[1,-7],[-3,-2],[-3,10],[0,5],[-1,6],[-2,3],[-3,-1],[-1,3],[-1,8],[-2,-1],[-1,6],[-1,10],[0,3],[-2,8],[-1,7],[0,13],[-1,2],[1,13]],[[5834,5935],[2,1],[4,-5],[3,0],[3,-8],[3,2],[4,-2],[3,4],[1,6],[4,4],[1,6],[1,7],[1,0],[2,6],[2,-2],[2,3],[4,-6],[5,-3],[2,2],[5,-7],[3,3],[2,6],[4,11],[2,9],[1,7],[-1,11],[0,9],[4,8],[1,5],[-2,3],[-1,4],[1,7],[4,4],[2,-3],[2,11],[2,4],[2,-3],[3,4],[6,-2],[2,2],[5,-3],[2,1],[3,-2],[4,9],[3,-4],[1,0],[3,5],[5,-5],[1,2],[5,-2],[4,6],[2,5],[4,4],[2,-1],[5,-6],[5,2],[2,-6],[0,-4],[4,2],[1,-1],[3,1],[5,-2],[2,6],[2,0],[3,7],[4,-4],[3,-8],[1,-5],[3,-6],[3,-1],[2,-5],[2,1],[7,-2],[4,6],[6,12],[3,4],[7,-3],[4,2],[1,4],[3,2],[1,-5],[3,3],[9,2],[3,8],[6,0],[1,6],[-4,1],[-1,3],[-7,-1],[-1,2],[-3,0],[-1,8],[-3,3],[-1,3],[-4,-1],[0,2],[-3,0],[-2,2],[-2,2],[-2,-3],[-5,2],[-4,5],[-5,11],[-2,1],[-2,9],[4,-2],[4,0],[2,-3],[2,0],[3,5],[2,7],[0,4],[1,5],[3,2],[3,-4],[3,-2],[1,7],[2,1],[2,-2],[2,-5],[3,2],[1,6],[5,-1],[1,5],[4,-5],[0,-7],[4,3],[0,5],[2,3],[3,2],[0,-4],[4,7],[2,6],[4,2],[2,2],[2,10],[0,5],[2,3],[6,-8],[5,5],[6,-4],[1,1],[4,-6],[3,1],[4,8],[2,0],[4,-6],[5,-2],[3,2],[2,-2],[9,-16],[1,0],[8,-9],[1,-4],[4,-3],[2,-5],[3,2],[3,-7],[-5,-5],[-1,-4],[2,-5],[1,-8],[5,-11],[0,-5],[3,6],[2,-3],[-1,-4],[0,-8],[-2,-4],[1,-5],[2,2],[1,-5],[2,-8],[-2,-2],[-1,-12],[-2,-4],[0,-15],[2,-4],[-2,-7],[-3,-5],[-3,-5],[0,-10],[-1,0],[-2,-9],[1,-8],[-2,-6],[0,-13],[2,-7],[-4,-17],[0,-6],[-1,-13],[-4,-14],[-4,-6],[-3,-4],[-3,-1],[-4,2],[-2,3],[-4,0],[-1,4],[-2,8],[-1,8],[-3,6],[-5,5],[-3,11],[-4,9],[-4,3],[-2,-2],[-2,3],[2,7],[-2,7],[0,9],[-1,7],[2,2],[2,6],[-4,9],[-1,8],[-6,12],[-2,-6],[-3,-5],[0,-5],[-2,0],[-2,-5],[0,-14],[-4,-2],[-1,3],[0,9],[-2,-5],[0,-6],[2,-2],[0,-5],[-3,0],[-5,6],[-4,-1],[-7,-6],[-3,-1],[-2,-3],[-5,-2],[-1,-3],[-4,-2],[-2,4],[-2,0],[-9,-6],[0,-2],[-4,-3],[-3,-9],[1,-5],[-2,-7],[2,-9],[1,-7],[-7,-27],[-4,-7],[-1,-6],[-3,-9],[-2,-9],[-1,-8],[0,-11],[-2,-3],[-3,3],[-6,-3],[0,-7],[0,-5],[-1,-4],[-4,-3],[-1,4],[0,-17],[-2,-5],[2,-11],[-1,-9],[-3,-3],[-4,-4],[-7,-9],[-2,-3],[2,-5],[0,-6],[-1,-5],[-1,-10],[-2,-2],[-4,-14],[-5,-5],[-3,-8],[-1,-7],[0,-5],[-1,-6],[-3,-7],[-3,-5],[-6,-11],[-3,-6],[0,-6],[-2,-4],[1,-5],[-4,-16],[-5,-8],[-2,-6],[-4,-3],[-4,-1],[-4,-6],[-5,-10],[-1,-4],[-2,-2],[-3,-8],[-2,0],[-5,-12],[-2,-6],[-4,-3],[-5,1],[-8,-2],[-3,-1],[-7,-2],[-6,0]],[[5997,6222],[2,-12],[-3,-1],[-3,0],[-1,-4],[-5,-4],[-2,5],[-3,4],[-2,-3],[-1,5],[2,4],[8,0],[4,5],[4,1]],[[6120,5828],[4,-1],[1,-2],[1,-9],[2,-7],[2,-5],[1,-12],[5,-8],[1,-4],[-3,-3],[-2,-9],[-1,-10],[-2,-3],[-4,8],[0,-7],[1,-10],[-1,-5],[-2,-6],[1,-7],[4,-12],[2,-13],[1,5],[1,-4],[0,-5],[2,-8],[-1,-5],[3,-5],[0,4],[3,1],[2,4],[1,7],[3,7],[0,6],[-1,3],[0,9],[2,9],[5,5],[2,5],[0,9],[2,8],[3,9],[4,15],[4,4],[2,-2],[1,-7],[2,7],[1,-1],[0,-6],[-1,-5],[0,-5],[1,-4],[2,2],[0,-5],[3,-3],[3,1],[-2,12],[1,6],[3,-2],[4,-5],[1,-9],[2,-3],[2,-1],[4,5],[3,-7],[2,0],[4,-4],[0,-7],[0,-10],[0,-13],[-1,-7],[-3,-5],[-1,-7],[1,-8],[-1,-6],[0,-10],[-1,-5],[-1,-12],[-4,-15],[-2,-5],[-2,-2],[-3,6],[-1,-8],[0,-5],[0,-11],[-2,-2],[-1,-8],[-4,7],[0,-8],[-3,3],[-3,-4],[-1,-3],[-2,7],[-2,8],[-4,2],[-1,-2],[-1,-10],[-1,2],[-1,19],[-1,5],[-4,12],[-1,10],[-1,9],[-1,4],[-3,3],[-4,-7],[0,-9],[-1,-4],[-2,2],[-2,-4],[0,-12],[-1,-3],[1,-9],[-2,-1],[0,-10],[0,-7],[0,-10],[-2,-15],[1,-10],[0,-6],[1,-5],[2,-8],[0,-10],[-1,-7],[-2,-6],[-2,2],[-1,16],[0,6],[0,6],[-5,-8],[-2,-4],[-1,3],[-4,-13],[-1,2],[-2,-5],[-2,0],[1,5],[-1,10],[-4,4],[-1,-3],[-3,0],[-3,5],[-1,7],[1,7],[1,8],[5,3],[5,12],[4,3],[3,14],[-2,8],[1,11],[-1,2],[-1,14],[-1,2],[0,7],[1,6],[-1,4],[1,14],[-1,7],[-1,2],[-1,10],[0,7],[0,6],[0,10],[0,16],[-2,2],[-2,-2],[-2,-8],[-2,-3],[-1,9],[-1,-6],[-2,-11],[-3,-10],[-1,-6],[-3,-7],[0,-5],[-3,-6],[0,-6],[-3,-11],[-1,-2],[0,-10],[-2,-2],[0,-10],[-2,-18],[-2,-8],[-1,1],[-1,-9],[-2,1],[-2,-5],[-3,-9],[-1,-5],[-2,3],[-3,-5],[-2,-10],[-1,-8],[-2,-7],[-2,-4],[-6,-1],[-3,3],[-1,5],[-3,5],[0,7],[1,4],[0,5],[-2,10],[-1,3],[0,6],[-3,3],[0,6],[0,4],[-4,8],[-2,-5],[-2,7],[1,5],[-1,6],[0,6],[0,3],[1,5],[0,7],[-1,5],[2,28],[1,8],[0,6],[3,8],[-1,9],[2,8],[1,10],[2,9],[6,8],[2,6],[0,4],[2,9],[0,7],[4,10],[0,5],[3,6],[3,-3],[2,1],[2,-2],[2,-5],[3,-12],[1,0],[1,7],[2,0],[2,4],[5,4],[3,7],[3,0],[8,5],[4,5],[2,-2],[2,-9],[2,-6],[3,-12],[4,16],[1,19],[1,1]],[[6153,5787],[-2,-11],[1,-7],[-2,-14],[-2,-6],[-1,8],[-3,28],[-1,4],[0,11],[6,12],[3,0],[2,-7],[0,-5],[-1,-13]],[[6198,5634],[3,-6],[1,-5],[-1,-5],[1,-5],[1,-9],[1,-5],[1,-8],[-2,-9],[1,-7],[0,-11],[1,-4],[3,-5],[3,2],[2,6],[1,-5],[2,0],[0,-6],[2,-5],[-2,-12],[1,-7],[-2,-5],[0,-7],[1,-13],[-2,-3],[-1,-6],[-2,-1],[-2,3],[-1,-9],[-3,-1],[-2,6],[-1,-4],[-3,-1],[0,5],[-2,4],[-3,-4],[-5,3],[-1,18],[-1,9],[-1,7],[0,8],[1,-1],[1,7],[-1,5],[1,10],[3,0],[0,11],[-1,4],[-3,5],[0,14],[1,7],[2,2],[1,3],[0,12],[2,7],[1,-2],[1,-6],[3,1],[0,9],[-1,6],[1,3]],[[6106,5458],[5,-3],[-1,-8],[4,-5],[1,-9],[-1,-9],[1,-4],[-1,-10],[-2,-6],[-3,-2],[-3,-4],[-2,-10],[-1,-4],[-2,-9],[-1,-3],[-4,-3],[-2,2],[-1,5],[2,14],[1,4],[-1,7],[1,16],[0,8],[1,2],[1,9],[4,26],[2,4],[2,-8]],[[6254,5392],[4,-5],[0,-6],[4,-9],[0,-4],[3,-6],[0,-4],[3,-9],[1,-7],[1,-5],[0,-15],[-1,-5],[-3,10],[-1,1],[0,-11],[-4,-5],[-5,12],[-1,7],[-2,4],[0,10],[1,8],[-3,7],[1,9],[-1,9],[1,3],[-1,8],[2,6],[1,-3]],[[6165,5519],[2,-11],[0,-17],[-5,-4],[-3,-8],[-3,2],[-1,-4],[0,-5],[-3,-9],[-1,-9],[-5,-8],[-4,1],[2,19],[2,9],[1,2],[4,15],[3,6],[2,7],[1,3],[3,7],[2,3],[3,1]],[[6270,5320],[2,-7],[2,-5],[0,-5],[1,-7],[3,-16],[-2,-7],[-2,3],[-3,7],[-4,1],[0,7],[1,5],[-1,4],[2,9],[0,6],[1,5]],[[6243,5357],[0,-5],[-5,-5],[-3,3],[0,7],[2,8],[0,7],[3,8],[0,4],[2,1],[0,-6],[1,-4],[0,-12],[0,-6]],[[6302,5433],[-1,-3],[2,-5],[2,-8],[2,-17],[0,-11],[-1,-2],[-2,3],[-3,18],[-1,12],[-2,10],[2,7],[2,-4]],[[6338,5476],[2,-14],[-1,-3],[-3,-9],[-1,6],[2,6],[0,8],[-4,-1],[-1,-6],[-1,12],[2,6],[4,-1],[1,-4]],[[6250,5321],[3,-8],[0,-6],[-1,-7],[-3,-9],[-2,12],[1,7],[1,1],[1,10]],[[6225,5382],[-1,-5],[1,-12],[2,-15],[-1,-5],[-2,3],[-1,15],[1,3],[-1,10],[2,6]],[[6184,5202],[0,-6],[-3,-5],[-3,-2],[-6,-7],[-1,0],[-2,11],[1,3],[2,-9],[5,6],[1,-1],[5,5],[1,5]],[[6230,5394],[0,-3],[3,-15],[-1,-7],[-2,0],[0,5],[-2,6],[-1,9],[3,5]],[[6234,5407],[1,-6],[-4,-1],[1,6],[2,1]],[[6188,5362],[1,-6],[-4,-3],[-1,4],[1,4],[3,1]],[[6115,5193],[-1,1],[1,12],[2,3],[1,-6],[-3,-10]],[[6228,5229],[3,-1],[0,-7],[-2,-2],[-1,10]],[[6279,5323],[1,-2],[-1,-7],[-3,0],[3,9]],[[6249,5404],[1,-11],[-2,0],[-1,5],[2,6]],[[6203,5269],[2,0],[0,-6],[-2,-1],[-2,4],[2,3]],[[6250,5382],[2,-11],[-2,1],[0,10]],[[2421,5276],[-3,-8],[-2,4],[3,7],[0,4],[-2,6],[-1,1],[-4,-7],[-5,-4],[-6,3],[-4,-4],[1,-9],[1,-2],[-2,-9],[3,-3],[2,-4],[4,-1],[2,-5],[0,-5]],[[2408,5240],[-4,-7],[-1,-7],[-3,-1],[-1,-6],[-2,-4],[-1,-5],[-3,-8],[0,-4],[-7,-4],[-3,-5],[0,-7],[-4,-2],[-1,3],[-2,8],[-2,3],[-3,6],[0,-8],[0,-2],[0,-9],[-2,-4],[2,-14],[0,-20],[-2,-2],[-2,-10],[-1,-6],[-3,2],[-4,1],[-2,-3],[-2,-1],[-1,-3],[-3,-2],[-1,-7],[-4,-6]],[[2346,5106],[0,5],[2,11],[1,3],[1,5],[0,13],[-3,7],[0,8],[-5,17],[0,10],[1,5],[-1,10],[1,10],[0,8],[-2,12],[-5,6],[0,4]],[[2336,5240],[1,5],[0,18],[-2,-1],[-1,11],[2,6],[-1,6],[-1,1],[0,8],[2,5],[2,11],[0,10],[2,9],[-1,3],[-4,5],[-1,4],[0,11],[-2,9],[-5,-3],[-3,11],[0,7],[-2,4],[2,7],[2,0],[2,3],[1,7],[4,10],[0,4],[2,8],[-2,7],[0,5],[3,3],[-1,5],[0,10],[-2,5]],[[2333,5454],[5,9],[2,-4],[1,-8],[-1,-7],[2,-6],[3,0],[2,-3],[3,4],[0,2],[-2,8],[-4,6],[-1,11],[-3,8],[-2,6],[-1,1],[-2,5],[-1,7],[-2,17],[3,3],[1,13],[0,7],[-1,6],[-5,4],[2,6],[0,7],[-5,18],[1,9],[-1,12],[-3,9],[4,0],[7,-2],[8,-1],[5,1],[7,5],[1,0],[6,2],[2,5],[0,5],[7,-4],[0,-7],[-2,-1],[0,-9],[4,-8],[5,-5],[3,2],[1,4],[3,-4],[1,-3],[3,-4],[2,-5],[4,-9],[4,-5],[0,-3],[-1,-4],[-3,-1],[-1,-3],[-1,-10],[0,-10],[0,-8],[3,-14],[1,-6],[5,-10],[0,-7],[2,-11],[2,-5],[3,-1],[-2,-11],[2,-3],[4,-10],[3,-3],[-2,-6],[1,-11],[3,-13],[3,-8],[5,-3],[0,-8],[3,-5],[-1,-7],[-4,-8],[-1,-19],[-1,-4],[0,-4],[-1,-17],[2,-24],[1,-19],[-1,-12],[-2,3]],[[2336,5240],[-2,2],[-4,7],[-3,2],[-6,-1],[-2,-2],[-3,4],[0,-3],[-3,6],[-1,1],[-3,-2],[-5,0],[-5,-2],[0,7],[-2,7],[-2,3],[-7,7],[-3,-4],[-3,4],[-2,-3],[-7,-9],[-5,-13],[-1,-5],[-3,6],[-2,3],[-2,-1],[-3,-4],[-3,-2],[-4,6],[-3,0],[-2,-5],[-2,1],[-2,-3],[-5,-13],[-2,3],[0,6],[-5,17],[-2,14],[-2,6],[-4,6],[-3,0],[-4,-4],[-5,-1],[-1,2],[-3,0],[-2,-2],[-4,-7],[-1,9],[0,8],[-1,12],[-2,9],[3,15],[2,13],[-2,5],[0,4],[5,6],[3,12],[4,3],[2,3],[5,2],[4,3],[3,6],[5,3],[4,7],[2,6],[5,5],[4,8],[7,15],[4,17],[2,15],[0,5],[-2,11],[1,5],[-4,10],[-4,3],[-3,7],[2,10],[3,3],[-1,4],[-3,2],[-1,5],[3,6],[2,0],[2,4],[2,2],[1,4],[1,14],[1,1],[5,1],[3,7],[5,14],[0,3],[3,4],[5,-2],[1,2],[4,-3],[4,0],[4,4],[1,4],[2,11],[3,-1],[4,4],[1,-2],[-1,-8],[1,-5],[2,-6],[0,-9],[2,-7],[0,-11],[1,-10],[2,-4],[1,-5],[3,-5],[5,-3],[4,1],[5,5],[0,-6],[-3,-8],[-1,-4],[-4,-10],[-2,-4],[-2,-9],[-2,-2],[1,-11],[-1,-6],[2,-1],[2,-10],[2,-2],[3,-8],[5,-1],[6,1]],[[2532,4902],[-2,-16],[-1,-7],[-5,-36],[-2,-11],[-2,-14],[-3,-21],[0,-16],[0,-11],[2,-10],[1,-4],[7,-7],[6,-2],[2,1],[1,-8],[3,-8],[3,-1],[7,-1],[1,-5],[-3,-10],[1,-11],[2,-4],[-4,-14],[-1,-1],[-3,-6],[-7,1],[-2,-5],[-2,2],[-1,5],[-3,4],[-3,-1],[-4,-3],[-2,7],[-3,-1],[-4,-4],[-3,-7],[-8,-10],[-3,5],[-2,10],[2,11],[-1,6],[-4,14],[-2,6],[-6,8],[1,6],[-2,9],[-1,7],[-4,4],[-6,1],[0,-4],[-4,3],[-4,-2],[-4,4],[0,7],[-2,12],[-5,9],[-2,6],[-5,4],[-7,0],[-1,4],[-4,6],[-3,2],[0,2],[-4,3],[-7,-2],[-3,8],[-3,7],[-4,6],[-2,2],[-7,3],[-6,-1],[-3,3],[-5,3],[-3,3],[-2,1],[-5,-3],[0,5],[2,12],[-2,10],[-3,7],[-3,12],[-1,19],[-2,8],[-1,8],[0,10],[-3,17],[2,11],[0,8],[-1,6],[1,5],[3,14],[1,10],[2,6],[3,4],[-1,5],[0,12],[0,18]],[[2374,5047],[5,1],[6,0],[1,4],[3,5],[0,5],[5,5],[2,-1],[2,-10],[0,-4],[-4,-8],[0,-9],[1,-8],[0,-5],[4,-3],[2,5],[0,10],[2,-5],[3,1],[3,4],[4,2],[1,-6],[1,-2],[4,0],[-1,4],[5,5],[4,1],[4,10],[6,2],[2,-4],[-2,-4],[0,-14],[-5,-11],[0,-23],[0,-5],[3,-1],[2,-3],[1,-4],[4,-2],[3,6],[2,-1],[5,6],[2,10],[4,2],[2,-3],[1,3],[2,-1],[4,1],[2,-1],[1,-7],[1,-4],[6,-1],[4,3],[5,2],[1,3],[1,-10],[-2,-5],[-1,-9],[0,-11],[4,-3],[6,0],[1,-6],[-1,-11],[0,-5],[4,-2],[1,8],[2,-4],[4,-2],[0,-2],[3,-1],[3,-4],[4,-5],[1,-5],[2,-3],[7,-3],[1,-11],[1,-3],[3,-1],[1,3]],[[2563,4801],[3,-5],[3,-3],[0,-4],[3,-7],[7,-7],[3,0],[4,-8],[-1,-12],[-5,-25],[0,-9],[2,-4],[-6,-2],[-2,-4],[-1,5],[-6,1],[-1,3],[-6,3],[-3,12],[-4,5],[-4,4],[-5,8],[-1,5],[3,4],[1,10],[0,6],[7,5],[3,6],[1,0],[3,9],[2,4]],[[2618,4840],[1,-4],[-1,-7],[3,0],[4,-11],[1,-10],[-2,-14],[0,-8],[-2,3],[-5,-1],[-3,7],[-2,7],[-2,1],[0,5],[2,4],[0,8],[4,11],[1,9],[1,0]],[[2548,4812],[1,-5],[2,-3],[-1,-7],[-2,-7],[-3,2],[0,8],[3,5],[0,7]],[[2572,4826],[2,1],[0,-9],[-3,0],[-3,4],[2,5],[2,-1]],[[2540,4747],[3,-3],[-1,-6],[-2,-1],[-1,4],[1,6]],[[2555,4803],[2,-4],[-2,-4],[-1,1],[-1,5],[2,2]],[[2408,5240],[6,-6],[3,5],[5,-9],[1,3],[3,0],[1,4]],[[2427,5237],[3,-18],[1,-3],[2,-11],[0,-11],[2,-13],[3,-10],[-1,-5],[0,-5],[0,-13],[2,-5],[1,-13],[5,-14],[4,-23],[5,-18],[1,1],[4,-14],[3,-7],[4,-5],[4,-5],[4,-3],[2,1],[4,-2],[3,2],[2,2],[4,-6],[3,-8],[5,-4],[9,-5],[5,-5],[17,-8],[12,-5],[3,-2],[9,-6],[19,-9],[0,-6],[-1,-3],[-3,-1],[-1,6],[-3,-1],[-3,-4],[-4,-12],[-2,5],[-3,-6],[-5,-12],[-4,-8],[-2,-11],[-2,-4],[-3,-15],[-1,-6],[-2,-7]],[[2374,5047],[-2,6],[-3,9],[-7,10],[-2,0],[-8,10],[-1,10],[-2,8],[-3,6]],[[2343,5088],[2,-3],[0,-6],[-3,-1],[1,10]],[[3937,2432],[0,-7],[-2,0],[0,-6],[0,-13],[-2,3],[-3,-8],[2,-7],[1,-10],[-1,-7],[4,1],[3,5],[3,-5],[-1,-5],[-1,-7],[0,-5],[-1,-6],[-1,-7],[-3,2],[0,-9],[-1,-7],[1,-4],[1,-8],[-3,-2],[2,-13],[-2,-2],[0,-5],[-1,-6],[-2,-4],[1,-13],[-1,-1],[-3,4],[-2,-7],[-3,-1],[0,-7],[-2,-5],[3,-3],[-3,-4],[-2,-10]],[[3918,2243],[-3,2],[-2,2],[-4,-1],[-1,3],[-4,2],[-2,0],[-3,4],[-1,0],[-5,4],[-2,1],[-2,3],[-3,1],[-1,3],[-5,6],[-4,-2],[-7,4],[-3,1],[-2,-2],[-3,1],[-4,-6],[-8,-2],[-4,4],[-3,7],[1,4],[2,20],[1,10],[-4,0],[-3,12],[0,2],[0,9],[0,7],[2,8],[1,1],[5,-6],[2,1],[4,12],[6,9],[3,7],[7,23],[3,13],[0,6],[-1,5],[1,4],[2,-6],[2,3],[1,8],[4,3],[5,1],[3,-2],[3,0],[7,4],[4,-1],[2,2],[3,0],[1,2],[6,-1],[4,2],[2,-3],[2,2],[3,-1],[3,-3],[3,-1],[3,-3],[2,1]],[[4395,1636],[2,12],[0,14],[0,6],[0,5],[2,1],[3,6],[2,2],[2,-5],[2,1],[2,-2],[4,11],[3,0],[1,5],[1,-2],[4,-1],[0,-7],[3,-1],[1,-4],[2,-5],[0,-2],[4,-5],[1,1],[3,0],[2,5]],[[4439,1671],[3,-5],[1,-5],[-2,-4],[-2,-8],[2,-5],[1,-8],[2,-5],[-2,-2],[-2,-6],[-2,-4],[0,-4],[-3,-18],[0,-8],[-2,-2],[0,-8],[-2,-6],[-1,-9],[2,-9],[1,-11],[2,-3],[-1,-20],[-3,-17]],[[4431,1504],[-2,2],[-3,0],[-2,-9],[-1,-8],[-1,-2],[-1,-11],[1,-6]],[[4422,1470],[-3,-2],[-2,0],[-2,20],[0,4],[0,19],[-2,8],[3,14],[0,6],[1,11],[0,11],[-1,5],[0,8],[0,8],[-5,2],[-1,-4],[-2,1],[-1,9],[-1,2],[-4,-9],[-1,6],[-2,3]],[[4465,4835],[0,-6],[3,-6],[0,-7],[2,-6],[0,-7],[3,-3],[1,-3],[-3,-11],[-1,-11],[-2,-6],[-3,-2],[-2,2],[-3,-25],[-4,-10],[0,-18],[6,-9],[4,-1],[0,-8]],[[4466,4698],[-2,-8],[-5,-8],[-2,-10],[-5,-12],[-3,8],[-1,3],[-8,-18],[-4,-13],[0,-8],[-1,-13],[-1,-20],[-1,-7],[-1,-5],[-3,-1],[-4,-4],[4,-5],[4,-3],[7,-1],[2,-2],[2,-6],[-1,-12],[1,-14],[-3,-3],[-2,-6],[-1,-11],[0,-26],[-1,-11],[-1,-5],[-3,-7],[2,-8],[1,-5],[-2,-11],[-4,-7],[-3,-4],[-4,-3],[-3,1],[-3,-3],[-2,-4],[-2,-6],[-1,-11],[-3,-8],[-4,-4],[-3,-6],[-1,-6],[-3,-4]],[[4398,4381],[-2,-4],[-4,-2],[-5,-1],[-2,-1],[-8,-15],[-6,1],[-5,-11],[-4,-10],[-11,-10],[-4,-4],[-3,-6],[-3,2],[-2,-7],[-2,-9],[-2,-2],[-4,2],[-1,3],[0,12],[0,8],[2,12],[5,17],[0,6],[-2,9],[-6,2],[-2,0],[0,9]],[[4327,4382],[0,8],[-1,6],[3,8],[0,10],[-1,0],[1,21],[0,7],[-3,15],[2,-2],[1,15],[-7,3],[-6,3],[-2,8],[-1,-3],[-7,1],[-2,5],[-1,-1],[-3,7],[-6,11],[-6,10],[-4,-20],[-1,-12],[-3,-6],[0,-5],[-1,-8],[-1,-10],[1,-6],[1,-17]],[[4280,4430],[-18,-10],[-4,-1],[-5,0],[-11,-5],[-3,-2]],[[4239,4412],[-1,3]],[[4238,4415],[1,29],[-1,15],[2,15],[-1,8],[-1,9],[-1,9],[0,7],[3,12]],[[4240,4519],[5,-6],[5,0],[2,-1],[2,-4],[2,9],[3,-3],[3,6],[1,7],[4,3],[3,-2],[0,7],[-5,9],[-2,5],[3,14],[0,8]],[[4266,4571],[6,7],[8,6],[10,10],[3,3],[1,3],[2,-2],[2,6],[0,3],[0,8],[3,-5],[3,6],[1,39],[2,24],[0,11],[0,35]],[[4307,4725],[8,-12],[5,-7],[25,-44],[10,-21],[9,-16],[5,-5],[6,-5],[6,-4],[6,-1],[3,11],[3,5],[1,4],[2,8],[0,7],[1,9],[-4,1],[-1,4],[-4,1],[-7,6],[5,14],[2,9],[2,10],[2,12],[4,-6],[2,3],[4,14],[1,5],[2,9],[7,9],[0,4],[2,3],[4,3],[1,-1],[3,-11],[2,3],[3,1],[2,-1],[0,-5],[2,-4],[3,7],[2,0],[3,4],[1,9],[4,6],[1,5],[3,1],[1,9],[1,5],[2,4],[1,5],[1,10]],[[4454,4802],[2,0],[2,10],[1,5],[3,7],[0,7],[3,4]],[[3239,2253],[-1,-6],[0,-5],[-2,-5],[-6,-1],[-3,-5],[-1,-4],[-2,-17],[-1,-7],[-2,-10],[-1,-1],[-4,-10],[-1,-5],[-1,0],[-3,-10],[0,-8],[-1,-4],[-1,-1],[-2,-5],[-1,-8],[0,-4],[7,-11],[5,-3],[1,-3],[2,-1],[-1,-9],[0,-6],[-5,-2],[-4,1],[-3,2],[-2,3],[-2,-12]],[[3204,2096],[-3,-4],[-2,-1],[-4,-7],[-3,-8],[-2,-1],[-1,-4],[-3,1],[-1,5],[-2,-1],[-2,1],[-1,5],[-2,2],[-4,-9],[-1,-4],[-2,-1],[-2,-4],[-5,0],[-1,2],[-3,-1],[-2,-7],[-1,4],[-2,0],[-4,4],[-3,2],[-3,-4],[0,-3],[-3,-3],[-3,0],[-4,-3],[-1,-5]],[[3134,2052],[-3,1],[0,-2],[-3,-2],[-9,16],[1,10],[-1,7]],[[3119,2082],[0,-1],[7,8],[5,-3],[0,5],[3,6],[3,5],[3,0],[4,4],[3,1],[1,-4],[3,1],[0,5],[-1,17],[2,-1],[6,3],[1,3],[-2,15],[-1,13],[-3,7],[1,11],[2,-2],[2,2],[2,-4],[2,0],[2,11],[0,7],[3,5],[-3,17],[-4,5],[-3,7]],[[3157,2225],[4,8],[1,0],[2,5],[2,0],[4,9],[2,-3],[2,6],[2,2],[3,13],[2,2],[3,-3],[3,3],[1,-1],[1,-6],[2,-6],[2,0],[5,-4],[4,8],[0,3],[4,4],[2,-3],[3,2],[3,4]],[[3214,2268],[4,-6],[0,1],[3,-6],[2,2],[1,5],[4,-5],[2,0],[3,3],[4,-9],[2,0]],[[5421,3341],[1,0],[2,-7],[3,-14],[6,3],[3,-3],[2,-9],[0,-4],[1,-4],[3,-10],[0,-7],[4,-4],[1,-9],[4,-12],[1,-28],[0,-5],[1,-5],[-1,-13],[1,-5]],[[5453,3205],[-2,1],[-2,-2],[-8,5],[-2,3],[-5,3],[-2,4],[-3,2],[-2,-1],[-4,4],[-3,1],[-3,5],[-2,-3],[-2,-9],[-2,-8]],[[5411,3210],[-1,8],[-1,4],[-2,-3],[-2,3],[-5,2],[1,14],[-1,7],[4,-5],[-1,5],[0,8],[2,8],[3,9],[1,9],[2,5],[0,4],[3,6],[1,9],[2,9],[0,11]],[[5417,3323],[-1,10],[1,8]],[[5417,3341],[4,0]],[[3344,1903],[5,1],[0,-5],[0,-16],[2,-5],[5,4],[2,2],[4,-3],[0,5],[2,-3],[3,-1],[3,-4]],[[3370,1878],[0,-4],[-6,0],[-1,-2],[-4,-15],[2,-13],[4,-2],[1,-6],[-1,-18],[-1,-8],[-3,1],[-1,-11],[-3,3],[-1,6],[-2,-3],[0,-8],[-3,-1],[-2,-3],[-5,2],[0,-7],[-4,-1],[-3,5],[-2,-3],[-1,-5],[0,-4],[-3,0],[-1,-3],[-1,-6],[2,-11]],[[3331,1761],[-9,8],[-4,2],[-16,17]],[[3302,1788],[2,2],[4,12],[3,18],[2,3],[3,-1],[1,9],[0,11],[-4,15],[-4,8],[-1,4],[-2,3],[2,7],[0,8]],[[3308,1887],[1,4],[5,7],[3,3],[2,4],[2,-3],[-1,-8],[-1,-2],[1,-8],[0,-6],[4,5],[2,1],[0,7],[3,2],[1,4],[2,4],[2,14]],[[3334,1915],[-1,-18],[-1,-5],[2,-4],[0,-7],[5,1],[4,-8],[3,4],[-1,8],[0,9],[-1,4],[0,4]],[[2062,5518],[3,0],[3,-13],[0,-8],[2,-3],[1,-7],[0,-8],[-1,-9],[1,-13],[-1,-7],[-2,-5],[-3,-2],[-3,-5],[-2,-8],[-1,-1],[0,-9],[-2,-5],[-2,-5],[-1,-5],[2,-6],[-1,-5],[0,-8],[0,-6],[2,0],[3,-3],[2,-14],[0,-6],[2,-10],[3,-6],[3,-2],[1,-4],[4,-4],[3,-5],[5,-3],[4,4],[3,7],[0,7],[4,7],[3,1],[2,-7],[4,-7],[-1,-8],[-2,-5],[0,-9],[2,-13],[-1,-5],[-2,3],[-5,0],[-3,-6],[-1,-6],[2,-9],[-3,-6],[0,-10],[-3,0],[-2,4],[-1,-2],[2,-5],[4,-1],[2,5],[0,8],[2,4],[-2,12],[0,4],[3,4],[4,1],[3,-4],[2,2],[1,7],[-1,8],[1,14],[2,4],[2,1],[1,5],[11,-2],[8,-4],[3,0],[5,-2],[3,-8],[5,-16],[2,-15],[1,-10],[2,-19],[1,-12],[0,-5],[0,-14],[0,-12],[-2,-6],[-5,-11],[-7,-19],[-2,2],[-12,-27],[-3,-18],[-2,-12],[-1,-7],[-2,-1],[-6,9],[-3,0],[0,-7],[2,0],[1,-9],[4,-7],[0,-12],[1,-12],[1,-10],[1,-8],[0,-8],[-2,-20],[-2,-10],[-1,-9],[2,-18],[-1,-10],[0,-3],[1,-7],[1,6],[1,8],[0,10],[2,27],[2,23],[0,9],[0,16],[-1,16],[1,6],[4,0],[3,5],[5,10],[6,17],[1,5],[-1,10],[0,8],[1,7],[6,1],[6,3],[3,-2],[1,-5],[0,-18],[-1,-11],[-1,-10],[-2,-4],[1,-5],[2,-8],[1,-10],[0,-4],[3,-18],[2,1],[-2,19],[0,23],[-1,16],[6,5],[2,0],[8,-2],[1,1],[5,-10],[4,-14],[2,0],[2,6],[5,0],[7,-6],[3,3],[6,13],[9,12],[4,-2],[2,-8],[5,-5],[2,-1],[7,-11],[4,-1],[4,0],[3,-2],[3,0],[7,-3],[3,-3],[5,-1],[4,1],[5,5],[4,-3],[5,-4],[9,-4],[3,-3],[-1,-8]],[[2293,5079],[-1,2],[-5,-3],[-3,-5],[-5,-8],[-1,-6],[-2,2],[-3,-5],[-4,-3],[-2,6],[-4,-1],[-2,2],[-3,-4],[-2,4],[-5,2],[-2,-4],[-2,4],[-3,-3],[0,-6],[-3,-5],[-2,-8],[0,-10],[-4,-6],[-2,-1],[-3,-9],[-1,-7],[-2,-7],[-2,-3],[-4,-16],[0,-3],[-6,2],[0,-4],[2,-11],[-1,-10],[-1,-5],[-4,0],[-2,-7],[1,-4],[4,-1],[4,-18],[0,-15],[-2,-11],[-7,-2],[-7,4],[-2,3],[-4,1],[-4,4],[-2,-5],[1,-15],[-1,-6],[-2,-7],[1,-12],[-1,-10],[0,-2],[3,-20],[-5,-19],[0,-8],[0,-11],[5,-5],[1,-10],[-1,-6],[-3,1],[-2,-6],[-2,-2],[-3,0],[-2,-6],[-4,0],[-2,-4],[6,-7],[-2,-8],[0,-5],[3,-5],[-2,-21],[0,-30],[-1,-8],[-3,-7],[-3,-4],[0,-8],[-4,-1],[-1,-7],[-4,-6],[-4,-2],[-2,1],[-3,6],[-1,-1],[-3,4],[1,5],[0,12],[-3,3],[-1,11],[-4,3],[-2,-2],[-2,1],[-2,5],[-2,8],[0,5],[-5,3],[-3,1]],[[2126,4697],[1,4],[-4,2]],[[2123,4703],[2,0],[2,10],[3,-2],[0,6],[3,3],[1,7],[1,13],[4,6],[2,4],[1,9],[-2,6],[-1,1],[-1,12],[-7,-11],[-2,2],[-3,11],[2,0],[2,7],[-5,4],[0,-3],[-3,-6],[-1,2],[-3,0],[0,7],[-2,6],[-3,2],[-1,7],[-4,3],[-1,5],[-7,-1],[-2,-10],[2,-4],[1,-10],[-1,-6],[1,-11],[-5,7],[-2,1],[-3,-9],[-1,-14],[-1,-11],[1,-13],[4,-14]],[[2094,4719],[-4,6],[-3,0],[-3,-7],[1,-9],[-1,-4],[-2,-2],[-2,2],[1,7],[-1,2],[-4,-2],[-5,6],[-2,-3],[-3,-9],[-3,-8],[-4,0],[-1,3],[0,11],[-1,4],[-5,-3],[-2,0],[-6,8],[-2,1],[-5,-2],[-2,2],[-7,2],[2,-11],[0,-7],[-3,9],[-4,6],[-3,-2],[-5,-6],[-2,0],[-2,5],[-2,-4],[0,-6]],[[2009,4708],[-3,6],[-2,2],[-2,-8],[-5,-10],[-7,-17],[-1,-3],[-2,2],[2,5],[-1,8],[2,8]],[[1990,4701],[4,2],[-1,5],[0,10],[0,23],[-1,9],[0,18],[1,9],[1,14],[-2,10],[-4,8],[-6,5],[0,5],[3,10],[5,15],[3,13],[2,3],[2,8],[5,15],[1,4],[4,9],[-4,10],[2,7],[1,1],[5,12],[4,7],[-5,6],[-5,5],[2,9],[-4,-1],[0,8],[-4,-2],[0,3],[3,9],[-4,4],[-3,5],[-3,6],[-2,1],[-2,7],[-1,-3],[-2,6],[-2,4],[-5,-9],[-3,8],[-6,7],[1,8],[6,11],[-8,32],[6,14],[4,2],[3,-3],[5,-8],[4,-9],[4,-12],[5,-12],[5,-9],[5,-2],[4,0],[4,5],[3,8],[4,11],[5,10],[3,4],[5,3],[3,0],[12,7],[12,12],[4,10],[2,3],[9,8],[9,16],[8,17],[0,4],[-2,18],[-3,16],[-2,6],[-1,1],[-5,1],[-6,-7],[-3,-2],[-2,0],[-5,6],[-8,13],[-5,9],[-3,9],[-3,5],[-3,9],[-2,11],[-3,9],[-5,20],[-3,23],[-9,25],[-10,31],[-6,21],[-7,31],[-7,35],[-4,21],[-2,41]],[[1987,5488],[14,10],[27,19],[1,4],[3,7],[-1,8]],[[2031,5536],[3,5],[6,2],[2,3],[3,0],[3,-5],[4,1],[2,-5],[2,-2],[0,-6],[3,-1],[3,-10]],[[2094,5373],[-1,-4],[-3,-4],[-2,-8],[-2,-4],[2,-7],[0,-7],[-2,-8],[-6,-2],[-2,0],[-6,7],[-1,4],[-4,3],[-2,3],[-2,10],[0,7],[1,7],[3,2],[3,22],[1,6],[0,12],[3,2],[7,-9],[7,-13],[2,-7],[4,-9],[0,-3]],[[2085,5440],[-2,-3],[-4,2],[-4,0],[-2,1],[0,4],[2,19],[1,9],[1,12],[2,3],[2,0],[1,-3],[-1,-16],[2,-8],[0,-7],[2,-8],[0,-5]],[[2155,5089],[-1,0],[-2,20],[1,3],[2,4],[0,-8],[0,-19]],[[2120,5120],[-2,-3],[0,5],[2,15],[1,1],[-1,-18]],[[3134,2052],[0,-8],[-1,-4],[-1,-1],[-2,-7],[2,-11],[3,-8],[2,-11],[-2,-9],[-2,2],[-2,-3],[-1,-6],[-5,0],[-1,-3],[0,-5]],[[3124,1978],[-3,3],[-2,4],[-1,6],[-3,-2],[-3,6],[-7,3],[-1,2],[-7,2],[1,17],[-3,1],[-8,15],[-4,5],[-5,2],[-1,-13],[-2,-1],[-5,-1],[-1,1],[-8,-1],[-3,3],[-4,2],[-1,7],[-4,0],[-6,8],[-2,1],[0,8],[-5,6],[-3,7],[-1,8],[0,4],[0,9],[-4,4],[-7,0],[-2,-4],[-2,13],[5,3],[3,9],[0,4],[2,6],[-1,5],[1,4],[-1,4],[3,6],[0,9],[3,7],[0,5],[1,8]],[[3033,2173],[2,-2],[5,1],[3,-1],[4,4],[1,-8],[6,1],[1,5],[2,11],[1,5],[5,1],[2,6],[2,12],[3,3],[2,0],[5,-1]],[[3077,2210],[2,4],[3,6],[3,3]],[[3085,2223],[2,-1],[2,1]],[[3089,2223],[3,-6],[1,-9],[3,-5],[0,-5],[3,-16],[4,-19],[2,-14],[2,-6],[1,-16],[2,0],[1,-10],[2,-2],[-1,-8],[2,-4],[-1,-10],[-3,-4],[0,-4],[4,-4],[1,2],[4,-1]],[[4219,1816],[0,-15],[0,-13],[1,-8],[-1,-10],[2,-13],[-1,-6],[0,-12],[-2,-8],[-1,-8],[-2,-11],[-2,-7],[1,-6],[0,-8],[-1,-7],[-1,-8],[-1,-9],[-1,-8],[2,-15],[-1,-6],[-4,-23],[-1,-15],[0,-5],[-1,-7],[0,-8],[-2,-12],[0,-11],[0,-5],[-1,-13],[-1,-7],[0,-9],[1,-11],[2,-7],[0,-5],[3,-5],[-2,-14],[-2,-16],[3,-5],[3,3],[2,17],[0,6],[0,7],[-1,20],[3,-3],[1,-6],[-1,-15],[2,-7],[1,-9],[-2,-11],[0,-4],[1,-7],[1,-13],[2,-6],[1,-12],[2,-5],[2,-12],[2,-3],[1,0],[2,8],[2,5],[1,0],[2,-7],[4,-4],[1,-8],[4,-4],[4,-2],[3,2],[2,-3],[1,-6],[3,-9],[3,-16],[0,-6],[-2,-10],[0,-6],[-1,-7],[-5,-6],[-6,-4],[-3,0],[-4,2],[-8,10],[-5,4],[-6,2],[-6,-2],[-8,4],[-3,4],[2,4],[3,4],[2,4],[1,12],[-1,12],[-2,10],[-3,9],[-4,8],[-5,8],[-6,4],[-4,5],[-3,2],[-4,-1],[-1,-6],[1,-5],[-2,-15],[-3,0],[-1,3],[-4,1],[-5,6],[-6,5],[-10,3],[-2,-6],[-3,0],[-3,-8],[-4,5],[0,9],[-2,12],[-2,3],[-2,0],[-2,-2],[0,-7],[-5,-2],[-3,-5],[-3,10],[4,2],[1,7],[-1,8],[-2,4],[-3,4],[-3,-2],[0,-5],[-4,-6],[-2,3],[-1,6],[-5,4],[-2,-2],[-2,5],[-4,-1]],[[4091,1450],[2,5],[1,7],[1,11],[-2,5],[0,8],[1,24],[1,12],[1,3],[4,7],[1,-1],[2,4],[2,-9],[0,-5],[2,-4],[6,11],[0,8],[2,3],[0,4],[-3,5],[-1,5],[-3,24],[3,7],[0,5],[-1,6],[1,9],[1,6],[1,17],[2,6],[3,1],[2,7],[0,6],[-2,10],[2,9],[5,4],[3,12],[4,13],[3,0],[1,4]],[[4136,1699],[2,0],[2,6],[5,-1],[2,5],[4,2],[1,-1],[3,3],[1,4],[3,1],[6,-6],[0,-5],[2,-1],[2,11],[4,2],[1,10],[1,5],[2,2],[4,10],[0,6],[-3,8],[1,14],[-3,12]],[[4176,1786],[2,14],[2,7],[1,7],[5,11],[2,14],[4,6],[1,1],[3,-6],[3,-4],[0,-3],[3,-3],[3,-2],[6,-6],[2,-1],[2,-6],[2,-2],[2,3]],[[4238,4415],[0,7],[-2,7],[-5,8],[-1,0],[-10,1],[-5,8],[-10,13],[-3,2]],[[4202,4461],[2,12],[-2,3],[0,11],[2,2],[2,16],[-3,11],[3,6],[-3,6],[3,11],[-1,5],[4,19],[12,24],[1,3],[3,20],[-4,14],[-1,-3],[-1,6],[4,10],[3,12],[6,11],[4,12],[5,11],[-1,5],[1,3],[2,-5],[3,8],[-2,3],[-2,10],[1,6],[-1,7],[-5,14],[5,17],[4,11],[0,5],[-2,10],[1,11],[5,26],[6,-10],[1,-6],[4,4],[-1,5],[-2,18],[-1,18],[6,5],[7,2],[2,3],[2,10],[0,7],[-1,10],[2,8],[2,2],[4,-3],[2,0],[4,4],[6,8],[2,15],[3,8],[1,6],[0,13],[0,15]],[[4299,4956],[0,14],[2,10],[5,8],[3,7],[3,17],[2,5]],[[4314,5017],[0,-2]],[[4314,5015],[-1,-12],[-11,-117],[1,-32],[0,-6],[6,-38],[0,-2],[-5,-33],[-3,-6],[1,-16],[0,-6],[2,-6],[0,-11],[3,-5]],[[4266,4571],[-3,-6],[-3,4],[-4,-1],[-5,8],[-1,-2],[0,-17],[-1,-7],[-2,-11],[-3,-9],[-4,-11]],[[4299,4956],[-7,15],[-10,16],[-3,2],[1,8],[3,12],[1,5],[3,7],[1,7],[3,5],[0,4],[-2,3],[-2,-2],[0,9],[-3,3],[-4,-9],[-11,-46],[-1,0],[-7,8],[-4,-11],[-10,10],[2,11],[7,47],[19,127],[7,53],[1,17],[0,10],[-3,34],[-6,22],[-8,17],[-4,15],[-1,20],[0,14],[3,38],[1,9],[0,14],[-4,29],[-4,20],[0,16],[3,21],[5,14],[4,25],[4,33],[-1,38],[-1,19],[0,8],[2,12],[-1,44]],[[4272,5729],[15,-14],[12,-5],[9,4],[4,-11],[5,1],[18,14],[7,9],[14,7],[7,1],[2,2],[5,-5],[2,-12],[7,15],[17,-3],[0,-13],[4,0],[13,-1],[21,4],[4,-7],[5,-9],[1,-3],[2,-15],[1,-16],[6,-20],[3,-1]],[[4456,5651],[-2,-15],[-1,-3],[-3,-15],[-3,-13],[-1,-6],[-4,-13],[-3,-21],[-3,-16],[-1,-14]],[[4435,5535],[-29,9],[-8,0],[-2,-2],[-2,-5],[-5,-3],[-10,0],[-6,-1],[-7,-13],[-4,-5],[-7,-3],[-4,-5],[-2,-8],[-2,-9],[-3,-15],[-3,-17],[-3,-13],[-2,-17],[-1,-26],[0,-12],[1,-20],[0,-16],[-1,-16],[-3,-25],[0,-20],[-1,-12],[-2,-13],[0,-6],[1,-12],[0,-30],[-2,-16],[-2,-8],[2,-8],[17,-100]],[[4345,5088],[-5,-11],[-14,-24],[-6,-21],[-1,-5],[-3,-5],[-2,-5]],[[4435,5535],[-4,-19],[-1,-7],[-3,-18],[1,-5],[1,-6],[1,-2],[-2,-22],[0,-2],[-2,-12],[-2,-3],[-1,-8],[-1,-3],[2,-9],[-3,-5],[2,-8],[2,-2],[1,-7],[2,-3],[2,-10],[1,8],[1,0],[4,-8],[-1,-6],[2,-2],[1,-7],[-2,-5],[2,-3],[-6,-30],[1,-40],[-1,-2],[-5,-2],[-2,-2],[-4,-4],[-2,-5],[-5,6],[-1,-8],[0,-22],[-3,-8],[1,-7],[5,-8],[-2,-3],[0,-8],[-1,-7],[-6,-19],[-4,3],[-1,-1],[-2,8],[-3,-4],[2,-14],[-1,-4],[-20,-35]],[[4378,5145],[-33,-56],[0,-1]],[[4272,5729],[4,12],[-1,12],[4,14],[0,25],[3,17],[-1,9],[-3,11],[-4,5],[-4,2],[-7,0],[-12,-4],[-7,3],[-9,15],[-4,15],[-5,31],[1,27],[1,5],[8,38],[8,18],[7,16]],[[4251,6000],[2,7],[10,18],[10,24],[11,14],[14,5],[10,2],[9,2],[7,18],[8,28],[16,59],[5,28],[-1,27],[-1,36],[5,23],[1,25],[-1,45],[2,24],[1,24]],[[4359,6409],[3,8],[2,0],[3,5],[3,-2],[1,7],[2,-4],[4,4],[-1,6],[3,16],[1,-1],[4,4],[0,7],[2,3],[3,-1],[2,3],[2,0],[2,3],[3,8],[2,1],[1,4],[6,0],[1,6],[1,3],[1,-3]],[[4410,6486],[1,-4],[-2,-5],[3,-5],[0,-10],[0,-4],[1,-10],[-2,-10],[-5,-7],[1,-8],[-1,-2],[-3,1],[-2,-9],[1,-5],[1,-13],[-3,-15],[-1,-1],[-1,-7],[-2,-2],[0,-8],[1,-1],[2,-6],[1,-15],[-1,-10],[-2,-1],[-2,4],[-3,-7],[3,-10],[0,-9],[1,-8],[-1,-3],[0,-8],[2,-8],[2,-15],[1,-15],[-2,-3],[0,-7],[1,0],[6,-15],[1,-6],[4,-8],[3,-17],[1,-5],[-1,-5],[4,-13],[4,-6],[0,-6],[1,-9],[0,-17],[2,-27],[0,-14],[0,-13],[0,-15],[1,-13],[1,-7],[1,-10],[2,-13],[3,-3],[10,-6],[7,-3],[3,-4],[8,-20],[5,-24],[2,-5],[4,-9],[6,-11],[4,-6],[4,-8],[2,-6],[0,-3],[2,-18],[-2,-10],[2,-2],[3,-5],[3,8],[3,-12],[7,-13],[1,-3],[1,-15],[2,-7],[7,12],[3,-2]],[[4519,5846],[4,-7],[1,-7],[3,-5],[1,-4],[-1,-7],[-5,-7],[-5,-11],[-3,-8],[-2,-10],[-2,-21],[-2,-10],[1,-15],[-1,-4]],[[4508,5730],[-2,-1],[-3,-7],[-3,-5],[-6,-1],[-2,2],[-3,0],[-2,-5],[-2,-1],[-1,-3],[-4,0],[-2,-10],[-4,-6],[-4,-2],[-4,-12],[-1,2],[-1,-6],[-3,-7],[-3,-6],[-2,-11]],[[5348,4103],[2,-4],[3,-2],[6,3],[2,-2],[5,-1],[1,-1]],[[5367,4096],[3,-4],[0,-6],[3,-7],[3,-13]],[[5376,4066],[-1,-6],[-3,-4],[1,-9],[-1,-5],[1,-8],[5,-5],[0,-8],[-3,-1],[-5,-4],[-3,-9],[2,-4],[0,-8],[3,-2],[3,-6],[0,-7],[2,-5],[0,-28],[1,-10],[-2,-10],[1,-8],[-1,-5],[2,-10],[-1,-21],[0,-6],[1,-17],[2,-6],[1,0],[3,-5],[1,-8],[4,-12],[0,-4]],[[5389,3825],[0,-8],[-2,-7],[0,-11],[0,-9],[-6,-11],[-1,-1],[-2,-6],[-1,-8],[1,-10],[1,-5],[0,-11],[2,-3],[4,0],[6,-10],[1,-8],[0,-14],[-5,-13],[-2,3],[-1,4],[-3,-1],[-2,-9],[-2,-6],[2,-5],[-7,-6],[-2,6],[-5,1]],[[5365,3677],[-1,8],[-2,3],[1,6],[1,22],[-3,2],[-2,-1],[-2,-2],[-1,10],[1,6],[-1,7],[0,6],[2,8],[-4,10],[0,5],[-2,11],[-1,19],[-3,10],[-1,4],[-4,3]],[[5343,3814],[-1,8],[-2,8],[1,10],[3,22],[0,7],[-1,7],[1,15],[-1,6],[2,9],[1,10],[1,7],[3,5],[-1,15],[1,4],[2,7],[-1,4],[1,7],[-2,2],[-2,10],[-3,9],[1,6],[-3,4],[0,6],[2,1],[2,-2],[2,1],[1,5],[-2,2],[0,5],[0,8],[2,7],[-1,6],[3,1],[0,7],[0,5],[-5,8],[1,9],[0,10],[-1,4],[-1,0],[0,7],[1,5],[-2,2],[3,10]],[[3214,2268],[-3,3],[-2,8],[-1,8],[1,8],[-1,5],[-6,3],[-1,7],[3,6],[1,12],[0,3],[-1,10],[0,2],[1,8],[-2,11],[0,7],[-4,-2],[-2,10],[-3,0],[-1,11],[-2,8],[-2,2],[-1,6],[-1,4]],[[3187,2408],[3,1],[1,2],[0,10],[2,5],[0,3],[2,9],[-1,3],[1,6]],[[3195,2447],[5,-5],[6,-5],[8,-4],[2,-5],[2,-2],[5,-1],[6,-6],[5,-1],[4,0],[4,3],[4,-4],[3,0],[2,-3],[4,0],[4,3],[5,5]],[[3264,2422],[3,-8],[-3,-3],[1,-5],[3,-5],[1,-5],[-1,-2],[0,-13],[-1,-6],[-4,-6],[0,-3],[-3,-7],[-2,-1],[-2,-5],[-1,2],[-1,-5],[-2,-2],[0,-7],[1,-9],[0,-12],[-3,-7],[-1,-9],[-5,-19],[0,-9],[-3,-18]],[[3241,2258],[-2,-5]],[[1836,5218],[-1,-8],[-1,-9],[2,-10],[0,-10],[1,-5],[0,-9],[-1,-3],[0,-15],[-1,-2],[-2,-8],[2,-7],[-1,-10],[-1,-6],[-3,10],[-4,1],[0,6],[-8,25],[-2,-1],[-4,11],[-3,10],[-2,15],[-4,4],[-3,10],[0,9],[-1,3],[-4,13],[-2,1],[0,10],[-2,4],[-3,-6],[-4,0]],[[1784,5241],[0,16],[-2,20],[-2,12],[-6,13],[-2,8],[-1,5],[0,21],[1,3],[4,12],[3,7],[0,4],[-9,-11],[-7,-1],[-10,2],[-3,8],[-5,2],[-8,-7],[-5,3],[-3,-6],[-1,-6],[-3,-11],[-2,-2],[-2,3],[-4,-2],[0,-10],[-2,-2],[-4,0],[-6,-3],[-3,5],[-4,0],[-3,5],[1,10],[1,4],[0,10],[-1,2],[-4,-3],[-4,4],[-6,-4],[-3,3],[-5,-6],[-2,2],[-2,6],[-3,4],[-2,3],[-4,6],[-3,-1],[-7,8],[-4,1],[-5,-4],[-2,1],[-4,4],[-5,-4],[-1,2]],[[1630,5377],[0,13],[-1,11],[3,8],[4,-3],[5,-10],[5,-1],[3,3],[4,10],[2,10],[3,6],[4,7],[1,5],[1,9],[4,11],[0,7],[0,13],[3,13],[2,0],[2,12],[2,-1],[1,5],[2,2],[1,7],[3,8],[2,15],[2,3],[1,10],[5,23],[-1,24],[2,10],[3,14],[0,19],[0,9],[-1,4],[-1,13]],[[1696,5666],[2,3],[0,13],[2,-1],[2,7],[3,-2],[0,6],[2,1],[0,4],[6,1],[2,-5],[4,-2],[3,-6],[2,-6],[2,-5],[2,-6],[2,-2],[4,0],[2,-5],[7,-4],[1,-8],[2,1],[1,8],[0,2],[1,12],[3,2],[1,3],[-2,6],[0,4],[3,-3],[8,-4],[2,6],[1,0],[4,12],[4,-10],[3,7],[4,4],[2,7]],[[1781,5706],[2,-6],[1,-8],[5,-9],[2,-8],[3,1],[-3,11],[1,19],[4,1],[4,2],[3,-2],[2,-7],[1,-2],[3,2],[1,-6],[1,-13],[1,-3],[-1,-6],[2,-13],[0,-5],[3,-4],[2,-9],[1,-9],[2,-1],[1,5],[3,1],[4,-2],[1,5],[3,-4],[2,4],[1,-3],[0,-12],[-1,-14],[2,-5],[1,-5],[-3,-19],[-1,-2],[1,-10],[-1,-8],[-6,-4],[-1,-2],[1,-7],[-2,-7],[-5,1],[-1,-8],[6,0],[1,-10],[0,-14],[-1,-9],[-3,-7],[0,-12],[-1,-15],[1,-5],[4,-7],[1,-5],[2,-14],[-7,-9],[0,-5],[0,-17],[-1,-3],[-17,0],[0,-58],[4,0],[0,-21],[8,0],[-1,-29],[2,-3],[3,-2],[11,0],[1,-2],[0,-66],[3,-4]],[[989,8322],[1,5],[-4,12],[-4,2],[-3,5],[-2,-5],[-5,6],[2,6],[-15,15],[-13,2],[5,27],[2,16],[2,17],[-1,1],[-1,-5],[-2,5],[-3,-4],[-3,-13],[0,-6],[-2,3],[1,5],[-2,8],[0,6],[1,13],[-1,8],[-8,7],[0,-7],[-1,-4],[-2,-5],[-3,-1],[-3,2],[-2,-6],[1,-4],[-2,-2],[-4,-1]],[[918,8430],[0,9],[5,26],[0,6],[1,7],[3,12],[2,10],[1,9],[3,17],[0,3],[2,14]],[[935,8543],[1,-6],[3,-5],[4,-3],[0,-3],[4,-7],[1,-3],[9,-6],[6,-9],[3,-9],[4,-6],[3,-2],[-1,-6],[1,-9],[1,-2],[3,-10],[2,-4],[-1,-3],[3,-7],[2,-10],[3,-7],[2,-4],[5,-4],[1,-2],[2,4],[4,-6],[12,-8],[4,-4],[5,-5],[4,-7],[2,-7],[3,-1]],[[912,8413],[1,1],[1,6],[3,6]],[[917,8426],[1,-4],[-1,-11],[0,-12],[-5,14]],[[2627,2996],[-1,-10],[1,-3],[-3,-15],[2,-16],[0,-6],[4,-3],[0,-5],[3,-10],[2,3],[2,-13],[2,0],[1,2],[4,-8],[2,3],[1,-8],[3,-2],[4,-6],[5,0],[0,-7],[4,3],[1,-2],[0,-8],[3,-6],[0,-4],[1,-7],[-2,-3],[1,-7],[2,-11],[1,-7],[-1,-7],[-4,0],[1,-23],[0,-8],[-3,-4],[-1,-7],[-2,-4],[-1,-4],[-2,1],[-3,-4],[-1,-5],[0,-7],[2,-14],[-3,0],[-1,-10],[-1,-3],[1,-5],[3,-3],[0,-14],[-4,-3],[1,-17],[2,-12],[-2,-3],[-3,4],[-3,-5],[0,-5],[-2,-3]],[[2643,2675],[-2,2],[-6,8],[-3,-1],[-1,3],[-2,0],[-2,5],[-4,3],[0,3],[-5,7],[-1,11],[1,7],[-1,4],[-3,-7],[-2,-3],[-1,1],[-1,6],[-2,-2],[-1,11],[-2,3],[-1,7]],[[2604,2743],[0,7],[3,0],[0,-4],[2,5],[0,13],[5,6],[0,16],[0,6],[-5,5],[0,6],[4,11],[2,1],[0,8],[-2,3],[-1,7],[1,10],[-4,2],[-2,-1],[0,11],[1,3],[-9,0]],[[2599,2858],[0,11]],[[2599,2869],[0,37]],[[2599,2906],[0,2],[4,1],[2,3],[4,2],[-3,5],[-2,10],[5,14],[-1,3],[-4,-2],[0,8],[-1,6],[3,1],[1,2],[1,13],[1,4],[0,7],[-2,10],[-3,0],[0,3],[2,3],[1,7],[3,1],[6,-4],[7,-7],[2,0],[2,-2]],[[2809,4988],[0,-12],[-2,-6],[-4,-5],[-2,0],[0,-5],[1,-6],[-1,-6],[-1,-15],[-2,-4],[-2,-12],[6,-9],[1,-3],[5,0],[0,-6],[3,-8],[4,-5],[-2,-4],[1,-5],[3,3],[4,1],[1,-2],[-1,-7],[1,-7],[-3,-1],[-1,-4],[-6,-4],[-3,-4],[-4,0],[-3,2],[-8,-2],[-2,-9],[-2,-5],[1,-5],[-2,-6],[2,-8],[0,-7],[-3,-6],[-3,0],[-4,2],[-3,5],[-3,-1],[-1,-4],[-5,-6],[0,-5],[6,-12],[4,-10],[1,0],[2,-7],[2,-3],[1,-7],[2,0],[3,-10],[0,-5],[2,-7],[-1,-7],[2,-4],[0,-13],[-2,-6],[-1,-3]],[[2790,4703],[0,-3],[-2,-7],[-5,-9],[4,-15],[2,-3],[-2,-14],[0,-12],[-1,-5],[-4,1],[-3,-7],[-2,1],[-3,-4],[-2,-6],[-2,-1],[-6,2],[-4,-1],[-5,-7],[-1,0],[-3,-4],[-3,-10],[-4,-6],[-3,3],[-3,-3],[0,4],[-3,4],[-1,8],[-1,4],[4,14],[0,5],[5,12],[0,4],[0,10],[-4,7],[-1,6],[-3,2],[0,5],[-2,5],[1,9],[-1,12],[-3,12],[-1,15],[-1,5],[2,8],[3,-1],[3,17],[0,3],[1,11],[2,2],[1,9],[-6,1],[-3,-4],[-1,-5],[-4,-1],[-1,-3],[-3,0],[-1,8],[2,4],[3,9],[6,9],[4,15],[0,2],[1,17],[0,6],[-2,8],[-2,3],[3,5],[1,5],[3,6],[-1,3],[4,6],[0,22],[-1,7],[-2,-1],[1,8],[3,13],[-1,4],[1,9],[2,6],[1,12],[-3,8],[-1,6],[3,4],[4,16],[2,3],[1,-4],[3,0],[4,3],[2,5],[1,1],[3,-5],[7,0],[7,6],[3,7],[1,3],[4,-1],[-2,-5],[1,-6],[2,-4],[6,-2],[4,-5],[2,1],[2,-5],[4,2],[0,6],[3,-5]],[[2706,4839],[2,-2],[2,-13],[1,-3],[-2,-4],[-1,-12],[1,-6],[-2,-11],[-3,-4],[-4,-3],[-1,-6],[-2,0],[-2,-8],[-1,1],[-3,6],[-2,9],[-4,5],[-2,6],[0,6],[-2,0],[0,6],[6,-3],[1,4],[-2,7],[2,10],[2,-1],[2,7],[3,2],[2,4],[4,1],[2,-2],[3,4]],[[2707,4778],[1,-12],[-2,-5],[1,-8],[-2,-7],[-3,-3],[-2,0],[0,6],[-1,2],[-1,9],[2,13],[7,6],[0,-1]],[[2696,4857],[2,-8],[1,0],[1,-6],[0,-3],[-7,-8],[-3,1],[-4,5],[2,4],[4,0],[0,7],[-2,0],[0,5],[3,0],[3,3]],[[2719,4620],[3,-5],[3,0],[-1,-12],[-1,-7],[-2,-3],[-1,-9],[-2,0],[0,9],[0,24],[1,3]],[[2721,4753],[1,-11],[-2,-11],[-2,5],[0,13],[3,4]],[[2714,4719],[1,-10],[-2,-6],[-2,4],[0,8],[3,4]],[[2791,4673],[1,-5],[-1,-7],[-3,11],[3,1]],[[2712,4840],[1,-5],[-2,-9],[-1,4],[-1,7],[3,3]],[[2716,4826],[-1,-8],[-1,-3],[-2,-8],[-1,8],[5,11]],[[2718,4773],[2,-3],[0,-8],[-2,3],[0,8]],[[2716,4742],[0,-7],[-1,0],[-1,16],[1,-1],[1,-8]],[[2716,4721],[-2,9],[2,2],[0,-11]],[[2809,4988],[3,0],[2,-5],[4,4],[3,-1],[3,-4],[2,-9],[-2,-14],[2,0],[1,-7],[1,-11],[4,8],[-1,15],[1,7],[3,-4],[5,-1],[2,2],[2,-6],[3,-4],[1,-6],[1,1],[4,-6],[0,-5],[4,-4],[-2,-10],[5,-3],[1,4],[2,-6],[2,0],[0,-6],[2,0],[1,-7],[2,-1],[1,-6],[4,-7],[2,-10],[3,0],[2,-5],[-1,-12],[1,-5],[4,-25],[2,-16],[-1,-8],[-1,-11],[-4,-5],[-2,-5],[-3,-13],[-1,-12],[1,-9],[-4,-13],[-2,-5],[-2,-13],[-1,-5],[1,-10],[1,-1],[0,-11],[-4,-17],[-1,-11],[-2,-4],[-1,-7],[1,-7],[1,2],[3,-4],[0,-7],[-4,2],[-3,-10],[-5,-6],[-4,-3],[-4,1],[-2,4],[-5,-2],[-2,-10],[1,-6],[3,-6],[0,-7],[-2,-9],[0,-7],[-2,1],[-2,3],[-3,0],[-1,-3],[-6,1],[-5,-10],[0,-5],[-2,-2],[-2,7],[1,3],[-2,5],[0,19],[1,12],[-1,8],[-1,5],[-1,6],[-4,7],[-2,0],[0,5],[0,6],[-2,0],[-1,5],[-3,5],[-4,-2],[-1,5],[3,3],[1,4],[-2,5],[0,4],[-2,1],[-3,4],[-2,9],[-2,-1],[0,5]],[[2878,4707],[3,-2],[0,-6],[-3,0],[0,-5],[-2,-6],[-1,2],[-1,6],[2,9],[2,2]],[[2907,4590],[1,-6],[-2,-5],[-2,7],[2,7],[1,-3]],[[2942,5033],[0,-9],[-2,-2],[-1,6],[3,5]],[[2885,4611],[0,-7],[-1,-3],[-2,2],[1,5],[2,3]],[[2909,4561],[-1,-5],[-1,-2],[-2,3],[3,8],[1,-4]],[[2981,4981],[3,-7],[-2,-3],[-1,6],[0,4]],[[2864,4636],[1,-3],[-2,-5],[-1,2],[2,6]],[[6521,1008],[-2,0],[-1,-10],[-3,-6],[1,-9],[1,-8],[-2,-3],[0,-5],[-3,-1],[-3,-12],[-3,2],[-3,7],[-3,-2],[-1,5],[-4,2],[-2,-6],[0,-7],[-3,6],[-6,-4],[1,15],[-2,6],[-6,7]],[[6477,985],[5,4],[2,10],[-1,7],[1,7],[2,5],[-1,21],[-3,9],[0,12],[-4,9],[0,7],[1,8],[-2,1],[1,7],[1,4],[-1,13],[0,15],[-1,3],[1,15],[-1,6],[-2,6],[-1,11],[-1,8],[-1,3]],[[6472,1176],[2,6],[2,-2],[2,5],[2,0],[5,-2],[2,4],[2,6],[2,5],[5,5],[4,1],[4,8],[3,-2],[0,-4],[-2,-7],[-2,-9],[1,-5],[0,-8],[-1,-7],[2,-5],[0,-7],[2,-1],[2,-5],[2,1],[3,-5],[4,1],[1,7],[3,1],[2,7],[3,4],[5,2],[4,9],[3,8],[1,14],[1,4],[2,0],[3,-11],[2,-5],[2,0],[3,-10],[5,-8],[0,-6],[1,-6],[-1,-6],[-1,-3],[1,-11],[-2,-4],[0,-7],[-1,-4],[1,-4],[-1,-4],[0,-8],[2,-7],[2,-5],[-3,-11],[-5,-1],[-1,2],[-7,-9],[-4,-10],[-4,8],[-1,8],[-5,4],[-3,-4],[-1,3],[-4,1],[-1,-4],[-3,-7],[-3,-2],[-1,-13],[1,-13],[1,-13],[2,-4],[-1,-5],[1,-5],[0,-8],[2,-1],[2,-4]],[[358,9437],[1,11],[10,-3],[2,1],[6,-2],[4,-6],[5,-9]],[[1554,7211],[-3,-2],[-1,-4],[-2,-2],[-5,-17],[-1,-6],[-3,-7],[-7,-29],[-6,-23],[-5,-15],[-4,-10],[-5,-21],[-7,-1],[-5,2],[-1,-1],[-1,-8],[-14,0],[8,40],[2,17],[0,15],[-3,19],[-2,11],[-3,11],[-8,18],[-16,15],[-6,2],[-22,-101],[-15,-59],[-3,3],[-2,12],[-4,4],[-5,10],[-5,7],[1,7],[-1,4],[-2,0],[-2,6],[-3,-1],[-1,5],[-3,0],[-2,-1],[-7,5],[-2,2],[-3,-3],[-3,8],[-3,3],[-1,-1],[-3,3],[-2,6],[-2,-9],[-3,-6],[-2,-8],[-3,-4],[-1,-4],[-40,87],[-25,56]],[[1287,7246],[0,18],[2,16],[1,26]],[[1290,7306],[5,-1],[5,1],[4,0],[4,6],[6,7],[4,7],[1,3],[5,8],[2,6],[5,3],[3,8],[4,6],[16,14],[6,2],[6,3],[5,0]],[[1371,7379],[5,-4],[5,-9],[12,-13],[0,17],[12,-2],[1,16],[7,0],[14,32],[0,2],[5,-9],[6,-5],[14,0],[8,85],[-1,7]],[[1459,7496],[4,-2],[4,-6],[5,-10],[5,-12],[5,-15],[4,-10],[5,-10],[12,-20],[10,-25],[5,-9],[2,-7],[7,-11],[1,-4],[5,-8],[5,-11],[4,-5],[4,-2],[5,-7],[2,-10],[0,-17],[0,-4],[-1,-18],[0,-20],[3,-17],[0,-12],[-1,-7],[0,-6]],[[1444,7764],[7,-11],[5,-10],[1,-6],[0,-8],[2,-14],[2,1],[1,-2],[3,-13],[5,-18],[1,-5],[1,-21],[0,-4],[-2,-4],[0,-8],[-4,-14],[-2,-16],[-1,-41],[-1,-10],[-1,-11],[-3,-3],[-3,-8],[-2,-2],[-3,-4],[-2,-1],[-2,-5],[-2,-5],[-3,-2],[-1,-4],[-4,-9],[-2,-1],[-3,3],[-8,2],[-7,5],[-10,9],[-5,3],[-2,9],[-2,12],[-2,11],[-1,13],[-2,25],[-2,12],[-4,16],[-1,9],[2,9],[0,9],[1,8],[0,23],[0,10],[3,12],[5,13],[1,3],[5,6],[3,1],[7,-9],[2,-5],[1,-6],[1,3],[4,2],[2,5],[2,0],[2,13],[2,3],[1,6],[3,8],[4,4],[6,7],[2,5]],[[1526,7458],[3,0],[5,-3],[5,-3],[8,-8],[7,-5],[5,-4],[8,-1],[2,0],[2,-3],[5,1],[4,-6],[4,0],[2,-2],[7,-1],[14,-8],[4,-4],[8,-5],[2,-5],[4,-19],[2,-8],[-2,-15],[2,-5],[-1,-15],[0,-18],[1,-4],[0,-22],[1,-15],[1,-26],[0,-7],[-2,1],[-4,9],[-6,11],[-6,12],[-6,10],[-3,9],[-3,11],[-3,7],[-4,12],[-4,8],[-4,14],[-2,2],[-4,3],[-7,-2],[-4,0],[-6,2],[-11,7],[-4,5],[-3,5],[-6,11],[-5,13],[-6,15],[-3,13],[-2,14],[-3,5],[1,8],[2,4],[5,2]],[[1390,7548],[-2,8],[-1,7],[0,21],[2,4],[2,-18],[0,-19],[-1,-3]],[[1384,7551],[-2,8],[0,12],[3,-1],[-1,-8],[0,-11]],[[1380,7624],[2,-6],[-1,-5],[-2,5],[1,6]],[[3286,7214],[-2,-12],[-3,-10],[-2,-6],[-4,-2],[-1,-4],[-1,-7],[0,-5],[2,-6],[5,-2],[6,-11],[-4,-9],[0,-7],[5,-16],[0,-4],[-3,-3]],[[3284,7110],[-6,1],[-1,4],[-8,5],[-2,-4],[-2,-6],[-1,4],[-1,-2],[-6,2],[-4,3],[0,3],[-3,-3],[-3,2],[-4,11],[-2,0],[-1,-5],[-2,-7],[1,-3],[3,-7],[0,-7],[-1,-2],[-1,-6],[1,-9],[0,-9],[-3,-15],[-2,-3],[-6,-8],[-3,-5],[-1,-6],[0,-7],[-1,-8],[-2,-6],[-7,-9],[-2,2],[-3,-2],[0,-3],[-9,2],[-3,-2],[-6,5],[-4,-7],[-2,-21],[0,-12],[0,-13],[-3,-7],[-5,-2],[-2,-2],[-4,-6],[-2,-1],[-5,-7],[-5,1],[-4,-5],[-2,2],[-1,8],[-1,2],[-3,1],[-4,14],[-2,12],[-1,0],[-7,-15],[-2,-7],[-5,-6],[-3,3],[-2,9],[-3,6],[-1,-1],[-2,5],[-2,-1],[-3,-4],[-7,-24],[-2,-4],[-2,3],[-2,6],[0,10],[-2,4],[-1,-2],[-2,-8],[-4,-7],[-4,3],[-3,-12],[-2,-3],[-8,-3],[-1,-1],[-2,-6]],[[3071,6912],[-1,-10],[-2,-7],[-4,-7],[-1,-5],[-6,-18],[-1,-4],[-5,-1],[-2,-1],[-2,-5],[0,-10],[-4,-2],[-2,-7],[0,-5],[-2,-2],[-2,5],[-1,-6],[-1,-2],[-2,-5],[-3,1],[-1,6],[-4,3],[0,8],[-1,1]],[[3024,6839],[1,14],[0,23],[-1,13],[-3,16],[-3,12],[-5,9],[0,9],[1,2],[1,11],[0,6],[-1,12],[-4,10],[-2,-3],[-1,4],[0,6],[-1,6],[5,12],[2,4]],[[3013,7005],[5,-5],[2,1],[2,-10],[4,-6],[2,3],[4,-3],[1,-5],[0,-8],[1,-5],[2,-1],[5,-7],[4,1],[3,8],[1,31],[4,11],[7,7],[9,13],[2,9],[3,2],[1,8],[0,15],[2,11],[1,3]],[[3078,7078],[3,-1],[3,5],[3,9],[3,0],[1,5],[-1,3],[2,11],[3,10],[4,3],[5,0],[4,3],[5,-1],[2,1],[2,-3],[3,3],[3,-1],[4,1],[2,4],[3,-1],[0,-4],[3,-1],[1,-4],[6,-9],[2,8],[1,17],[3,9],[2,17],[2,6],[1,9],[0,6],[0,12],[2,8],[2,10],[3,4],[8,1],[2,6],[1,7],[0,9],[2,13],[0,8],[-1,7],[2,9],[1,6],[1,12],[-1,14],[-2,8],[-3,2],[-1,-2],[-3,3],[-1,4],[4,3],[4,4],[-2,7],[1,2],[-1,6],[2,8],[2,1],[4,6],[3,-5],[6,9],[0,3],[2,5],[3,2],[0,5],[3,0],[4,12],[1,3],[2,11],[0,10]],[[3203,7416],[3,-1],[4,-16],[2,0],[2,-2],[1,-11],[-1,-1],[0,-9],[2,-3],[1,4],[3,2],[0,4],[2,-3],[-1,-14],[1,-10],[-1,-5],[1,-3],[2,2],[3,-4],[5,0],[3,-2],[4,5],[3,1],[4,-10],[4,-3],[0,-7],[1,-1],[-1,-9],[1,-16],[0,-3],[2,-26],[3,-3],[1,2],[4,-3],[2,-5],[4,-7],[2,-4],[1,3],[1,-4],[2,-15],[-1,-7],[-1,-3],[1,-7],[4,5],[3,-11],[7,-2]],[[2975,6983],[2,-3],[-1,-11],[3,-12],[2,-5],[0,-11],[-3,-1],[-2,9],[0,7],[-2,10],[-1,14],[2,3]],[[2990,6939],[-1,2],[-1,6],[0,10],[1,2],[1,-20]],[[2995,7004],[0,-2],[-1,-8],[-2,0],[0,8],[3,2]],[[1776,4003],[4,-7],[3,5],[4,-4],[3,1],[3,-2],[2,-5],[3,0]],[[1798,3991],[1,-4],[-2,-12],[0,-4],[-2,-2],[-3,1],[-1,-4],[-3,5],[-2,-2],[-2,-8],[-3,-1],[-2,-7],[0,-18],[1,-6],[0,-9],[0,-2],[0,-7],[-2,-3],[-5,-2],[-2,-10],[-1,-3],[0,-6],[-1,-7],[-5,-13],[-2,-10],[-3,-6],[-2,-8],[0,-5],[-2,-8],[-1,-4],[1,-9],[-1,-5],[-3,0]],[[1751,3812],[-2,7],[-5,8],[-4,3],[-3,5],[-6,6],[-5,3],[-11,8],[-1,3],[1,8],[-1,4],[-2,13],[-4,10],[-5,12],[-7,14],[-2,7],[-1,7]],[[1693,3930],[7,7],[2,2],[4,23],[0,13],[5,12],[-1,15],[2,10],[1,10],[2,4],[-1,9],[3,4],[1,-4],[4,-2],[3,3],[1,4],[2,4],[6,-2],[2,7]],[[1736,4049],[3,-5],[3,0],[4,-9],[1,-6],[3,-2],[0,-10],[-3,-4],[2,-9],[2,-5],[0,-8],[3,-5],[3,7],[2,-1],[3,4],[4,-4],[2,3],[2,5],[3,0],[3,3]],[[1652,4261],[-1,-6],[-7,4],[-3,-2],[-1,-9],[-1,-7],[-4,2],[-4,-4],[-4,-1],[-1,1],[-4,-6],[-3,0],[-5,0],[-2,-5],[-5,-3]],[[1607,4225],[-5,2],[-4,7],[-1,4],[1,6],[-1,4],[-1,9],[-3,14],[-1,6],[-1,24],[-4,0],[-4,-5],[-1,-1],[-3,9],[-3,-2],[-3,-5]],[[1573,4297],[-3,14],[2,6],[0,5],[-2,8],[-3,9],[-3,8]],[[1564,4347],[3,29],[1,5],[4,3],[5,0],[1,4],[4,13],[5,6],[3,9],[4,6],[8,4],[5,7],[4,9]],[[1611,4442],[1,-4],[0,-6],[3,-10]],[[1615,4422],[0,-4],[3,-9],[5,-2],[7,-20],[0,-9],[2,-6],[-2,-5],[3,-6],[1,-8],[0,-8],[5,-3],[0,-4],[2,-5],[3,-3],[0,-7],[2,-27],[5,-24],[1,-10],[0,-1]],[[1564,4347],[-4,8],[-11,24],[-2,5],[-4,5],[0,3],[-8,15],[-13,18],[-11,16],[-8,10],[-1,3],[1,7],[-3,7],[-1,7],[-1,3],[-14,19],[-8,14],[-4,9],[-5,8],[-6,13],[-6,12],[-2,5],[-6,10],[-9,19],[-7,17],[-4,21]],[[1427,4625],[1,2],[4,15],[5,4],[0,6],[3,1],[3,5],[4,1],[1,6],[4,11],[5,13],[-3,13],[4,5],[4,9],[2,6],[2,9],[4,3],[4,12],[-1,6],[-1,3],[0,16],[3,4],[1,5],[0,14],[0,6],[1,9],[3,5],[3,10],[1,5],[2,6],[1,10],[1,3],[2,11],[-1,5],[0,7],[-1,14],[1,8],[-2,8]],[[1487,4901],[2,-5],[5,-5],[2,1],[3,-4],[3,1]],[[1502,4889],[2,-16],[3,-7],[1,-9],[3,-11],[0,-3],[3,-10],[3,-5],[3,-4],[1,-9],[0,-13],[2,-11],[2,-6],[1,-5],[2,-31],[2,-5],[3,-5],[3,-2],[3,-9],[3,-12],[-1,-4],[2,-6],[5,-10],[2,-10],[-1,-14],[1,-3],[-1,-6],[-1,-8],[0,-7],[0,-3],[-2,-12],[1,-3],[3,-13],[2,5],[4,-12],[-2,-10],[2,-1],[5,6],[3,-2],[2,-4],[1,-6],[3,-5],[3,-9],[3,-4],[2,-5],[3,-1],[1,-3],[0,-10],[2,-12],[-4,-10],[-2,-12],[1,-2],[3,-2],[5,-4],[10,-1],[4,-5]],[[1601,4508],[0,-8],[-2,-3],[0,-5],[5,-3],[1,-5],[0,-9],[3,-6],[-1,-5],[3,-13],[1,-9]],[[1554,3381],[1,-1],[7,-10],[4,-7],[4,0],[3,-3],[6,-13],[2,-6],[3,0],[1,-4],[5,1],[5,-6],[4,-6],[3,-3],[1,-9],[0,-7],[-3,-9],[-1,-8],[0,-9],[-3,0],[-1,4],[-2,-5],[1,-4],[4,-5],[2,-6],[-3,-12],[-2,5],[-6,1],[-1,8],[-2,3],[-2,-4],[-4,4],[-2,-4],[0,-10],[1,-4],[-2,-3],[-2,6],[-2,3],[1,9],[-2,10],[-2,3],[-1,-2],[-5,22],[-1,5],[-2,2],[-1,-3],[-4,5],[-2,9],[-6,10],[-2,0],[-6,11],[-2,1],[0,10],[1,4],[1,7],[3,4],[3,2],[2,-1],[1,7],[-1,4],[4,8],[2,-4]],[[4993,7947],[3,-1],[0,-6],[0,-5],[4,-11],[0,-4],[-1,-3],[0,-11],[2,-3],[2,-1],[2,5],[0,6],[1,1],[2,-7],[2,-6],[0,-5],[1,-7],[2,1],[1,-14],[1,6],[2,-9],[0,-4],[-2,-5],[2,-2],[0,-9],[-4,-10],[0,-6],[-2,-2],[-3,-11],[-3,-6],[-1,-4],[-3,-7],[-3,1],[-3,-2],[-3,-3],[-3,-1],[-5,-5],[-2,-1],[-3,11],[-3,6],[-2,-1],[-1,-7],[-5,2],[-8,1],[-3,1],[-3,-2],[-3,-5],[-11,1],[-5,-2],[-2,-3],[-6,-3],[0,-4],[5,-3],[3,-10],[1,-7],[0,-10],[-1,-9],[2,-13],[-3,-1],[-1,-5],[2,-4],[0,-4],[-4,-1],[-1,-4],[1,-9],[2,-6],[3,1],[3,10],[1,-1],[1,-7],[5,-11],[3,0],[1,1],[8,-2],[-1,-9],[0,-5],[-2,1],[-1,0],[0,-1],[0,-2],[2,-2],[0,-6],[1,-3],[-1,-9],[2,-1],[0,-6],[2,-16],[1,-3],[1,-7],[3,-6],[3,-1],[4,-5],[0,-8],[2,-13],[1,-2],[2,-8],[4,-9],[6,-6],[7,-3],[5,-4],[3,-1],[1,2],[4,-1],[2,-7],[2,-6],[-1,-9],[-2,-7],[2,-10],[2,-5],[2,-8],[2,-7],[5,-19],[4,-11],[4,-1],[3,-3],[2,-5],[1,-5],[3,-7],[4,-5],[4,-10],[4,-6],[6,-8],[1,-3],[4,-2],[1,-3],[10,-14],[2,-3],[1,1],[3,-4],[0,-11],[2,0],[5,2],[1,-7],[2,-13],[-2,-8],[-6,-3],[1,-6],[3,1],[3,3],[2,-2],[0,-8],[-3,-7],[2,-5],[2,4],[1,-6],[-1,-4],[2,-4],[3,6],[2,8],[1,-3],[0,-6],[3,-1],[2,-3],[1,-5],[1,3],[3,1],[0,-8],[3,0],[3,-2],[2,5],[3,-2],[1,-3],[2,-3],[6,-17],[5,-10],[3,-3],[3,-12],[3,-2],[3,-7],[1,-1],[3,-7],[2,-2],[2,-7],[6,-14],[4,-12],[0,-16],[-2,-5],[-3,-1],[-2,2],[1,-7],[8,2],[2,-9],[-1,-5],[2,-2],[2,-6],[5,-7],[2,-3],[-1,-5],[1,-8],[1,-15],[1,-2],[3,0],[1,3],[3,8],[2,-1],[8,0],[2,-3],[4,-1],[2,-8],[3,-6],[2,2],[1,-5]],[[5210,7116],[-1,-7],[-3,-4],[-5,-1],[-5,4],[-3,5],[-3,2],[-5,-7],[-3,-3],[-6,0],[-5,-4],[-2,3],[-1,7],[-2,36],[-3,13],[-2,2],[-3,0],[-8,-3],[-9,0],[-3,-4],[-4,-3],[-6,3],[-5,11],[-1,13],[2,45],[-1,12],[-1,7],[-4,3],[-1,-5],[0,-8],[-2,-5],[-3,-3],[-4,6],[-2,6],[-4,17],[-6,9],[-3,-3],[-3,-11],[-2,-1],[-2,4],[-1,5],[-1,8],[-3,0],[-2,-4],[-2,-13],[-3,-36],[-2,-4],[-4,3],[-5,9],[-5,0],[-3,8],[-9,21],[-4,4],[-2,-1],[-1,-7],[0,-13],[2,-8],[0,-6],[-7,-12],[-3,-8],[-8,-2],[-16,10],[-4,4],[-4,23],[-12,31],[-2,5],[-5,2],[-9,17],[-6,15],[1,11],[7,11],[2,13],[1,13],[1,23],[0,16],[-1,10],[-11,26],[-3,9],[-1,11],[0,11],[-2,11],[-3,1],[-2,-7],[-2,-9],[0,-12],[-2,-3],[-3,3],[-1,5],[-4,7],[-8,5],[1,26],[0,17],[-3,3],[-2,-4],[0,-8],[-3,-10],[-2,-16],[-6,-14],[-2,0],[-3,3],[-2,7],[-4,3],[-4,3],[-5,-7],[-3,-11],[0,-13],[-1,-27],[-3,-7],[-4,-2],[-2,1],[-2,6],[-5,12],[-2,10],[-2,12],[-2,5],[-5,4],[-3,7],[-3,-2],[-2,-17],[-3,-8],[-2,-1],[-3,-7],[-2,-12],[0,-8],[2,-10],[1,-13],[-1,-23],[-4,-29],[-5,-12],[-3,-4],[-5,1],[-14,-27],[-7,-7],[-3,11],[-4,12],[-2,12],[-2,5],[-2,-13],[-4,0],[-11,2],[-6,-4],[-3,3],[0,12],[1,10],[-2,12],[-5,5],[2,14],[4,20],[-1,12],[0,22],[-11,16],[-3,11],[-14,9],[-13,-8],[-9,24],[-7,-3],[-26,-3],[-6,-11],[-5,-4],[-2,2],[-2,6],[0,7],[1,10],[-2,21],[-6,7],[-6,29],[-5,-1],[-2,1],[-2,-3],[-2,-7],[-6,8],[0,4],[0,13],[-3,7],[-4,-3],[-2,3],[0,6],[-1,5],[-1,13],[-1,5],[-3,4],[-3,7],[-1,1],[-2,-3],[-9,2],[-4,2],[-3,6],[-2,1],[-2,-3],[-5,1]],[[4602,7596],[-2,11],[0,7],[0,9],[1,14],[1,11],[1,8],[1,7],[0,16],[5,11],[2,6],[1,10],[-1,15],[-2,16],[1,7],[2,7],[5,1],[4,-1]],[[4621,7751],[3,-1],[2,10],[4,-1],[1,7],[1,39],[0,33],[-3,8],[2,9],[2,2],[4,15],[3,9],[3,19],[6,22],[2,9],[2,12],[1,5],[4,18],[-1,10],[-3,6],[0,3],[3,6],[2,0],[4,-5],[5,-4],[3,-8],[3,-1],[2,-7],[1,0],[5,-7],[2,-1],[1,-3],[0,-9],[3,-3],[8,1],[6,0],[4,4],[6,2],[3,-1],[5,3],[0,8],[2,3],[3,2],[0,6],[5,4],[9,11],[4,8],[3,3],[15,8],[8,10],[10,19],[3,2],[6,7],[2,2],[5,4],[8,0],[7,-2],[13,-5],[3,0],[5,5],[6,6],[3,4],[7,3],[5,-3],[4,-5],[1,-4],[3,-1],[6,3],[2,-3],[4,-8],[2,-5],[3,-15],[4,-7],[4,-3],[2,-5],[0,-5],[4,0],[5,-2],[3,-3],[3,-6],[2,0],[3,9],[3,2],[2,-1],[2,-7],[3,-19],[7,-17],[3,-19],[2,-5],[2,-3],[2,-8],[1,-18],[2,-7],[4,-6],[2,-6],[2,4],[8,-5],[3,1],[2,7],[0,14],[2,2],[6,15],[3,4],[3,0],[3,4],[3,-4],[2,-1],[4,7],[3,4],[1,8],[3,-2],[3,6]],[[4969,7780],[3,1],[5,-7],[7,-3],[3,-5],[0,-4],[-2,-4],[-8,-10],[-2,5],[0,6],[0,6],[-5,9],[-3,3],[-1,-2],[-2,-7],[-5,-9],[-4,3],[-1,28],[-1,7],[2,6],[4,-1],[3,-12],[5,-9],[2,-1]],[[4954,7787],[-1,-22],[0,-4],[-3,-4],[-2,4],[-1,1],[-2,-2],[0,-1],[1,-8],[-4,-3],[-4,-7],[0,2],[-1,11],[0,8],[0,10],[-1,7],[-2,7],[4,3],[4,1],[4,-3],[1,4],[1,6],[4,-1],[1,-2],[1,-7]],[[4965,7736],[4,-5],[5,-8],[3,-2],[0,-4],[-4,-4],[-2,1],[0,3],[0,6],[-1,0],[-2,-5],[-2,-2],[1,-4],[-4,1],[-1,2],[-4,-6],[-5,-4],[0,9],[1,3],[0,2],[0,4],[0,1],[2,0],[0,1],[1,4],[1,3],[0,2],[0,2],[-1,2],[-2,0],[0,3],[1,2],[3,3],[1,0],[2,-6],[3,-4]],[[4948,7739],[0,-6],[-2,-4],[-2,4],[-1,0],[-1,-6],[0,-4],[2,-2],[4,-1],[2,-2],[0,-8],[2,3],[0,-7],[-3,-3],[-3,0],[-2,2],[-2,10],[-2,6],[-2,0],[-2,-4],[-2,-8],[-2,11],[3,2],[1,5],[-2,8],[5,4],[4,7],[3,2],[2,-4],[0,-5]],[[4974,7737],[-2,0],[-5,4],[-5,9],[-2,6],[1,6],[3,4],[3,10],[3,-4],[4,-9],[0,-12],[4,-9],[-1,-3],[-3,-2]],[[4959,7747],[-1,-1],[-3,-4],[0,-2],[1,-3],[1,0],[0,0],[1,-2],[0,-3],[-1,-4],[-1,-3],[-2,-1],[0,-1],[0,-1],[0,-4],[-1,-3],[-3,-4],[0,7],[-4,5],[-2,-1],[-2,2],[1,8],[3,-4],[2,5],[0,11],[2,3],[2,8],[3,0],[3,-2],[1,-6]],[[4968,7660],[0,-25],[-2,-9],[-3,5],[-2,7],[-3,14],[1,8],[2,3],[1,-3],[1,5],[2,0],[4,8],[0,-3],[-1,-10]],[[5098,7374],[4,-12],[2,-1],[0,-5],[0,-11],[4,-6],[0,-5],[3,-3],[-2,-4],[-3,-4],[-5,8],[-2,7],[-2,11],[1,3],[3,1],[-1,5],[-4,8],[0,5],[2,3]],[[5122,7871],[4,-16],[4,-8],[5,-8],[-3,0],[-3,6],[-4,7],[-3,15],[-2,3],[-1,-17],[2,-16],[4,-20],[3,-3],[1,-6],[3,-8],[-1,-3],[-2,6],[-2,0],[-1,3],[-3,12],[-4,15],[-1,5],[1,13],[-1,2],[0,14],[1,7],[3,-3]],[[4964,7681],[2,-10],[-1,-5],[-2,-1],[-1,-4],[-1,2],[-3,2],[-1,5],[-1,2],[0,7],[-2,1],[1,3],[2,-2],[0,1],[0,6],[2,8],[2,-2],[3,-13]],[[4961,7802],[3,-1],[6,-8],[1,-8],[-4,-2],[-4,7],[-2,6],[0,6]],[[4978,7782],[-2,5],[-3,15],[3,9],[3,-13],[1,-6],[0,-6],[-2,-4]],[[5112,7786],[1,-1],[1,-5],[4,-17],[-1,-1],[-4,9],[-2,2],[-5,-2],[1,11],[1,3],[4,1]],[[4947,7792],[-1,-4],[-3,2],[-4,1],[-3,-4],[-3,4],[5,6],[4,2],[6,-2],[-1,-5]],[[4971,7721],[0,-8],[-5,-8],[-3,0],[-1,7],[3,-2],[2,2],[-1,3],[2,3],[2,5],[1,-2]],[[5040,7916],[2,-3],[0,-4],[2,-6],[0,-4],[-1,-3],[-3,7],[-2,11],[2,2]],[[4949,7748],[-2,4],[-1,5],[0,3],[1,1],[1,-1],[2,-6],[-1,-6]],[[4971,7802],[1,-1],[1,-8],[-2,1],[-3,7],[3,1]],[[5093,7333],[2,-6],[-2,-4],[-1,7],[1,3]],[[8845,6033],[6,5],[14,31],[0,32]],[[8865,6101],[2,1],[12,-12],[3,-10],[2,-6],[1,-6],[3,-8],[1,-8],[3,-12],[2,3],[3,-6],[3,-3],[2,-7],[3,-1],[3,-5],[2,-5],[4,-3],[2,-4],[1,-7],[2,-3],[-1,-6],[0,-8],[1,-5],[2,3],[2,-6],[1,-4],[1,-5],[3,-3],[1,-10],[0,-8],[1,-9],[4,-7],[4,-10],[3,-3],[2,-6],[-1,-7],[1,-9],[3,-7],[3,1],[4,8],[4,1],[3,0],[2,2],[2,5],[4,-2],[3,-7],[1,-6],[1,-7],[3,-5],[2,-7],[2,-1],[3,6],[3,2],[6,-6],[0,-4],[-1,-6],[-3,-1],[-2,-3],[-1,-8],[-6,-14],[-2,-4],[-2,-1],[-6,-5],[-2,-6],[-2,0],[-4,-5],[-4,-1],[-14,-8],[-1,-6],[-2,-3],[-2,0],[-13,8],[-5,5],[-1,7],[0,5],[-3,6],[-8,3],[-5,-3],[-5,-1],[-2,2],[-2,-5],[-4,-3],[-2,-5],[0,-6],[-7,3],[-4,4],[-3,11],[-3,7],[-2,8],[-2,4],[-2,11],[0,2],[4,2],[1,15],[-1,2],[1,17],[-2,11],[-3,9],[-2,12],[-1,24],[-2,9],[0,8],[-2,5],[-1,9],[1,4],[-1,9],[-1,3],[-2,13],[-2,12],[0,3],[-4,6],[-2,-3],[-1,2]],[[8660,5957],[6,-2],[3,-4],[4,-6],[2,-2],[4,-10],[1,-18],[-2,-5],[-1,-10],[1,-6],[-1,-6],[-2,2],[-1,-6],[0,-9],[1,-3],[3,2],[0,5],[4,8],[0,6],[-1,3],[0,4],[4,10],[2,-1],[1,-14],[-2,-10],[1,-12],[-4,-17],[0,-5],[-3,-10],[-6,-3],[-6,-5],[-2,0],[-1,3],[-4,3],[-3,11],[-3,3],[1,8],[1,4],[-4,3],[0,9],[-3,6],[-1,8],[-3,6],[2,18],[-2,12],[2,7],[1,7],[3,6],[2,2],[3,8],[3,0]],[[9039,5803],[2,-5],[1,-10],[-1,-4],[-5,-2],[-1,7],[0,5],[-1,6],[2,3],[3,0]],[[8957,5780],[0,-5],[-4,-11],[-3,2],[-1,4],[2,8],[4,3],[2,-1]],[[8978,5788],[3,-2],[0,-4],[-6,-5],[-2,-5],[-1,5],[4,9],[2,2]],[[9041,5835],[1,-4],[0,-11],[-2,-7],[-1,1],[-1,7],[1,13],[2,1]],[[9021,5782],[4,-5],[0,-4],[-3,-1],[-5,2],[0,6],[4,2]],[[9039,5781],[2,0],[1,-5],[0,-9],[-2,-1],[-2,4],[-1,6],[2,5]],[[9005,5797],[1,-11],[-2,-4],[-2,7],[1,7],[2,1]],[[9037,5757],[4,-4],[-2,-9],[-3,9],[1,4]],[[5151,1484],[3,-2],[1,-8],[5,-3],[1,2],[2,-2],[3,7],[3,-7],[1,-8],[4,7],[2,8],[4,7],[2,-1],[2,4],[1,-1],[6,1],[-3,11],[0,5],[1,6],[-4,7],[-1,5],[0,4],[-5,1],[-7,8],[-1,-9],[-2,1],[-2,7],[-2,0],[-3,7],[-2,1],[-3,-2],[0,7],[1,7],[-1,12],[-2,5]],[[5155,1571],[0,6],[4,2],[3,15],[5,6],[3,8],[4,4],[4,-1],[5,-4],[2,0],[5,3],[4,-4],[2,0],[2,-3],[3,1],[5,-6],[4,1],[4,-5],[-1,-7],[-2,-11],[1,-9],[0,-12],[1,-7],[3,-7],[2,-12],[2,-4],[-1,-7],[4,-1],[-1,-5],[2,-8],[-3,-1],[1,-6],[2,-1],[0,-13],[1,-7],[-3,-9],[-3,2],[-2,-5],[-1,-4],[3,-8],[-2,-7],[0,-7],[2,-2],[2,-10],[0,-6],[1,-5],[-2,-3],[0,-9],[1,-5],[4,-6],[6,1],[1,4],[4,5],[2,0],[4,6],[-4,7],[-1,6],[2,5],[3,-5],[1,5],[2,3],[1,10],[3,6],[2,-4],[-2,-6],[5,-5],[-1,-6],[1,-3],[-3,-5],[2,-6],[-2,-7],[-2,-2],[-1,-12],[0,-9],[1,-6],[2,-6],[0,-6],[-5,-2],[2,-6],[0,-5],[-2,-2],[-2,-4],[-1,-10],[-2,0],[-3,13],[-2,3],[-1,-4],[1,-3],[-1,-9],[-3,6],[-2,-1],[-4,3],[-5,4],[-2,-2],[-2,-4],[-4,1],[-5,-3],[-2,1],[-2,13],[-2,3],[-4,13],[-4,7],[-2,2],[-4,-6],[-2,-6],[2,-5],[-3,-8],[-2,1],[-2,-5],[-3,8],[-4,2],[-1,5],[-3,-3],[-4,3],[-1,-4],[-3,10],[-3,-5],[-1,-6],[-5,-11],[-2,-6],[-3,1],[-1,-4],[1,-4],[4,-1],[3,-14],[2,8],[4,-2],[3,3],[7,-1],[1,1],[4,-2],[2,-3],[5,2],[0,2],[4,0],[2,2],[4,-3],[3,-12],[1,-1],[6,-1],[-1,-7],[2,-9],[-4,-9],[-4,-5],[-3,-2],[-2,4],[-7,-3],[-2,5],[-2,-1],[0,-4],[-6,3],[-2,8],[-5,2],[-3,7],[-2,2],[-1,5],[-2,-3],[-2,0],[-2,3],[-5,-1],[-1,-5],[-3,1],[-2,-3],[-2,2],[-2,0],[-3,-5],[-2,1],[-5,-8],[-2,-7],[-7,-4],[-4,-1],[-1,-4],[-4,-5],[-3,-9],[-4,0],[-2,-3],[-3,-1]],[[5100,1255],[0,7],[0,9],[0,11],[1,11],[2,3],[1,5],[1,6],[0,8],[-1,4],[0,4],[3,5],[-1,2],[2,25],[1,9],[4,11],[-1,4],[1,15],[-4,6],[0,9],[0,4],[-3,13],[1,6],[-1,7],[0,4],[-1,9],[-2,7],[0,6],[5,11],[0,15],[-3,14],[0,11],[2,4],[3,5],[3,12],[1,7],[-3,18],[-4,5],[-5,12],[-1,4],[-2,18],[-3,5],[-3,13]],[[5093,1619],[4,13],[4,-3],[3,5],[4,-10],[4,-3],[5,1],[5,-4],[1,2],[2,-5],[3,1],[3,-9],[3,-2],[3,2],[0,-4],[2,-4],[1,-5],[2,-4],[-1,-4],[3,-5],[1,-7],[1,-8],[0,-8],[1,-3],[-1,-8],[1,-8],[-2,-8],[2,-8],[-2,-6],[0,-11],[-1,-9],[-3,-7],[0,-5],[-1,-9],[2,-5],[-2,-7],[-1,-7],[3,2],[2,10],[6,9],[1,6]],[[5065,1559],[1,-21],[-2,-3],[-1,-6],[-4,-6],[-3,-4],[-4,2],[-3,-4],[-8,2],[-5,12],[-3,2],[-3,5],[-2,0],[-2,9],[-5,4],[-3,4],[-1,6],[-4,6],[-2,2],[-5,10],[-4,20],[-1,4],[-5,5],[-6,8],[-2,6],[-2,8],[-3,8],[-2,10],[-5,2],[-1,-2],[-3,2],[-1,-3],[-5,2],[-2,3],[-5,9],[-3,6],[-3,9],[-2,1],[-3,6],[-3,10]],[[4945,1693],[2,7],[3,5],[4,-2],[2,-2],[3,0],[1,4],[4,5],[4,9],[2,0],[2,3],[3,0],[5,9],[4,-3],[2,-11],[2,-2],[2,2],[3,-1],[5,6],[3,-2],[5,-6],[3,0],[5,5],[2,-7],[2,-2],[2,-5],[7,-6],[1,-4],[0,-14],[1,-7],[-1,-9],[0,-6],[3,-7],[0,-3],[0,-14],[5,-9],[0,-7],[5,-3],[3,-7],[1,-6],[0,-11],[2,-11],[3,-4],[2,-6],[1,8],[3,1],[0,-4],[-1,-10],[2,-4],[2,-2],[6,-1]],[[5228,1700],[3,1],[2,-2],[4,-12],[1,-2],[2,-19],[0,-7],[-1,-13],[-5,-9],[-2,-9],[-4,-2],[-4,-3],[-2,1],[-5,8],[-1,0],[-3,11],[0,15],[1,9],[0,6],[2,9],[0,5],[2,2],[3,7],[3,5],[3,1],[1,-2]],[[5273,1543],[1,-11],[1,-2],[3,2],[4,5],[3,-4],[-1,-6],[-2,-6],[0,-8],[-1,2],[-1,7],[-2,-6],[0,-6],[-1,-6],[-3,0],[-2,11],[1,5],[-2,7],[1,4],[0,12],[1,0]],[[5263,1391],[2,-5],[-1,-6],[-4,-6],[1,11],[2,6]],[[5223,1449],[3,-6],[-1,-6],[-2,-2],[-1,10],[1,4]],[[5254,1443],[2,-3],[0,-8],[-1,1],[0,6],[-1,4]],[[2065,7006],[0,3],[2,6],[2,2],[1,20],[3,8],[1,8],[-2,6],[-4,8],[-1,6],[-1,7],[-3,2],[-1,10],[-5,0],[0,-6]],[[2057,7086],[-2,4],[-3,-1],[-3,7],[1,8],[4,8],[4,-5],[1,2],[-1,6],[-2,2],[-4,12],[-1,2],[-2,-2],[-3,0],[0,-5],[-2,1],[0,6],[-2,-1],[-1,-11],[-5,-8],[0,-5],[-1,-1],[-4,6],[-4,0],[0,-7],[-1,-10],[-3,-1],[-3,6],[-9,-1],[-4,5],[-2,5],[-2,1],[0,7],[2,3],[-1,10],[-4,8],[0,5],[1,6],[3,12],[2,4],[0,5],[6,3],[6,5],[2,3],[4,-1],[1,1],[-1,12],[-2,10],[1,4],[2,-1],[3,6],[2,-1],[3,-6],[3,3],[-1,5],[3,4],[1,4],[5,-5],[5,-5],[3,-3],[3,0],[0,-4],[6,-2],[1,-2],[7,4],[3,16],[0,8],[1,4],[3,3],[5,-2],[-1,-14],[-1,-6],[1,-15],[-1,-7],[3,-8],[1,-8],[4,-5],[1,0],[4,-8],[0,-13],[3,-12],[0,-7],[1,-3],[0,-8],[-2,-20],[-2,-6],[2,-12],[0,-5],[-1,-7],[3,-3],[0,-10],[1,-4],[-1,-6],[-4,-3],[-2,1],[-2,-4],[-1,-5],[0,-8],[0,-7],[-1,-3],[0,-20],[-4,-10],[-2,3],[-1,-1],[-5,1],[0,4],[-7,2],[-2,11]],[[2722,7114],[4,-2],[1,-3],[3,-1],[4,-4],[2,-6],[1,-5],[-2,0],[-5,-13],[-3,-10],[-1,-2],[-1,2],[1,10],[3,12],[0,5],[-5,-10],[-2,3],[-1,5],[0,16],[1,3]],[[2125,7115],[4,-6],[2,1],[3,-3],[1,1],[3,-3],[-1,-6],[1,-8],[-1,-10],[-1,-6],[-3,-2],[-3,4],[3,5],[-1,5],[-4,5],[0,9],[-3,0],[-1,9],[1,5]],[[2106,6976],[3,-3],[1,2],[4,0],[2,-2],[1,-9],[0,-8],[-1,-4],[-2,1],[-4,4],[-4,2],[-3,6],[1,8],[2,3]],[[2699,7084],[4,-6],[3,6],[2,-5],[0,-10],[-1,-3],[0,-8],[1,-4],[-3,-2],[-2,5],[-1,0],[0,10],[-3,1],[-1,10],[1,6]],[[2073,6979],[1,-3],[3,2],[4,-6],[0,-5],[-2,-4],[-3,3],[-5,-2],[-4,-6],[-2,-8],[-1,8],[0,7],[3,5],[3,1],[1,6],[2,2]],[[2095,7020],[3,-11],[-1,-11],[1,-5],[-3,-5],[-6,-5],[3,12],[0,7],[-1,5],[2,10],[2,3]],[[2103,7037],[2,-6],[-1,-12],[0,-4],[1,-5],[-5,1],[-2,4],[0,6],[3,16],[2,0]],[[2083,6977],[6,-5],[-1,-5],[-6,-15],[-2,0],[-1,10],[3,5],[-1,7],[2,3]],[[2110,6956],[3,-6],[3,-2],[3,1],[0,-9],[-4,-6],[-2,-2],[-3,11],[-1,1],[0,3],[0,5],[1,4]],[[2091,7036],[3,-1],[3,1],[0,-9],[-3,-3],[-3,-7],[-1,-5],[-2,11],[0,10],[3,3]],[[2097,6953],[-8,-24],[-1,2],[1,2],[-1,2],[-1,-1],[-1,6],[4,8],[3,-1],[1,4],[3,2]],[[2104,6958],[4,0],[1,-2],[0,-3],[0,-5],[-3,-5],[-2,3],[-1,11],[1,1]],[[2007,7096],[1,0],[3,-5],[-1,-7],[-4,0],[-2,4],[1,7],[2,1]],[[2039,7108],[0,-8],[-1,-6],[-5,-2],[3,9],[1,7],[2,0]],[[2088,6933],[0,-1],[2,-4],[-2,-8],[-3,1],[-2,4],[4,5],[0,3],[1,0]],[[2695,7159],[1,-5],[-5,-3],[0,8],[1,1],[1,5],[2,-6]],[[2115,7065],[3,-9],[0,-5],[-4,5],[-2,7],[3,2]],[[2088,6990],[-2,-1],[2,13],[2,-1],[0,-5],[-2,-6]],[[2692,6807],[-2,4],[1,6],[5,-5],[-4,-5]],[[2032,7009],[1,-11],[0,-6],[-2,1],[1,8],[-2,6],[2,2]],[[2724,7032],[1,-4],[-1,-7],[-1,2],[0,12],[1,-3]],[[2610,6884],[1,-3],[-1,-6],[-2,5],[2,4]],[[2715,7128],[2,-2],[0,-4],[-2,-2],[-1,5],[1,3]],[[2686,7112],[1,-4],[-2,-6],[-1,6],[2,4]],[[2696,7080],[2,-3],[-1,-8],[-2,3],[1,8]],[[2696,7094],[0,-5],[-3,-3],[0,6],[3,2]],[[2715,7070],[0,-7],[-2,2],[2,5]],[[313,9419],[-4,8],[-3,2],[-5,0],[-3,-5],[-2,-1],[-2,6],[-5,1]],[[289,9430],[-2,3],[-1,8],[3,9],[1,8],[0,15],[3,5],[1,6],[1,6],[-2,9],[-1,3],[-1,7],[1,11],[-1,3],[0,14],[-2,7],[-1,9],[0,19],[2,13],[-2,4],[1,9]],[[289,9598],[11,-10],[3,0],[5,5],[7,9],[1,1],[2,-5],[2,-9],[2,-4],[4,-3],[4,-1],[5,1],[6,6],[7,0],[4,1],[5,3],[15,17],[6,3],[7,4],[7,8],[7,3],[2,-1],[3,-6],[1,-9],[3,-1],[4,1]],[[3770,1572],[-3,-1],[-2,10],[-3,0],[-1,-5],[-4,6],[-3,0],[-3,-5],[-2,-6],[-1,4],[-3,-2],[-5,3],[1,6],[-5,4],[-2,-1],[-1,2],[-2,-2],[-2,3],[-1,-3],[-2,-1],[-3,7],[-3,-5],[-1,5],[-6,-1],[-1,2],[-6,-3],[-2,1],[-4,-1],[-2,4]],[[3698,1593],[1,11],[-2,4],[2,15],[-2,10],[1,9],[-1,5],[1,11],[-1,6],[2,8],[-1,6],[7,-9],[4,-2],[3,8],[1,0],[2,9],[3,1],[0,18],[-2,5],[-3,5],[-3,-5],[-3,1],[-1,4],[-4,1],[-2,4],[-2,2],[-5,1],[-2,3],[-1,8],[1,11],[-1,5],[-3,4],[-1,9],[-3,13],[0,5]],[[3683,1779],[1,-4],[3,-4],[0,9],[9,-2],[8,5],[9,1],[1,7],[-1,5],[4,-1],[0,-4],[9,1],[5,2],[3,2],[2,3],[3,1],[6,6],[3,0],[1,5],[3,-1],[1,3],[4,2],[2,5]],[[3759,1820],[8,-7],[3,-4],[3,-6],[7,14],[1,0],[5,7],[1,5],[2,1],[2,-4],[-1,-5],[2,-4],[1,-7],[1,-7],[1,0],[1,-9],[-2,-7],[1,-6],[-2,-15],[0,-6],[-1,-4],[-1,-15],[1,-3],[-1,-23],[1,-7],[-1,-9],[0,-6],[-3,-3],[-2,-6],[-2,0],[-11,-7],[-1,-3],[0,-4],[4,-6],[-1,-9],[3,-12],[-1,-4],[-2,-2],[0,-8],[1,-17],[-1,-9],[-2,-9],[0,-7],[-2,-3],[-1,-12]],[[3732,1745],[-2,-1],[-3,-16],[-3,3],[-2,-2],[-1,-5],[2,-3],[-1,-8],[1,-2],[3,-9],[1,-5],[2,3],[0,8],[3,4],[0,4],[2,2],[1,8],[-1,1],[0,8],[-2,10]],[[3532,2455],[4,-6],[7,0],[4,-2],[2,-6],[1,-5],[4,1],[3,-4],[5,0],[1,4],[4,-5],[2,2],[2,5],[3,3],[4,-6],[3,3],[2,-7],[3,2],[1,-4],[5,-2],[1,-4],[3,-4],[1,0],[3,-3]],[[3600,2417],[0,-11],[-1,-5],[1,-5],[3,-5],[3,-2],[2,-5],[2,-4],[0,-4]],[[3610,2376],[-1,-3],[-1,-10],[0,-8],[1,-10],[0,-4],[3,-7],[-1,-8],[-2,0],[-1,-6],[1,-13],[-1,-11],[-1,-3],[1,-8],[-3,-2],[0,-6],[-3,-6],[0,-7],[1,-4],[-6,-4],[2,-5],[-1,-5],[-2,4],[-2,-2],[-2,-8],[-3,-11],[-3,-1],[-2,-5],[-3,2],[-4,-11],[-3,2],[-1,-9],[-2,-2],[-1,-9],[-3,-12],[4,-1],[1,1],[2,-7],[-2,-7],[1,-4],[-2,-3],[0,-7],[3,5],[1,-6]],[[3575,2155],[-2,-8],[-4,7],[-1,5],[-4,4],[-5,2],[-1,-1],[-3,4],[-2,6],[-3,-3],[0,7],[-5,7],[-3,5],[-3,1],[-2,7],[-4,0],[-5,2],[-2,9],[-3,5],[0,6],[-2,3]],[[3521,2223],[5,2],[1,2],[1,19],[1,21],[-2,4],[0,15],[-4,21],[0,12],[-1,4],[0,4],[0,8],[0,16],[-1,6],[-2,2],[-1,6],[-2,6],[-3,3],[-1,4],[-2,2],[-2,-1],[-4,3],[-5,0],[-1,9],[1,14],[1,14]],[[3500,2419],[2,1],[2,-4],[2,2],[0,8],[2,-4],[5,3],[2,4],[3,0],[1,12],[2,5],[2,-1],[0,14],[4,-2],[1,-7],[4,5]],[[5919,7048],[0,-7],[1,-11],[1,-7],[0,-6],[-2,-4],[3,-7],[-2,-4],[-1,-12],[1,-13],[2,-1],[2,-5],[3,-3],[0,3],[4,1],[3,6],[5,-2],[0,1],[6,-7],[3,-3],[2,-4],[2,-5],[4,0],[1,-3],[5,5],[2,-7],[2,3],[3,-9],[1,-4],[3,2],[1,-4],[-1,-3],[3,-11],[2,1],[3,-6],[3,0],[0,-6],[4,-8],[1,-4],[4,-10],[2,-1],[1,-12],[2,-8],[0,-7],[2,-6],[3,-4],[0,-7],[1,-8],[-1,-2],[0,-7],[-1,-6],[2,-2],[2,-8]],[[6006,6816],[1,-12],[1,-4],[0,-5],[-3,-6],[-2,7],[-5,0],[-4,6],[-2,-3],[-3,2],[-2,4],[2,6],[-4,0],[2,-8],[-2,-5],[-2,2],[0,6],[-5,-2],[-2,3],[-3,-3],[-3,0],[-2,3],[-4,1],[-2,3],[-2,-8],[-3,3],[-1,4],[-2,-1],[-2,6],[-3,-4],[-2,0],[-2,-6],[-2,4],[-2,-3],[-1,-7],[-2,7],[-1,-7],[-2,1],[-6,-6],[0,-4],[-5,-2],[-3,7],[-6,-3],[-2,1],[-4,-5],[-2,3],[-5,-5],[-4,0],[0,5],[-7,10]],[[5891,6801],[1,7],[-1,20],[3,8],[0,17],[0,10],[0,20],[0,14],[-1,14],[-1,19],[0,8],[-1,34],[-1,19],[-5,3],[-2,12],[0,10],[2,9],[0,11],[-3,6]],[[5882,7042],[1,9],[4,4],[1,4],[2,-7],[1,-9],[3,0],[2,4],[4,-4],[2,4],[3,-1],[3,-6],[3,-1],[4,3],[1,3],[3,3]],[[5981,6803],[1,-5],[-2,-1],[-1,4],[2,2]],[[2643,2675],[-2,-12],[1,-12],[2,-6],[0,-11],[3,-6],[1,-10],[2,-5],[3,-2]],[[2653,2611],[2,-7]],[[2655,2604],[-3,-10],[0,-11],[-5,-4],[-2,-1],[-2,3],[-5,-8],[0,-5],[-3,-4],[-3,4],[-3,-1],[-5,0],[-4,2],[-3,3],[-2,0],[-2,-4],[-2,1],[-2,-4],[-1,2],[-4,-2],[0,-6],[3,-8],[-3,-9],[0,-4],[1,-9],[-3,-8],[-1,-1],[-1,-4],[0,-8],[-2,-3]],[[2598,2505],[-2,6],[-2,-1],[-2,-4],[-2,-8],[-2,-3],[-4,-1],[-8,6],[-4,2],[-3,5],[-4,-1],[-3,4],[-2,5],[-3,-1],[-2,6],[-2,10],[-4,7],[-3,-1],[-2,-6],[-3,-3],[-1,-5],[-3,-3],[-3,9],[-1,-3],[-2,3],[-1,-10],[-2,0],[-2,-4],[-2,3],[-6,1],[-2,3],[-1,13],[-3,-1],[-2,-9],[-3,-8],[-3,0],[-2,-6]],[[2502,2510],[-5,5],[-6,1],[-2,1],[0,8],[-3,6],[0,7],[-1,7],[-3,7],[-1,9],[1,23],[-1,16],[1,11],[-2,13],[-1,5],[1,5],[-3,11],[-1,12],[0,10],[2,8],[0,9],[-1,8],[3,3],[4,-1],[0,6],[2,4],[1,9],[-3,8],[0,4],[-2,12],[-1,1],[1,11],[-1,5]],[[2481,2754],[1,1],[2,13],[5,10],[3,0],[1,-10],[0,-11],[-1,-4],[5,-3],[0,3],[4,-3],[2,6],[0,4],[-3,4],[2,4],[4,-5],[4,-3],[4,-1],[2,-4],[0,-5],[1,-4],[8,1],[5,-1]],[[2530,2746],[4,2],[11,-1]],[[2545,2747],[-1,-5],[2,-12],[0,-3],[2,-15],[0,-4],[1,-7],[5,0],[6,0],[1,-2],[0,-6],[1,0],[1,5],[4,0],[0,-6],[1,-1],[3,5],[1,6],[1,1],[1,-12],[6,-1],[0,6],[2,9],[2,3],[0,4],[2,4],[1,0],[1,10]],[[2588,2726],[3,12],[3,5],[1,11],[0,5],[2,3],[1,14],[1,5],[2,-9],[0,-8],[-2,-10],[3,-6],[-1,-3],[3,-2]],[[2557,2658],[-1,-1],[-2,-6],[0,-14],[-1,-3],[-4,5],[-1,-10],[0,-4],[3,-3],[3,-7],[2,-9],[4,-17],[-2,-10],[-2,-5],[3,-3],[3,8],[3,-10],[1,-6],[3,-4],[4,1],[-1,10],[0,10],[-1,7],[-2,10],[0,10],[2,13],[-2,9],[-1,6],[-2,4],[-3,2],[-2,-4],[0,8],[-2,11],[-2,2]],[[3610,2376],[3,-4],[4,-3],[1,-9],[-1,-6],[1,-8],[3,-1],[2,-6],[3,-2],[-1,-6],[5,-10],[5,-2],[6,1],[6,1],[1,-2],[6,-2],[2,-7],[5,-9],[0,-6],[4,-4],[2,2],[3,-1],[0,-4],[3,0],[3,3],[1,-1],[0,-12],[1,-3],[2,3],[2,12],[4,-2],[1,-5],[2,3],[3,11],[1,-5],[1,5],[-1,8],[2,3],[-1,5],[3,5],[-1,9],[1,2],[3,-6],[1,4],[1,-4],[7,7],[1,0],[1,-12],[6,-2],[2,-11],[2,6],[5,-7]],[[3726,2304],[0,-4],[1,-3],[0,-8],[-2,-14],[-3,-3],[-2,-12],[-1,-3],[-1,-13],[-3,-7],[-3,-3],[-1,-18],[1,-5],[0,-8],[-1,-2],[1,-7],[-2,-6],[-2,-16],[3,-15],[1,-6],[-2,-8]],[[3710,2143],[-3,-9]],[[3707,2134],[-4,2],[-3,-5],[-3,4],[0,-7],[-5,3],[-3,-3],[-3,2],[-3,-7],[0,-7],[-4,-7],[-4,3],[-3,1],[-3,-3],[-4,-2],[-3,3],[-3,-2],[-6,0],[-1,-6],[-2,-2],[-1,-5]],[[3649,2096],[-7,-5],[-7,11],[-4,5],[-2,4],[-5,12],[-3,4]],[[3621,2127],[-4,6],[-5,6],[-3,6],[-1,5],[-3,7],[-5,6],[-4,-9],[-4,-3],[-3,-2],[-3,6],[-5,1],[-1,1],[-5,-2]],[[6365,7103],[1,-4],[3,4],[1,-4],[2,-7],[3,1],[2,-2],[1,-6],[2,-9],[2,-3],[-2,-20],[2,-6],[1,-14],[0,-11],[2,-5],[4,-2],[0,-4],[1,-2],[2,-7],[2,-2],[1,-4],[-1,-6],[-3,-2],[0,-5],[2,-1],[1,-6]],[[6394,6976],[-2,-4],[-1,-10],[-4,0],[-9,-8]],[[6378,6954],[-2,8],[-4,0],[-2,3],[-4,-12],[-2,-1],[-2,-3],[-4,-2],[-1,4],[-1,-12],[0,-14],[3,3],[3,-4],[1,-5],[0,-6],[1,-7],[0,-8],[5,4],[2,-4],[1,-5],[2,-2]],[[6374,6891],[-1,-14],[1,-5]],[[6374,6872],[-4,-14],[0,-6],[-2,-1],[-2,-5],[-1,-6],[-3,-4],[-2,-7],[-4,1],[-2,-2],[-8,-3],[-4,-6],[-4,3],[1,4],[-2,4],[-2,9],[-2,-2],[-1,1],[-3,-3],[0,-6],[-4,-4],[0,-6],[-3,-1],[-1,-3],[-3,-2],[-2,-2],[-2,3],[-3,-4],[-1,-9],[-2,0],[-1,-5],[-2,-3],[0,-4],[-7,-8],[-6,-1],[-2,-3],[-1,-8],[-2,-1],[-1,-5],[-5,1],[-1,6],[-3,4],[-2,-1],[-3,2],[-2,4],[-6,-4],[-2,-6],[-2,2],[-3,-3],[-5,3],[0,5],[-2,0],[-2,3],[-2,-1],[-3,4],[-2,-2],[-3,3],[-1,-6],[-2,0],[-2,11],[0,7],[4,10],[3,13],[-2,13],[0,9],[-2,3],[-5,-3],[-5,2],[-3,4]],[[6223,6846],[-1,5],[-1,4],[0,8],[4,7],[3,2],[2,-3],[5,1],[1,3],[3,10],[2,2],[1,9],[-1,3],[2,7],[1,9],[-3,5],[-2,18],[1,10],[2,22],[0,11],[-3,10],[0,12],[1,7],[2,9]],[[6242,7017],[2,-10],[1,-3],[1,-6],[3,8],[2,-2],[2,-5],[4,2],[1,9],[3,-5],[3,-1],[4,3],[1,-3],[5,-1],[4,4],[4,1],[4,-7],[2,2],[3,-1],[1,5],[-4,2],[-3,7],[4,1],[3,4],[3,5],[5,5],[4,5],[3,3],[3,6],[6,7],[5,1],[1,-2],[3,1],[5,4],[2,4],[3,6],[3,8],[1,3],[3,12],[2,4],[2,-2],[4,2],[3,5],[3,2],[3,-2],[6,5]],[[6374,6872],[0,-3],[8,-8],[1,-9],[4,-4],[1,-2],[4,-5],[3,2],[1,-4],[-1,-15],[2,-4],[0,-3],[3,-3],[2,-12],[-1,-3],[1,-9],[2,-7]],[[6404,6783],[-7,-3],[2,-7],[-5,0],[-1,2],[-3,1],[-9,-8],[-3,1],[-3,5],[-2,-7],[-2,4],[-1,-2],[0,-9],[-1,-6],[-3,6],[-3,0],[-3,-4],[3,-8],[-2,-3],[-4,-1],[-5,-2],[-1,-5],[-2,4],[-2,-7],[-1,4],[-5,4],[-1,-3],[-3,1],[-3,-1],[-3,2],[-4,-2],[-2,-3],[-4,-1],[-3,1],[-3,-4],[-1,-6],[-4,0],[0,4],[-4,-3],[-4,2],[-3,0],[-2,-1],[-2,-8],[-1,-2],[-5,1],[-2,-3],[-3,2],[-1,-7],[-3,4],[-6,-3],[-1,-6],[-2,-3],[-2,0],[-4,-2],[-1,4],[-3,1],[-4,-3],[-1,-8],[-4,-3],[-4,2],[-1,3],[-2,-2],[-2,4],[-4,-5],[-3,2],[-2,-6],[-3,-3],[-7,1],[-3,-2],[-1,-6],[-2,1],[-2,3],[0,5],[-5,1],[-3,4],[-4,4],[-3,0],[-10,-9],[-3,4],[-1,2]],[[6187,6695],[1,3],[-1,18],[3,3],[1,14],[3,9],[4,7],[3,11],[1,3],[0,6],[-5,7],[-1,21],[6,5],[1,7],[-1,8],[-4,6],[-1,7],[2,12],[0,6]],[[6199,6848],[3,0],[4,1],[1,3],[3,0],[1,2],[4,-14],[5,1],[3,5]],[[6394,6976],[5,-13]],[[6399,6963],[-1,-8],[2,-15],[1,1],[0,6],[2,9],[-1,3]],[[6402,6959],[2,3],[2,-1],[1,13],[-1,8],[2,6],[0,5],[4,2],[2,4],[0,6],[2,0],[2,7],[1,0],[3,8],[0,12],[1,4],[2,11],[1,1],[0,12]],[[6426,7060],[7,8],[5,0],[2,5],[2,-3],[-1,-7],[0,-7],[1,-9],[1,-3],[1,-6],[2,-16],[2,1],[3,-7],[1,-10]],[[6452,7006],[-3,-8],[-3,-1],[0,-2],[-3,-10],[-4,-10],[-3,-15],[0,-19],[1,-5],[0,-8],[-2,-4],[-2,-3],[-3,4],[-1,-13],[-4,1],[1,-8],[-3,-5],[-2,-8],[0,-6],[-3,-9],[3,-1],[2,-5],[1,-8],[0,-13],[-1,-1],[-1,8],[-4,-1],[-3,-6],[-1,-9],[-4,-7],[-3,-3],[1,-13],[2,-6],[-1,-4],[1,-8],[0,-4],[2,-6],[-3,-3],[-1,1],[-1,7],[-2,-2],[0,-9],[-1,-1]],[[6374,6891],[2,4],[6,2],[-2,11],[1,6],[-2,2],[-1,8],[-2,15],[0,8],[2,7]],[[6199,6848],[-3,5],[-3,0],[-1,4],[-3,6],[1,10],[-2,5],[-5,3],[-4,4],[-9,1],[-4,0],[-6,10],[0,3],[-3,8],[-1,5],[-1,2],[-2,6],[-8,-1],[-3,1],[-4,12],[-2,9],[1,12]],[[6137,6953],[4,9],[1,12],[-1,4],[0,5],[-4,9],[-1,7],[-3,1],[-1,6],[-3,4],[-1,4],[-2,0],[-1,3],[-4,0],[0,4],[-2,3],[-3,-2],[-7,12],[0,8],[-2,6],[1,6]],[[6108,7054],[0,1],[6,-2],[1,-3],[1,-4],[3,-5],[3,-1],[2,4],[2,8],[-4,6],[-3,12],[4,1],[2,-8],[3,1],[2,3],[5,-2],[0,8],[2,1],[1,-9],[1,-16],[3,0],[2,-2],[6,-2],[9,0],[1,-4],[4,6],[3,-5],[2,1],[1,5],[2,-5],[0,-4],[1,-5],[2,2],[2,5],[4,1],[1,-4],[4,-4],[4,0],[5,-2],[6,-1],[4,3],[4,8],[4,0],[3,-2],[9,-11],[6,-4],[4,-10],[1,0],[1,7],[5,-5]],[[5845,3919],[21,-30],[4,-9],[6,-17],[0,-7],[2,-4],[8,-2],[0,-3],[3,-6],[-1,-12]],[[5888,3829],[1,-6],[-4,-1],[-1,-8],[-3,-12],[-1,-10],[-1,-6],[0,-3],[-2,-7],[-3,-17],[-2,-3],[1,-5],[-1,-16],[1,-5],[-1,-12],[2,-15],[0,-7],[2,-8],[4,-4],[1,-7],[4,-6],[1,-7],[4,-3],[-2,-5],[-2,-1],[-3,-7],[-3,-10],[-5,-7],[0,-6],[-4,3],[-1,-6],[0,-7],[-6,0],[-2,-5],[-2,6],[-8,3],[0,2],[-5,1],[-2,-1],[-7,5],[-5,8],[-3,4],[-3,9],[-5,2],[-2,-1],[-5,-1],[-2,-3],[-5,4],[-2,-6],[-4,-5],[-2,0],[-5,7],[1,4],[-3,10],[-1,5],[-3,2],[-2,-3],[-2,7],[-1,14],[-2,-11],[-3,5],[-2,0],[-4,6],[-2,0],[-3,3],[-3,6],[-1,5],[-2,4],[-2,6],[-2,0],[1,13],[-2,1],[-2,12],[-2,4],[-2,-2],[-1,5],[0,5],[0,20],[1,18],[-1,10]],[[5750,3793],[5,0],[3,5],[1,-2],[6,8],[2,-1],[3,2],[1,-4],[3,1],[3,-1],[2,4],[2,-1],[2,7],[3,-1],[1,-3],[4,2],[3,7],[5,4],[4,11],[1,0],[2,5],[-2,3],[1,12],[4,2],[1,3],[3,11],[2,0],[3,10],[2,6],[1,1],[1,8],[1,6]],[[5823,3898],[0,5],[9,5],[8,11],[5,0]],[[5875,3314],[-4,0],[-10,-2],[-5,0],[-1,-7],[0,-23],[-1,-11]],[[5854,3271],[-1,4],[1,8],[-1,9],[-2,6],[-2,5],[-1,11],[-4,-1],[-6,11],[-4,20],[-2,4],[-5,19],[0,11],[-2,1],[-4,8],[0,9],[2,5],[2,16],[0,7],[-1,5],[1,2],[4,1],[-3,15],[1,5],[4,11],[2,1],[2,-7],[2,1],[2,9],[-3,7],[-2,4],[-2,1],[-1,7],[1,5],[0,1],[1,2],[0,-2],[1,-4],[1,-1],[1,-6],[2,8],[-4,-1],[0,5],[-1,1],[0,1],[3,11],[5,12],[2,-1],[1,-6],[-1,-2],[0,-10],[1,-1],[5,-7],[1,-4],[2,2],[-1,8],[0,6],[3,11],[2,2],[2,-1],[2,-5],[0,-5],[2,-7],[-1,-7],[-1,-12],[1,-1],[1,-7],[1,-3],[0,-8],[1,-3],[3,-5],[1,4],[2,6],[3,1],[0,-6],[5,-16],[-1,-6],[2,-7],[1,-11],[-1,-5],[-3,-3],[-3,0],[2,-7],[0,-4],[2,-3],[-1,-11],[1,-4],[0,-15],[-3,-5],[-1,-12],[1,-4],[0,-7],[0,-4],[1,-3],[0,-16]],[[5830,3464],[-3,-3],[1,9],[2,10],[0,0],[2,-9],[-2,-7]],[[5896,3660],[-1,-7],[-2,0],[-1,4],[2,3],[2,0]],[[5878,3324],[-1,3],[1,7],[1,1],[-1,-11]],[[4136,1699],[-3,11],[0,12],[-3,6],[-1,5],[-2,4],[-3,1],[-4,7],[-2,0],[-3,7],[-4,5],[-2,6],[-6,6],[-1,-2],[0,-7],[-3,0],[-1,-3],[-3,8],[0,-3],[0,-11],[-3,-2],[-1,2],[-5,0],[-2,-7],[-3,4],[-2,0],[-2,7],[-2,-5],[-1,-6],[-3,2],[-4,18],[-1,1],[-2,6],[-5,0],[-3,15],[-1,11],[-6,-3]],[[4049,1794],[-1,4],[-2,-1],[-1,4]],[[4045,1801],[3,7],[5,7],[1,9],[1,1],[3,6],[1,4],[2,2],[1,4],[3,7],[3,14],[1,13],[-1,9],[1,6],[3,8],[5,0],[5,-4],[3,-6],[4,2],[2,-1],[3,10],[3,1],[2,-2],[5,-1],[5,4],[0,2],[4,-2],[0,9],[1,1],[2,6],[3,-5],[4,1],[2,-4],[3,9],[8,3],[6,-2],[2,-20],[2,-6],[0,-11],[2,-9],[-1,-14],[0,-11],[2,-6],[0,-5],[2,-5],[1,-20],[0,-7],[3,-13],[-1,-4],[2,-3],[3,6],[6,5],[4,-2],[4,-3],[3,-5]],[[5389,3825],[2,6],[7,-3],[4,2],[2,-2],[4,6],[1,4],[2,-3],[2,-3],[5,-5],[6,1],[2,-3],[2,7],[2,3],[4,-4],[5,4],[3,10],[1,2],[1,8],[-1,14],[1,8],[1,11],[-2,7],[-1,10],[1,1],[3,-1],[2,0],[3,6],[0,8],[1,10],[-2,7],[-2,1],[0,7],[1,7],[0,7],[-1,5],[1,8],[-2,3]],[[5447,3974],[-1,8],[1,14],[6,-2],[4,6],[1,8],[3,5],[1,-3],[4,-2],[3,1],[4,-6],[5,-1],[2,2],[1,-5],[1,-11],[1,-5],[2,-2],[3,4],[4,12],[4,-1],[4,5],[4,0],[3,6],[1,4],[3,0]],[[5511,4011],[1,-6],[0,-10],[-2,-8],[0,-18],[5,-12],[1,-6],[0,-8],[0,-6],[-3,-11],[-3,-9],[-1,-8],[-3,-5],[0,-9],[1,-6],[4,-10],[2,-9],[2,-4],[2,-1],[1,-7],[-1,-6],[-2,1],[-2,-13],[1,-9],[1,-14],[-1,-6],[1,-4],[3,-23],[8,-12],[1,-5],[0,-8],[2,-2],[-1,-4],[-5,-15],[-3,-6],[-2,-7],[-1,-7],[1,-6],[-1,-10],[-1,-6],[-1,-7],[-1,-10],[1,-7],[-1,-8],[0,-17],[-4,-3],[-2,2],[-4,0],[-4,-8],[-3,-10],[-1,-9],[1,-9],[1,-2],[0,-6],[-3,-1],[0,-8],[2,-2],[1,-4],[-1,-4],[-2,-1],[0,-7],[2,-5],[-1,-4],[0,-5],[1,-11],[-1,-3],[-2,-17],[0,-5],[2,0],[0,-7],[-2,-5],[0,-8],[-1,-8],[0,-12]],[[5493,3485],[-5,4],[-1,-5],[-2,12],[-5,1],[-2,-5],[-3,2],[-3,13],[-2,4],[-1,-5],[-3,1],[0,5],[-2,4],[-2,0],[-3,9],[-1,-1],[-1,-6],[-2,-4],[-1,-5],[-2,-2],[-3,0],[-1,-5],[-2,-9],[-1,-1],[-1,-13],[-2,-3],[-5,0],[-2,-2],[-2,5],[-2,-6],[-3,1],[-1,5],[-3,-6],[0,-4]],[[5424,3469],[-1,0],[-6,6],[-1,-3],[-2,1],[-3,9],[-2,3],[-1,9],[-3,4],[-4,-1]],[[5401,3497],[-2,7],[0,10],[-1,2],[0,8],[2,8],[1,0],[2,8],[1,4],[2,7],[0,5],[1,8],[-1,9],[2,16],[0,5],[1,7],[3,5],[1,0],[4,15],[-1,5],[-3,4],[1,6],[4,10],[1,13],[0,6],[2,9],[3,2],[1,6],[-4,8],[-4,4],[-5,16],[-3,0],[-3,8],[-1,-7],[-3,-8],[-2,2],[-3,-1],[-1,-4],[-5,-8],[-1,-4],[0,-15],[-1,-9]],[[5389,3664],[-4,0],[-3,-7],[-2,-1],[-1,9],[-2,3],[-2,-2],[-3,-6],[-3,-1],[-1,4],[-3,8],[0,6]],[[5524,3847],[3,-1],[-1,-4],[-2,-6],[-1,0],[0,10],[1,1]],[[5530,3822],[-2,3],[2,5],[1,-1],[-1,-7]],[[6187,6695],[-2,3],[-2,9],[-4,-6],[-1,-5],[-5,-4],[-3,2],[-7,-2],[-2,1],[-3,-5],[-4,4],[-3,1],[-3,2],[-2,-1],[-5,4],[-5,11],[-4,5],[-2,13],[-2,4],[-3,9],[-4,3],[-3,1],[-4,9],[-4,16],[0,4],[-2,7],[-2,3],[-1,5],[-3,3]],[[6102,6791],[2,3],[1,11],[-3,3],[-2,9],[0,5],[2,12],[1,17],[-7,5]],[[6096,6856],[2,10],[-2,5],[-3,3],[-2,5],[1,3],[3,14],[1,6],[2,5],[2,14],[-1,3],[1,14],[-1,8],[0,8],[0,5],[1,6],[-3,4],[1,9],[0,4]],[[6098,6982],[3,2],[2,-5],[7,-6],[0,-9],[2,-4],[6,6],[0,-10],[7,-2],[3,1],[1,3],[4,0],[1,-2],[3,-3]],[[9700,3527],[32,-23],[25,-17],[42,-30],[10,-5]],[[9809,3452],[19,-9],[34,-13],[36,-14],[30,-11],[16,-6],[33,-14],[18,-8]],[[9995,3377],[0,-121],[0,-51],[0,-117],[0,-95],[0,-72],[0,-150],[-3,1],[-3,-4],[-3,2],[0,-8],[2,-3],[-2,-10],[4,-5],[-4,-3],[-3,1],[-1,-5],[1,-7],[1,-1],[3,4],[4,-1],[-1,-4],[-5,-4],[-1,-4],[-2,-3],[0,-3],[3,-2],[-1,-9],[-1,-1],[-2,5],[-2,7],[-2,-2],[-1,-6],[2,-7],[3,-1],[0,-6],[-3,-1],[0,-5],[1,-3],[2,-1],[2,1],[0,-6],[3,-3],[-3,-4],[-4,0],[-2,-8],[0,-7],[2,-6],[0,-7],[-1,-7],[-3,-5],[-4,-1],[-1,-7],[1,-2],[3,4],[1,-5],[-1,-7],[-2,-5],[-3,2],[-2,-6],[-5,-3],[0,-5]],[[9962,2595],[-34,-75],[-34,-77],[-24,-53],[-27,-61],[-53,-117]],[[9790,2212],[0,70],[1,99],[1,118],[1,131],[0,74],[-62,9],[3,17],[5,14],[3,7],[2,8],[2,10],[0,10],[1,12],[-1,3],[-5,7],[-2,7],[0,21],[1,9],[2,7],[7,2],[-10,94],[-7,60],[-14,127],[0,73],[0,91],[-5,120],[-13,115]],[[3437,2223],[-2,-6],[-3,1],[-1,-4],[-4,0],[-3,-13],[2,-8],[1,4],[0,7],[3,2]],[[3430,2206],[0,-8],[1,-10]],[[3431,2188],[0,-1]],[[3431,2187],[1,-12],[-1,-13],[-2,-7],[3,-4],[-3,-5],[-4,-9],[1,-31],[1,-5],[4,-5],[1,2]],[[3432,2098],[1,-19],[2,-19]],[[3435,2060],[-2,-6],[-1,-1]],[[3432,2053],[-5,6],[-3,-1],[-4,2],[-1,-3],[-4,1],[-1,-3],[-2,-1],[1,-5]],[[3413,2049],[-1,-4],[3,-3],[-2,-18],[-3,-6]],[[3410,2018],[-2,1],[-1,4],[-2,-2],[-3,2],[-4,-1],[-8,7],[-2,3],[-1,-11],[-1,3],[-2,-2],[-2,2],[-1,-3],[-5,-10],[-1,-13],[-4,4],[-2,6],[0,5],[-2,8],[-2,2],[-5,20],[-3,6],[-3,0]],[[3354,2049],[-1,3],[-7,11],[-4,2],[1,8],[5,3],[4,11],[0,7],[1,7]],[[3353,2101],[2,15],[2,8],[2,4],[4,3],[0,-3],[4,-2],[2,-2],[1,-14],[3,3],[3,0],[2,-5],[2,9],[3,-3],[1,1],[1,-7],[0,-11],[-1,-4],[3,-5],[0,-4],[2,-3],[4,-2],[2,0],[5,-3],[0,8],[1,4],[-2,3],[-3,0],[-2,4],[1,7],[-2,-2],[0,5],[2,4],[1,6],[0,23],[-3,5],[2,6],[1,13],[1,14],[-2,0],[-4,-4],[-1,1],[-2,9],[0,8],[0,7],[5,1],[0,9],[3,6],[-2,10],[-1,10],[1,6]],[[3394,2239],[4,1],[2,-5],[3,0],[1,-6],[4,-3],[1,12],[2,4],[-1,4],[-2,2],[-1,8],[1,2],[3,2],[4,11],[1,8],[1,5],[3,2],[1,-5],[-2,-3],[0,-6],[3,-4],[1,-5],[4,-4],[1,-5],[-1,-11],[-2,-6],[0,-7],[-1,-5],[5,0],[4,9],[1,6],[2,2],[2,10],[4,-2],[2,-6],[-3,-2],[-4,-13],[0,-6]],[[3033,2173],[-3,0],[-1,10],[-3,-3],[-3,4],[-1,6],[-1,9],[-3,1],[-1,6],[-2,2],[-4,0],[-2,7],[-1,5],[2,7],[-9,5],[0,7],[-2,9],[-4,-5],[-4,9],[-3,-1],[-2,3],[-2,-2],[-4,3],[0,7],[-4,10],[-1,-2],[-1,9]],[[2974,2279],[1,1],[5,15],[1,6],[5,2],[1,-2],[3,2],[2,9],[-1,8],[2,8],[1,7],[-2,8],[-1,6],[1,4],[2,1],[1,8],[-2,5],[0,4],[-3,2],[-2,6]],[[2988,2379],[0,3],[0,15],[1,8],[-3,10],[5,17],[0,6],[1,0],[5,9],[4,20],[1,2],[0,16],[2,11],[-1,10],[1,6]],[[3004,2512],[-1,-6],[1,-4],[2,-4],[0,-4],[2,-6],[2,-1],[1,-3],[10,-7],[4,-4],[4,0],[3,4],[2,7],[2,0],[4,4],[3,4],[0,5],[3,-1],[3,4],[3,-1],[1,4],[0,6],[2,3],[0,-11],[1,1],[1,-8],[0,-6],[-2,-1],[6,-20],[1,-3]],[[3062,2464],[-4,-11],[0,-8],[-1,-2],[0,-8]],[[3057,2435],[-1,-2],[1,-16],[1,-5],[-1,-7],[0,-13],[-2,-7],[1,-11],[-1,0],[-1,9],[-3,-1],[-1,-5],[-4,1],[1,-6],[-3,-18],[2,-7],[-2,-7],[-3,4],[-1,-4],[-3,-7],[-3,0],[-1,-4],[2,-4],[0,-6],[2,-1],[0,-15],[-1,-4],[-6,-5],[2,-12],[2,-1],[1,6],[2,4],[1,0],[2,-6],[3,1],[3,-2],[2,2],[2,-5],[3,0],[0,8],[1,4],[2,1],[2,-5],[1,-6],[-1,-5],[-4,-11],[-2,-8],[2,-6],[3,-3],[1,-8],[6,1],[1,-1],[1,-4],[8,-15],[3,4],[1,0],[0,-6],[-2,1],[-1,-8],[2,-4]],[[4385,1632],[-2,3],[-4,-9],[-3,-3],[-3,-5],[-3,-2],[-2,-6],[0,-8],[-1,0],[-1,-6],[-3,-2],[-5,-1],[-7,7],[-2,-3],[-3,-1],[-3,5],[-1,5],[-3,-6],[-2,-2],[-2,-9],[1,-5],[-2,-7],[-1,-12],[-3,1],[-1,-5],[0,-10]],[[4329,1551],[-5,4],[-2,7],[0,5],[-6,11],[-2,-2],[-4,4],[-1,-2],[-3,3],[-1,10],[0,9],[-1,7],[-1,13],[1,4],[-2,5],[-2,-3],[-3,2],[-1,-6],[-3,9],[-2,10],[-2,5],[-4,4],[-5,11],[-3,-6],[0,-7],[-1,-7],[-2,4],[-2,1],[-3,-2],[-2,4],[-3,3],[-1,9],[-2,9],[-5,5],[-4,-2],[-1,-6],[-4,-5],[-5,4],[-2,-8],[-2,0],[-4,6],[-3,-2],[-5,3],[0,11]],[[4226,1675],[3,5],[-3,3],[-2,2],[-1,14],[-2,9],[0,9],[1,5],[3,1],[5,-2],[3,1],[3,-5],[4,-18],[-1,-6],[2,-7],[5,13],[3,1],[3,5],[3,2],[1,-11],[1,0],[5,7],[2,-1],[2,-6],[1,4],[2,-7],[2,1],[2,-3],[2,2],[3,-1],[3,-6],[5,-3],[4,-5],[4,-3],[2,0],[8,-7],[1,-3],[4,-2],[1,2],[4,-3],[3,0],[7,8],[2,-1],[3,2],[1,-2],[11,2],[4,4],[1,5],[3,1],[1,6],[5,6],[3,13],[4,9],[3,3],[4,10],[4,4],[6,8],[5,2],[4,-7],[7,-6],[2,0],[5,-3],[3,-6],[3,-4],[3,-1],[3,-4],[3,1],[4,-9],[8,-5],[3,-5],[3,-5],[2,-1],[6,-5],[1,-3]],[[4444,1679],[-4,-4],[-1,-4]],[[5421,3341],[1,8],[2,1],[5,8],[3,3],[3,-9],[3,-1],[1,-5],[4,5],[1,4],[3,-2],[2,7],[3,1],[1,3],[3,2],[3,3],[3,12],[1,-6],[3,-3],[2,-5],[2,1],[4,3],[1,3],[4,-1],[2,3],[2,0],[3,-3],[1,3],[4,-1],[3,7],[4,-6],[2,1],[3,4]],[[5503,3381],[2,-3],[0,-5],[3,-7],[3,-5],[2,-6],[4,-5],[2,1],[0,-11],[-1,-2],[0,-10],[2,-11],[1,-6],[4,-22],[-2,-5],[0,-7],[3,-5],[2,-1],[-1,-12],[1,-10],[0,-8],[1,-14],[-1,-3],[0,-8],[3,-3],[0,-7],[1,-14],[2,-7],[-3,0],[-3,7],[-3,-2],[-2,2],[-7,13],[-3,10],[-3,20],[-2,7],[-2,6],[-7,4],[-3,-6],[-2,-9],[-3,-3],[-8,0],[-4,-2],[-2,-5],[-3,-4],[-2,-6],[-4,1],[-3,-5],[-2,-5],[-3,-2],[-6,-3],[-1,2]],[[5524,3174],[3,-2],[1,-3],[-3,-8],[-2,1],[-1,6],[2,6]],[[4621,7751],[-3,3],[-4,7],[-3,8],[-4,4],[-5,3],[-4,-3],[-2,-5],[-3,12],[-3,9],[-5,2],[-3,0],[-3,-4],[-3,-6],[-3,-2],[-4,13],[-4,12],[-4,21],[-2,11],[0,8],[2,4],[1,-3],[6,-5],[2,5],[3,12],[0,6],[2,6],[-1,6],[5,12],[2,10],[4,4],[-1,5],[0,11],[2,4],[4,0],[4,6],[1,-1],[3,4],[1,-3],[2,4],[2,11],[1,8],[7,24],[1,5],[4,0],[1,-5],[2,-1],[2,6],[4,25],[1,6],[1,2],[1,12],[2,8],[0,8],[2,3],[-1,12],[1,7],[0,10],[-2,11],[2,9],[0,6],[2,5],[6,8],[3,12],[2,7],[4,6],[0,6],[6,9],[0,7],[1,9],[2,6],[2,3],[9,4],[0,4],[2,3],[8,17],[6,9],[3,3],[0,12],[1,4],[3,2],[2,7],[0,9],[3,5],[3,11],[4,-1],[0,2],[1,17],[4,8],[3,3],[8,4],[3,3],[1,12],[0,7],[-1,9],[-2,8],[-2,5],[0,5],[3,11],[1,12],[0,11],[6,-1],[1,4],[2,2],[2,7],[3,5],[0,9],[0,10],[-1,3],[0,12],[1,14],[-2,10],[-1,4],[-2,10],[-2,16],[0,4],[-4,11],[-1,2]],[[4725,8504],[5,2],[1,-7],[1,0],[8,10],[2,-1],[1,4],[4,-3],[6,5],[2,-1],[3,2],[1,-3],[2,4],[3,0],[5,-4],[1,-3],[5,4],[3,-2],[3,2],[2,4],[3,4],[3,1],[3,-2],[1,-4],[3,2],[3,-9],[0,-9],[1,-5],[3,0],[1,-5],[2,-5],[4,3],[1,4],[2,-4],[3,4],[3,-8],[0,-4],[2,-4],[3,6],[5,-5],[1,-6],[2,-5],[7,40],[1,7],[-1,6],[2,4],[0,8],[1,2],[2,-4]],[[4844,8529],[0,-5],[5,-5],[1,-6],[1,-8]],[[4851,8505],[4,-6],[3,2],[2,-9],[4,-9],[-1,-11]],[[4863,8472],[-1,-1],[-3,-16],[-2,-12],[-2,-4],[2,-3],[0,-6],[2,0],[2,9],[2,0],[2,-6],[-4,-16],[-8,-5],[-2,-6],[-3,1],[-2,14],[-1,3],[-4,-3],[-3,3],[-2,6],[-4,-1],[-4,0],[-5,3],[-3,-1],[-2,2],[-1,-5],[7,1],[2,-4],[3,-2],[1,1],[6,-6],[2,-13],[2,-3],[-1,-6],[-2,-5],[-6,5],[-5,-6],[1,-6],[2,1],[2,8],[3,-4],[3,-1],[2,4],[4,10],[1,2],[2,-3],[2,-15],[0,-11],[4,11],[2,2],[5,0],[6,-9],[2,-1],[2,5],[3,0],[3,-6],[4,-12],[1,-6],[-1,-3],[-3,1],[-2,-4],[-2,-5],[-5,1],[-2,-4],[-2,-7],[-1,1],[-1,8],[-2,3],[-2,-7],[1,-15],[0,-7],[-1,0],[-1,6],[-2,-2],[2,-16],[4,-1],[3,-5],[0,-14],[-2,-4],[-2,-8],[0,-6],[-1,-4],[-2,-12],[2,-5],[0,-6],[2,1],[-1,10],[2,2],[1,-3],[1,0],[4,1],[1,4],[4,2],[4,-4],[2,-6],[-2,-1],[0,-4],[3,-5],[3,2],[2,-7],[7,-8],[1,-3],[2,-1],[2,2],[1,-10],[3,-3],[2,-1],[4,2],[1,-15],[1,-2],[4,-2],[4,-4],[2,4],[2,1],[3,-6],[-2,-5],[-2,-9],[-2,-3],[-4,-2],[-1,2],[-3,-2],[4,-11],[6,-2],[9,-6],[2,1],[7,-7],[1,0],[4,-10],[4,-4],[3,0],[2,-17],[0,-16],[-1,-15],[0,-8],[2,-14],[3,-12],[6,-11],[6,-18],[4,-12],[5,-14],[2,-11],[5,-15],[4,-12],[4,-7],[2,-3]],[[4956,8622],[2,-3],[1,-7],[5,-13],[1,-19],[2,-14],[2,-4],[0,-8],[-2,-7],[-5,3],[-4,12],[-2,1],[-4,9],[-2,2],[-3,6],[-3,7],[-2,10],[0,10],[1,7],[4,7],[5,5],[1,3],[3,-7]],[[4892,8321],[5,0],[1,-2],[1,-14],[-1,-2],[-2,3],[-3,2],[1,6],[-1,3],[-3,0],[-1,3],[-1,-1],[-1,-2],[0,-2],[1,-3],[-1,-7],[-1,1],[-1,1],[-1,-4],[1,-3],[-2,-16],[-1,-2],[-3,2],[-2,-9],[1,-8],[-1,-6],[-3,-1],[-4,2],[-2,-2],[-1,-4],[-5,-1],[-2,3],[-2,-3],[-1,4],[4,14],[0,10],[4,10],[2,-1],[2,0],[1,4],[0,3],[4,7],[2,7],[4,0],[5,6],[7,2]],[[4874,8607],[9,-1],[6,-4],[8,-9],[5,-4],[9,-12],[2,-8],[-2,-8],[-10,1],[-3,-2],[-3,11],[-1,-1],[-4,9],[-2,1],[-4,-4],[-3,7],[-3,3],[-3,-3],[0,5],[1,5],[-2,6],[-5,2],[-1,3],[1,6],[5,-3]],[[4875,8483],[7,-7],[6,-5],[4,-12],[1,-5],[-2,-10],[-10,0],[-3,0],[3,7],[1,6],[-1,5],[-2,1],[-1,-2],[-2,-12],[-2,-3],[-5,0],[-4,-2],[-2,3],[-1,3],[2,8],[-2,9],[1,3],[2,-4],[4,5],[4,9],[2,3]],[[4904,8225],[6,-1],[3,-1],[4,-3],[4,-2],[4,1],[9,0],[1,-1],[0,-13],[-3,-6],[-4,1],[-4,-5],[-4,4],[-2,-3],[-1,-3],[-3,3],[-6,2],[0,7],[-2,10],[-3,-3],[-3,1],[-3,4],[1,10],[3,0],[3,-2]],[[4924,8274],[1,-8],[-1,-6],[5,-4],[1,-4],[-1,-3],[-5,-6],[-5,-1],[-6,-5],[-4,0],[-4,-3],[0,5],[1,2],[-1,2],[-2,0],[1,6],[-3,5],[4,6],[2,6],[5,4],[5,-2],[4,6],[3,0]],[[4879,8347],[0,2],[3,-6],[1,-5],[-3,-3],[-4,-5],[-2,-9],[0,-5],[-3,-13],[-3,0],[-2,3],[-1,-2],[0,-7],[-2,-6],[0,6],[1,2],[-2,7],[0,8],[3,3],[0,7],[2,3],[-1,7],[-2,3],[2,8],[7,1],[2,6],[2,1],[2,-6]],[[4914,8317],[1,-6],[-2,-19],[-3,-1],[0,-4],[-6,-16],[-1,0],[-1,13],[-3,7],[-3,1],[-4,-2],[-1,3],[3,11],[2,1],[2,-4],[2,4],[-1,9],[2,-4],[3,-2],[4,6],[6,3]],[[4913,8623],[4,-4],[4,-7],[2,-4],[-1,-5],[-7,-5],[-5,4],[-5,7],[-4,3],[-5,0],[-1,1],[-5,10],[-1,5],[4,-2],[3,-5],[3,1],[2,7],[1,-1],[11,-5]],[[4884,8522],[3,-1],[1,-11],[0,-6],[1,-13],[-2,-8],[-9,3],[-1,4],[-1,29],[2,2],[6,1]],[[4932,8186],[5,-6],[2,-11],[-2,-2],[-6,-1],[-2,-4],[-3,-1],[-5,1],[-3,10],[4,12],[5,8],[2,1],[3,-7]],[[4879,8254],[4,0],[2,-5],[2,0],[2,-4],[4,-1],[1,3],[5,2],[1,3],[3,-3],[0,-6],[2,-1],[-3,-8],[-3,-4],[-3,-1],[-3,2],[-4,0],[-3,6],[-3,2],[-1,5],[-2,1],[-2,-2],[-2,3],[3,8]],[[4927,8242],[5,-1],[2,-10],[-1,-7],[-3,-1],[-4,1],[-4,-1],[-3,0],[-6,3],[-5,0],[-1,5],[3,1],[3,3],[5,3],[5,0],[4,4]],[[4883,8257],[-2,-2],[-3,0],[-1,3],[3,4],[2,-1],[1,2],[0,7],[10,15],[4,3],[3,-1],[0,-3],[0,-9],[-2,2],[-1,-4],[1,-5],[-3,-12],[-1,8],[-2,1],[-1,3],[-1,-3],[-1,-1],[-2,-6],[-3,1],[-1,-2]],[[4863,8335],[3,-4],[-1,-4],[-1,-10],[-3,-3],[-2,-4],[-3,-1],[-1,4],[1,8],[2,0],[2,7],[1,-1],[1,5],[-4,2],[0,11],[2,3],[1,-2],[0,-8],[2,-3]],[[4878,8445],[-3,-5],[-2,-8],[-2,-4],[-3,1],[-3,9],[-4,6],[1,3],[4,-4],[3,2],[5,0],[3,5],[1,10],[2,2],[1,-8],[-1,-4],[-2,-5]],[[4903,8311],[-3,9],[-1,4],[4,4],[7,2],[4,-4],[-1,-5],[-6,-4],[-4,-6]],[[4893,8339],[5,-3],[3,0],[2,-2],[-1,-5],[-3,-3],[-3,2],[-4,-3],[-5,3],[0,2],[3,8],[3,1]],[[4898,8256],[-6,-10],[-1,7],[-3,5],[1,5],[3,2],[2,-2],[0,-8],[1,1],[3,12],[-1,6],[3,-1],[1,-7],[0,-6],[-3,-4]],[[4890,8316],[4,-2],[-2,-10],[0,-6],[-1,-4],[-2,-2],[-3,8],[-1,0],[0,6],[1,-1],[1,0],[1,0],[0,5],[0,2],[-1,4],[2,3],[1,-3]],[[4886,8281],[-1,-4],[-1,-4],[-1,-4],[0,-6],[-3,1],[-2,3],[2,6],[-1,9],[3,-1],[3,10],[1,-10]],[[4861,8447],[0,-6],[-2,-3],[-1,-7],[-2,8],[2,7],[1,9],[3,9],[1,-6],[-2,-11]],[[4886,8330],[-1,-5],[-7,-10],[-1,0],[-1,6],[5,8],[5,1]],[[4845,8417],[-1,-8],[-2,-6],[-3,2],[-1,12],[7,0]],[[4909,8355],[3,0],[1,-4],[0,-5],[-4,-2],[-4,8],[4,3]],[[4886,8617],[-5,3],[-2,7],[0,4],[6,-8],[1,-6]],[[4889,8290],[-2,-6],[-2,8],[1,6],[2,-6],[1,-2]],[[4907,8331],[-3,-1],[1,6],[3,2],[2,-1],[0,-5],[-3,-1]],[[4906,8348],[0,-6],[-4,-4],[-1,7],[5,3]],[[4869,8299],[0,-4],[-1,-3],[-1,0],[-2,12],[2,0],[2,-5]],[[4915,8330],[3,-5],[-2,-2],[-1,7]],[[4916,8161],[-4,4],[1,3],[3,-7]],[[1632,5534],[-5,-3],[-2,-4],[-5,-13],[-5,-11],[-8,-9],[-1,0],[-2,9],[-6,13],[-2,-3],[-2,2],[-3,-6],[0,-5],[-2,-4],[-3,-2],[-6,-14],[-7,-7],[-3,-8],[-2,-3],[0,-7],[-2,-6],[-2,-2],[-6,-2],[-3,2],[-4,-1],[-3,-3],[1,-11],[1,-8],[0,-5],[-2,-6],[-1,0],[-2,-7],[0,-6],[-3,-10],[-2,1],[-2,6],[-4,-1],[-3,-4],[0,-5],[-2,-1],[-1,-7],[-2,-3],[-3,0],[-3,4],[-2,-6],[-2,6],[-2,16],[-2,1],[-2,8],[-3,-3],[-2,8],[-5,3],[-3,4],[-2,-2],[-1,-4],[-2,5],[-3,0],[-3,6],[-1,-1],[-4,6],[-3,-7],[-5,1],[-2,-3],[-2,-8],[-3,-7],[-5,-4],[-1,-5],[-3,-2],[-5,2],[-3,-3],[0,3],[-4,1],[-4,-4],[-1,-5],[-1,-1]],[[1439,5389],[-4,8],[-5,18],[-6,11],[-12,32],[-2,7],[-4,8],[-3,11],[-5,16],[-2,5]],[[1396,5505],[2,5],[4,3],[5,5],[4,-3],[1,3],[0,10],[4,16],[1,7],[5,14],[2,2],[2,8],[2,0],[5,9],[2,5],[4,6],[0,3],[4,9],[4,9],[1,4],[3,14],[2,8],[2,6],[4,9],[-1,12],[-4,4],[-1,10],[6,16],[-1,11],[-1,7],[-1,10],[-3,12],[0,7],[4,14],[0,6],[1,2],[0,6],[3,3],[8,-2],[2,3],[1,6],[2,2],[4,0],[10,32],[3,10],[1,5],[2,3]],[[1494,5836],[2,2],[-1,6],[3,-4],[2,-6],[1,0],[1,6],[5,-1],[0,-4],[5,-2],[-1,-7],[2,0],[-1,-6],[-2,-2],[0,-6],[-3,-12],[0,-7],[2,-4],[4,0],[-2,-13],[0,-8],[-2,-3],[-8,0],[-3,-2],[0,-7],[-3,-6],[-1,-8],[-2,-5],[-1,-7],[4,-16],[3,-6],[10,-10],[14,-10],[3,-2],[2,-4],[5,2],[4,-1],[1,-7],[2,-6],[4,-3],[3,0],[4,-16],[2,-7],[4,4],[4,1],[3,-11],[4,-3],[7,-2],[1,3],[3,2],[5,8],[3,-5],[-1,-5],[1,-5],[3,-9],[0,-4],[-1,-15],[-1,-7],[-1,-10],[1,-6],[2,-2],[3,-1],[5,0],[4,3],[5,2],[2,-1],[11,2],[4,-4],[0,-15],[2,0],[0,-27],[7,2],[0,-5]],[[5908,7121],[-4,-1],[-1,-5],[-3,1],[-4,-6],[-3,-1],[-1,-3],[-2,0],[-4,-8],[-2,0],[-2,4],[-7,-10],[-4,-17],[-3,-5],[-3,-5],[-1,0],[-2,-9],[1,-5],[-1,-7]],[[5862,7044],[-2,-2],[-4,2],[-4,12],[-3,0],[-2,8],[-3,13],[-4,9],[-4,7],[-3,1],[0,-7],[-3,-4],[-2,-8],[-1,1],[-2,-7],[-4,-1],[-2,-5],[-5,-4],[-6,-2],[-1,-3],[-6,-6],[0,-4],[-4,-4],[-2,2],[-4,-7],[-2,2],[-3,-3],[-2,-5],[-3,0],[-2,-5],[-6,-2],[-4,4],[-4,-1],[-1,-13],[-5,-3],[-4,-5],[-3,-1],[-3,5],[-6,0],[-1,-1],[-7,-1],[-1,5],[-2,2],[-4,-3],[-2,2],[-2,-3],[1,-9],[-1,-7],[3,-4],[0,-5],[-2,-6],[-4,-1],[-4,-5],[-3,6],[-3,1],[-4,-1],[-5,3],[-7,-6],[0,-5],[-1,-8],[-4,-1],[-1,-6],[-1,-8],[1,-13],[-2,-5],[0,-7],[-2,-10],[-2,-5]],[[5683,6907],[-2,3],[-5,0],[-2,3],[-2,2],[-3,5],[-3,-1],[-4,3],[-3,-6],[-3,2],[-2,5],[-4,3],[-1,-4],[-6,-4],[-1,-3],[-4,2],[-4,-4],[-6,4],[-6,6],[-4,3],[-2,-4]],[[5616,6922],[-1,1],[7,28],[3,18],[0,3],[1,4],[3,1],[1,5],[3,9],[1,5],[3,0],[3,6],[3,3],[3,0],[2,11],[2,1],[0,9],[-1,2],[0,7],[2,27],[2,26],[0,8],[1,4],[-1,7],[-2,1],[-1,9],[4,5],[3,5],[0,8],[3,10],[4,3],[4,9],[0,5],[-2,26],[2,10],[0,4],[2,5],[5,8],[1,6],[2,1],[3,10],[0,10],[3,-2],[3,6],[0,7]],[[5687,7253],[1,3],[4,-9],[6,-8],[5,-4],[5,2],[4,5],[2,6],[2,2],[4,-2],[1,6],[4,-9],[8,8],[2,0],[3,4],[-1,5],[3,4],[2,7],[-1,2],[2,7],[3,1],[4,-4],[0,-6],[-1,-7],[1,-3],[1,-8],[-4,-9],[-3,-5],[-5,1],[-1,-6],[3,0],[2,-6],[0,-9],[-3,-14],[3,-12],[3,-6],[2,-9],[7,-18],[2,-7],[2,-5],[4,-3],[5,-10],[2,-2],[3,1],[2,-3],[5,-2],[1,4],[5,0],[3,-5],[0,-5],[1,-2],[1,14],[3,2],[2,-2],[1,4],[3,-5],[0,-4],[2,-4],[-1,14],[1,5],[4,-4],[1,1],[2,-7],[1,4],[5,0],[2,4],[1,-1],[1,4],[7,-1],[1,6],[3,-3],[3,3],[3,-2],[2,-4],[2,-1],[2,6],[3,1],[4,5],[2,1],[1,-14],[1,-1],[2,-5],[1,-18],[7,-9],[3,4],[0,5],[6,4],[3,2],[1,4],[2,11],[2,-2],[2,-6],[2,4],[3,2],[1,-1],[1,-6],[2,-1],[0,-5],[3,5],[5,-4],[2,-10],[2,7],[2,5],[3,-9]],[[7004,4359],[-9,15],[-11,9],[-23,20],[-30,24],[-38,23],[-47,26],[-11,14],[-17,16],[-12,14],[-21,14],[-11,11],[-10,10],[-2,4],[2,18],[-1,23],[-1,14],[-3,27],[3,3]],[[6762,4644],[3,-7],[4,-5],[1,-2],[6,-6],[3,0],[4,1],[1,4],[-1,6],[0,8],[1,9],[2,3],[6,2],[2,9],[3,4],[3,9],[6,-4],[3,-1],[5,4],[3,0],[2,1],[4,7],[4,1],[3,-3],[4,1],[2,-1],[5,4],[3,0],[3,4],[11,-1],[5,3],[2,2],[2,-2],[10,-2],[5,1],[1,4],[2,-3],[4,7],[7,-2],[6,-1],[1,2],[3,-1],[7,-7],[3,-8],[6,-4],[4,-10],[1,-9],[1,-3],[5,2],[3,-9],[2,-2],[5,3],[4,0],[3,-3],[6,-8],[3,-9],[1,1],[5,-8],[4,-12],[3,-4],[4,-13],[0,-11],[2,-8],[1,-5],[-5,-6],[-1,4],[-3,8],[-2,2],[-6,-3],[-2,1],[-1,-5],[2,-11],[1,-13],[-1,-10],[3,-4],[0,4],[3,4],[1,-11],[-1,-3],[2,-16],[3,1],[3,-5],[3,-2],[5,6],[0,12],[3,8],[2,3],[3,-7],[1,-6],[4,-1],[4,1],[1,-3],[4,-3],[3,-4],[3,-9],[-1,-5],[-2,-9],[-1,-10],[-1,-12],[1,-10],[-1,-15],[1,-22],[0,-9],[-2,-12],[2,-16],[-3,-14],[0,-11]],[[7004,4359],[-1,-6],[-2,-2],[-1,-7],[-7,-10],[-3,1],[-3,5],[-3,0],[-2,3],[-5,-4],[-3,-8],[-6,-1],[-5,-4],[-7,-14],[-4,-6],[-3,-12],[-3,-1],[-3,-7],[-1,-8],[-2,1],[-4,-4],[-1,1],[-4,-4],[-2,-5],[-2,0],[-2,3],[-6,-3],[-10,-12],[-6,-10],[-6,-13],[-2,-1],[-3,3],[-4,-3],[-2,-7],[-5,4],[-1,7],[-2,2],[-5,11],[-4,0],[-4,8],[-10,10],[-5,-2],[-4,9],[-1,-1],[-5,9],[-3,1],[-6,8],[-2,7],[-4,3],[-1,4],[-2,4],[-3,1],[-3,8],[-5,2],[-1,6],[-2,7],[-2,2],[-4,1],[-2,3],[-4,3],[-1,6],[-2,2],[-1,6],[-2,6],[-4,6],[-3,1],[-5,-3],[-3,6],[-4,13],[-1,6],[1,10],[-1,14],[-2,4],[0,5],[-3,5],[-1,5],[-2,4],[-4,4],[0,2],[-4,5],[-3,3],[-2,11],[-2,3],[-2,8],[-2,12],[0,8],[0,7],[-3,7],[-1,7],[-2,2],[-1,6],[1,8],[2,8],[-2,4],[-1,7],[2,4],[-2,4],[1,5],[0,8],[-1,2],[0,8],[1,9],[2,3],[-1,4],[0,20],[-1,3],[2,13],[1,0],[5,14],[4,3],[2,6],[2,3],[1,9],[3,0],[2,-4],[0,-10],[3,-9]],[[6997,4249],[7,-14],[1,-7],[-2,-12],[-2,-4],[0,-13],[-3,1],[-1,8],[-2,-3],[-2,1],[-4,4],[-1,-2],[-2,9],[-1,2],[-2,13],[2,8],[3,6],[4,1],[2,4],[3,-2]],[[6734,4585],[0,1],[0,14],[2,-4],[0,-5],[-2,-6]],[[6073,3468],[-3,-12],[-2,-6],[-2,-2],[2,-9],[1,-9],[3,-7],[1,5],[3,12],[9,25],[4,6],[3,-3],[2,-6],[2,-1],[2,-5],[-1,-10],[-1,-3],[0,-5],[2,0],[1,9],[3,1],[1,-5],[3,-3],[1,-9],[2,-3],[6,-19],[1,-4],[1,-1],[4,2],[2,-2],[0,-5],[3,-1],[-1,-7],[6,-1],[1,-2],[-2,-16],[-3,-6],[-2,-11],[-4,-10],[-1,-6],[-3,-2],[0,-3],[-3,-10],[-2,-7],[-1,-2],[-4,-1],[-3,-5],[-3,-2],[-5,-5],[-8,-12],[-2,2],[-2,10],[-1,8],[-3,8],[-3,-1],[-3,-8],[-3,-3],[-1,-6],[-4,-7],[-2,-2],[-4,1],[-5,-10],[-3,-9],[-2,-9],[-1,-13],[0,-11],[4,2],[2,9],[1,1],[5,-7],[-1,-15],[1,-5],[-3,-15],[-3,-6],[-2,-7],[0,-4],[-3,-8],[-3,-11]],[[6047,3174],[-3,8],[-2,22],[-1,33],[-15,24],[0,0]],[[6026,3261],[1,10],[1,7],[3,20],[0,4],[2,6],[-2,4],[0,12],[-1,6],[-2,8],[-5,5],[0,13],[-3,-1],[-3,2],[-2,5]],[[6015,3362],[3,17],[1,3],[0,7],[2,8],[1,2],[3,10],[3,-1],[2,-7],[3,0],[3,6],[2,1],[4,13],[-1,3],[0,9],[-3,9],[-2,0],[-1,-6],[-2,-6],[-2,-11],[-1,-3],[-2,7],[0,6],[2,9],[-1,11],[-2,-4],[-1,6],[7,30],[0,5],[3,0],[0,6]],[[6036,3492],[10,2]],[[6046,3494],[3,0],[5,-2],[5,-3],[11,-13],[3,-8]],[[6014,3377],[-1,3],[5,19],[-1,-15],[-3,-7]],[[6047,3174],[-3,-10],[-2,-10],[-2,-14],[-4,-4],[-4,1],[-2,3],[2,21],[-2,3],[0,7],[-2,3],[-1,-3],[-1,-10],[-3,-12],[-1,-3],[-2,3],[0,4],[0,9],[3,18],[-1,4],[-2,1],[-3,-12],[-1,-6],[-4,-19],[-2,-7],[-3,-3],[-4,3],[-2,8],[0,3],[-3,12],[1,2],[0,11],[-2,7],[-2,11],[-2,14],[-2,6],[0,12],[-1,6]],[[5990,3233],[6,7],[5,11],[4,-3],[5,5],[1,5],[5,1],[7,0],[3,2]],[[5976,3183],[6,-4],[2,2],[3,-16],[-1,-10],[-3,-10],[-2,-4],[-2,0],[-4,-2],[-3,-1],[-3,5],[-4,-1],[0,4],[3,3],[4,9],[1,8],[2,3],[0,10],[1,4]],[[5980,3255],[-2,-9],[-2,-5],[1,-9],[-1,-10],[-2,-4],[-2,1],[-4,8],[0,4],[2,16],[9,9],[1,-1]],[[6016,2852],[0,-6],[2,-4],[4,-5],[-2,-3],[-4,2],[-3,5],[-1,8],[1,4],[3,-1]],[[5875,3314],[1,-8],[-1,-13],[1,-10],[-1,-6],[-3,-6],[-2,0],[-2,3],[-3,2],[-1,-4],[-3,-2],[-4,-1],[-2,-4],[-1,6]],[[5934,3468],[0,-3],[4,-1],[2,1],[2,-3],[1,-10],[4,-11],[0,-3],[6,-11],[8,-10],[6,0],[4,1],[4,0],[2,6],[-1,3],[2,10],[1,0],[9,-14],[8,3],[2,0],[4,5]],[[6002,3431],[-2,-8],[-6,-8],[-3,-10],[1,-4],[4,3],[5,-1],[3,-7],[2,-11],[0,-8],[-1,-8],[0,-9],[0,-19],[-2,-3],[-3,-6],[-1,2],[1,8],[-2,1],[-2,-3],[-2,-8],[0,-12],[2,-6],[0,-7],[-1,-1],[0,-11],[-1,0],[-2,6],[-2,7],[-2,0],[-3,-14],[-1,-3],[-5,1],[0,11],[-2,8],[2,5],[1,14],[1,6],[2,23],[-4,6],[0,12],[4,18],[-1,2],[-2,-4],[-1,-5],[-4,-7],[-5,-6],[0,-2],[0,-9],[3,-10],[0,-10],[-2,-7],[-3,-6],[0,-8],[-2,-10],[-4,-2],[-2,3],[-4,-1],[-2,2],[-2,9],[-2,19],[-1,11],[0,4],[8,3],[3,2],[0,4],[-7,-3],[-4,-2],[-2,-3],[-1,-9],[1,-6],[2,-6],[-2,-11],[-2,-6],[-9,-4],[-10,1],[-2,6],[-1,6],[1,7],[-1,5],[0,16],[1,8],[1,10],[4,10],[3,13],[2,12],[0,7],[-2,5],[0,12],[2,6],[0,9],[-2,13],[2,5]],[[5877,3261],[1,-4],[-7,-13],[-2,1],[0,7],[5,5],[2,4],[1,0]],[[5882,3272],[2,-1],[1,-7],[-1,-5],[-2,4],[0,9]],[[6046,3494],[3,10],[1,2],[1,13],[3,4],[2,13],[3,32],[0,14],[4,26],[3,19],[0,9],[0,12],[-2,23],[1,33],[0,7],[1,26],[0,17],[1,17],[-1,9],[-16,2]],[[6050,3782],[0,12],[1,11],[3,12],[0,15],[3,6],[0,7],[2,4],[0,4],[3,11],[1,7],[3,3],[5,11],[1,6],[4,7],[2,0],[2,7],[5,5],[2,5],[3,4],[2,5],[6,0],[2,-4],[1,-6],[-1,-9],[-2,-6],[-2,2],[-3,-6],[0,-3],[3,-5],[2,1],[2,-7],[-1,-8],[4,-3],[1,3],[2,-4],[2,-8],[2,0],[1,-5],[3,-1],[-1,-7],[2,-4],[0,-5],[2,-6],[1,-10],[2,-1],[2,-8],[1,-9],[1,-6],[0,-3],[2,-7],[0,-5],[2,-3],[-1,-7],[-3,2],[-1,-8],[2,-5],[-2,-5],[0,-4],[-2,-3],[1,-7],[2,2],[0,-9],[3,-1],[-2,17],[2,-6],[2,-26],[-1,-13],[0,-10],[-1,-14],[0,-8],[1,-18],[1,-3],[0,-20],[-2,-5],[-1,3],[-3,7],[-2,8],[-1,16],[0,10],[0,8],[-2,4],[-1,6],[-5,4],[3,10],[0,4],[-2,5],[-4,4],[-1,5],[-2,1],[0,-4],[2,-6],[-3,-7],[0,-16],[2,-5],[-2,-12],[-5,0],[-1,5],[1,4],[1,13],[-5,-1],[-2,-6],[-5,9],[-1,-10],[2,-4],[2,-16],[-1,-3],[-6,-5],[-2,-7],[-1,0],[0,-8],[2,-8],[0,-21],[1,-12],[-2,-17],[-4,-3],[-1,-4],[-2,0],[-1,-10],[-2,-28],[-1,-3],[1,-6],[3,1],[1,-12],[1,-7],[-2,-20],[1,-13],[-1,-4],[-1,-6],[-2,-5]],[[6101,3672],[2,1],[5,-3],[0,-17],[-1,-11],[-3,-1],[-3,-3],[0,4],[-7,4],[-2,4],[-1,6],[3,-3],[0,9],[3,7],[4,3]],[[6108,3704],[2,-10],[-1,-3],[-2,8],[1,5]],[[6111,3712],[1,-4],[0,-6],[-3,3],[2,7]],[[2907,2326],[3,-4],[1,-4],[5,-6],[3,-13],[5,0],[1,-3],[2,3],[2,-5],[1,1],[4,-7],[1,-4],[-1,-9],[2,-1],[2,-13],[6,-6]],[[2944,2255],[2,-5],[3,-3],[1,-21],[-1,-8],[-2,-4],[-1,-10],[-2,-6],[1,-2],[-1,-8],[1,-5],[-1,-7]],[[2944,2176],[-1,-9],[-4,-1],[-3,-9],[-4,0],[-3,5],[-2,-4],[-2,-15],[3,-6],[2,-1],[2,-4],[7,-9],[2,2],[1,-5],[2,-2],[2,-8],[2,5],[1,7],[2,3],[1,4],[0,7],[3,-5],[2,-2],[0,8],[3,6],[4,-3],[3,17],[0,4]],[[2967,2161],[3,-3],[0,-11],[2,-2],[1,-8],[1,-5],[1,-6],[3,-9],[1,0],[1,-8],[-2,-9],[0,-7]],[[2978,2093],[-3,-5],[-1,5],[0,3],[-3,-1],[-3,2],[-2,-5],[-2,0],[0,-11],[2,-4],[-1,-21],[-2,-7],[-2,-1],[-3,-7],[-3,1],[-2,-5],[-3,1],[-2,-4],[-6,6],[-1,-8],[-3,-1],[-2,8],[0,8],[1,3],[3,2],[-4,6],[-4,-5],[-1,2],[-3,-3],[-2,3],[-1,7],[-2,1],[-1,4],[-4,2],[-2,4]],[[2916,2073],[2,6],[-4,1],[2,9],[-1,12],[-1,8],[0,11],[-2,-1],[-3,6],[1,14],[2,6],[-1,8],[-3,2],[-1,3],[-3,-2],[-2,5],[-5,-3],[-1,6],[-5,4]],[[2891,2168],[-3,5],[-2,-2],[-2,0],[-2,8],[-3,0],[-2,5],[-2,1],[-5,11],[-2,2],[-2,4],[-1,8]],[[2865,2210],[-1,8],[1,3],[0,11],[1,3],[-1,15],[1,8],[-1,3],[-1,9],[3,9],[0,8],[2,2],[2,7],[-2,6],[2,15],[-3,3],[-3,7],[-4,2]],[[2861,2329],[0,4],[4,1],[1,-4],[3,6],[3,1],[3,-3],[1,-4],[6,1],[2,4],[3,-1],[1,-1],[3,2],[1,-1],[4,-7],[2,4],[1,5],[2,3],[2,-5],[2,0],[2,-8]],[[2709,2217],[0,-5],[-5,-16],[3,-20],[1,-4],[1,-5],[2,-4],[0,-5],[-2,-9],[-1,-6],[1,-10],[-5,-5],[-1,-4],[-3,-3],[-1,-17],[-2,-9],[1,-8],[-1,-7],[1,-4],[-1,-6]],[[2697,2070],[-3,2],[-2,4],[-2,-2],[-7,-1],[-6,3],[-8,1],[-12,4],[-14,9],[-2,2],[-17,9],[-5,1],[-4,2],[-8,0],[-3,2],[-24,6],[-10,1],[-10,-3]],[[2560,2110],[1,11],[-3,2],[-1,6],[1,4],[5,7],[3,9],[1,5],[2,3],[3,1],[3,-4],[2,5],[3,1],[2,6],[4,1],[0,8],[2,4],[2,-7],[3,9],[2,-2],[3,6],[2,16],[-1,11],[-2,3],[1,5],[3,6],[1,12],[-2,4],[0,9],[-1,6],[0,7],[-1,2],[-2,5],[1,5],[1,3],[0,6],[-6,9],[0,10],[2,14],[-1,8],[2,1],[2,23],[3,9],[3,0],[1,-7],[3,-4],[3,-1],[2,-4],[2,0],[2,8],[-1,4],[1,4],[-1,9],[-2,12],[1,7],[2,5],[2,-4],[2,2],[-4,14],[0,16],[-1,3],[-1,6],[-1,1],[0,6],[0,7],[-2,8],[-4,7],[-1,5],[-1,9],[-1,12],[-2,9],[-3,6],[-1,6]],[[2655,2604],[2,-3],[0,-5],[6,-11],[0,-11],[-1,-10],[0,-6],[-2,-9],[3,-2],[2,-5],[2,0]],[[2667,2542],[0,-2],[-6,0],[-1,-3],[0,-6],[1,-4],[3,-1],[1,-4],[0,-6],[-3,-6],[1,-8],[2,4],[3,-9],[2,-3],[2,-5],[2,-2],[1,-8],[-1,-5]],[[3124,1978],[0,-15],[2,-5],[-1,-7],[-1,-6],[1,-5]],[[3125,1940],[-2,4],[-3,2],[-9,6],[-8,3],[-14,3],[-21,3],[-6,2],[-3,-1],[-5,-4],[-5,-7],[-3,-8],[-1,-6],[-1,-18],[3,-3],[3,3],[1,-8],[-2,-6],[-1,3],[-4,3],[0,-2],[-8,4],[-3,5],[-1,-1],[-6,3],[-3,3],[-8,4],[0,1],[-6,3],[0,-2],[-4,4],[-2,-1],[-3,3],[-2,-5],[-2,4],[-1,-1],[-1,7],[3,8],[-1,4],[-3,-1],[3,11]],[[2996,1962],[-1,5],[2,4],[-3,4],[0,5],[-3,2],[-6,14],[0,5],[-2,7],[1,10],[2,1],[0,4],[0,10],[1,6],[-1,8],[-1,6],[-2,10],[0,7],[-3,10],[-1,10],[-1,3]],[[2967,2161],[0,3],[-2,5],[-2,-4],[-2,2],[-2,-2],[-3,0],[-3,-3],[-1,3],[-2,-1],[-2,8],[-4,4]],[[2944,2255],[2,7],[-1,6],[1,3],[3,1],[2,8],[3,0],[2,2],[1,4],[4,1],[3,-3],[2,-7],[4,-1],[4,3]],[[2988,2379],[-3,-2],[-1,-7],[-1,-5],[-3,10],[1,16],[-3,6],[0,5],[-1,4],[-6,5],[-4,-7],[-2,6],[2,4],[1,4],[-3,8],[-4,-4],[-5,5],[-3,-1],[-6,7],[-4,6],[-4,1],[0,6],[-2,0],[0,7],[-3,1],[-1,9],[1,7],[-1,4],[1,6],[-1,11],[-4,1],[-2,-4],[-2,2],[-2,-2],[-1,3],[-1,6],[-4,-2],[-3,2],[-2,-2]],[[2912,2495],[-1,0],[-1,8],[-3,5],[-5,4],[-1,5],[0,5],[2,3],[0,7],[-1,2],[-1,6],[2,5],[-2,13],[-4,4],[0,8],[1,13],[0,9],[-5,1]],[[2893,2593],[2,8],[0,8],[4,10],[1,1],[1,12],[3,1],[0,3],[3,3],[1,5],[3,0],[3,6],[3,3],[2,-4],[1,-6],[0,-20],[4,0],[2,7],[3,0],[1,8],[2,2],[0,5],[4,3],[1,6],[3,1]],[[2940,2655],[1,-8],[1,-18],[-1,-7],[0,-11],[2,-25],[1,-5],[0,-8],[1,-21]],[[2945,2552],[-4,-7],[1,-3],[0,-8],[-3,-5],[-3,-4],[0,-3],[3,-12],[-1,-10],[1,-5],[3,-4],[2,8],[0,9],[1,4],[2,5],[5,3]],[[2952,2520],[1,-8],[3,-6],[1,2],[3,-3],[2,3],[2,8],[6,-10],[0,-5],[1,-10],[2,-7],[5,-3],[3,3],[3,-4],[2,-1],[3,2],[7,11],[2,7],[1,16],[2,-1],[1,4],[0,4],[3,2],[-1,-12]],[[646,8332],[2,3],[2,-4],[6,-4],[2,1],[-1,8],[-1,4],[0,9],[1,5],[4,-3],[3,-9],[2,-11],[0,-6],[2,-2],[3,0],[2,-9],[3,-1],[4,-3],[3,11],[4,7],[6,-22],[-1,-6],[-1,-5],[1,-18],[2,-12],[2,-3],[2,-9],[6,-13],[4,14],[6,7],[3,3],[2,-2],[5,-1],[1,-2],[4,-15],[1,-3],[5,-5],[4,-1],[4,-3],[0,-9],[2,-7],[2,0],[1,-3],[4,-6],[5,-4],[4,1],[2,3]],[[763,8207],[0,-12],[2,-4],[-1,-5],[0,-9],[0,-18],[5,-7],[1,-5],[3,-7],[1,-14],[1,-2]],[[775,8124],[-1,-3],[0,-10],[-1,-15],[-1,-12],[-2,-49],[-1,-2],[-6,-7],[-5,-10],[-3,-3],[-4,4]],[[751,8017],[0,5],[-2,4],[-3,8],[-1,7],[-3,22],[-1,4],[-4,3],[-2,3],[-4,3],[-5,6],[-2,9],[-1,5],[-2,6],[-4,2],[-3,3],[-5,9],[-3,-1],[-2,-6],[-5,8],[-6,6],[-2,5],[-1,5],[-4,9],[-2,3],[-3,0],[-3,6],[-3,3]],[[675,8154],[-3,3],[-1,17],[0,2],[-8,-3],[-3,3],[-1,9],[-1,6],[-10,20],[-5,5],[-5,3],[4,39],[0,7],[-1,5],[-2,4],[-4,1]],[[1208,6148],[1,-7],[2,-14],[1,-14],[2,-11],[0,-4],[-2,-3],[-4,0],[-2,4],[1,9],[-2,5],[-2,-1],[-1,3],[0,6],[-4,5],[-1,6]],[[1197,6132],[-1,7],[-4,13],[0,4],[-1,8],[-1,4],[1,3],[-2,7],[0,7],[3,6],[2,0],[2,-7],[3,1],[2,-2],[4,-11],[3,-15],[0,-9]],[[1939,3619],[-1,-2],[-3,-4],[-5,-7],[-6,-6],[0,6]],[[1924,3606],[0,8],[2,6]],[[1926,3620],[2,9],[0,4],[1,5],[3,2],[1,6],[0,4],[2,5],[0,5],[1,2],[4,0],[3,-5],[3,1],[4,-6],[2,-5],[2,-4],[3,-12],[-1,-7],[-3,0],[-1,-3],[-3,4],[0,5],[-3,-2],[-4,-4],[-3,-5]],[[1939,3619],[3,-7]],[[1942,3612],[-3,-2],[-1,-9],[-2,3],[-1,-5],[1,-5],[1,-9],[-2,-9],[-3,6],[0,4],[-2,3],[-2,6],[-5,0],[-2,4],[3,7]],[[6399,6963],[2,2],[1,-6]],[[6499,7266],[3,-4],[1,-5],[-1,-17],[-4,-8],[0,-4],[-1,-11],[0,-10],[-1,-5],[-2,0],[-2,8],[-5,8],[-1,6],[3,12],[2,1],[4,6],[1,6],[0,6],[1,6],[2,5]],[[763,8207],[0,6],[0,6],[3,0],[2,-13],[2,2],[-1,9]],[[769,8217],[2,4],[0,-4],[3,-4],[3,-1],[2,2],[0,-6],[2,-5],[3,-2],[2,2],[2,-6],[2,-1],[4,3],[2,7],[3,-4],[1,-9],[2,-4],[6,-5],[1,-7],[4,-2],[1,-4],[4,-5],[0,-3],[4,-4],[3,-10],[3,-4],[1,-5],[2,-8],[1,-4],[5,-5],[5,-8],[2,-11],[3,-2],[2,3],[2,-18],[2,2],[1,-5],[0,-7]],[[854,8077],[-2,2],[-1,-3],[-3,-11],[-1,-3],[1,-4],[1,-12],[2,-1],[-1,-8],[4,-7],[2,-7],[1,3],[3,-2],[1,-7],[1,1],[2,-4],[1,1],[3,-4],[1,-9],[4,-4],[3,-6],[-1,-3],[2,-10],[0,-8],[0,-10],[3,-9],[-2,-13],[-2,-7],[1,-8],[5,3],[10,10],[1,8],[2,4],[3,-2],[2,-8],[0,-13],[-1,-9],[-3,-7],[-4,2],[0,-4],[-1,-6],[-5,-3],[-1,-5],[-3,1],[-3,-7],[-3,9],[-3,8],[-1,-1],[0,-8],[-2,-1],[-2,-6],[0,-6],[-2,-3],[-1,9]],[[865,7889],[-1,6],[-2,-1],[0,-4],[-2,2],[-2,5],[-2,2],[-1,3],[-7,-6],[-2,-9],[-2,3],[-1,5],[-3,-3],[-2,5],[-2,-1],[0,-8]],[[836,7888],[-2,-2],[-1,-5],[-2,-1],[-3,6],[-1,8],[2,7],[2,-1]],[[831,7900],[1,3],[-2,8],[-3,4],[-1,20],[-1,4],[0,4],[-2,4],[-4,2],[-1,16],[-1,8],[-2,4],[-3,4],[1,7],[-2,3],[-5,11],[0,7],[-1,6],[-4,-10],[-4,4],[-2,5],[-1,5],[-2,2],[4,4],[0,6],[3,6],[0,6],[1,9],[-3,3],[-1,5],[-6,1],[-3,6],[0,4],[-4,-1],[1,5],[2,8],[-1,7],[1,3],[-2,7],[-1,5],[-1,1],[-2,7],[-1,10],[-4,1]],[[809,8139],[-1,0],[-4,-10],[-3,-7],[-1,-14],[0,-13],[-1,-19],[-1,-7],[2,-5],[0,-11],[3,-11],[1,-8],[0,-7],[2,-7],[0,-7],[1,-6],[2,-7],[2,-1],[0,-5],[3,-7],[2,4],[3,0],[4,-12],[1,-14],[1,-1],[2,6],[3,-7],[2,-2],[3,-7],[1,-2],[1,-5],[3,-3],[2,2],[1,-4],[2,6],[4,0],[1,-2],[3,4],[9,8],[3,5],[0,8],[-2,6],[-2,15],[-11,22],[-3,10],[0,5],[-1,4],[-3,13],[0,12],[-5,16],[-3,8],[1,4],[-2,4],[-4,4],[-4,13],[0,3],[-3,13],[-4,5],[-3,1],[-2,-1],[-1,5],[-3,3],[-1,3]],[[844,7912],[-2,-5],[1,-11],[2,-1],[3,4],[-2,7],[0,8],[-2,-2]],[[9067,4068],[-1,-12],[-5,-25],[-7,-17],[-11,0],[-8,3],[-8,-1],[-8,1],[-5,0],[4,-12],[1,-13],[2,-8],[1,-2],[0,-10],[3,-4],[-2,-5],[-1,-4],[-4,-1],[-3,0],[-1,-3],[-6,1],[-3,4],[0,-3],[-4,-3],[0,2],[0,13],[-8,-4],[-2,7],[-3,-4],[-6,-1],[0,3],[-2,11],[-2,1],[-3,0],[-3,4],[-6,2],[0,-8],[-1,-7],[-2,-5],[-2,3],[-3,10],[-3,6],[-2,3],[-4,9],[-3,2],[-4,1],[-3,-3],[-4,-8],[-6,1]],[[8929,3992],[-2,18],[1,29],[-1,22],[1,30],[1,13],[2,8],[4,12],[6,8],[6,-1],[3,-5],[4,14],[4,7]],[[8958,4147],[10,-1],[7,-2],[10,-3],[10,-3],[18,-3],[2,-2],[9,0],[11,-3],[14,-3],[3,-5],[4,-4],[1,-8],[1,-18],[1,-13],[8,-11]],[[804,8751],[0,-2],[-6,-1],[-1,-8],[-1,-2],[-2,5],[-3,0],[-1,-4],[-3,1],[-2,-10],[2,-5],[3,-13],[-1,-6],[-2,1],[-1,-5],[-1,-7],[2,0],[0,-9],[4,-1],[1,-8],[0,-15],[2,-5],[0,-7],[-3,-5],[-4,0],[-2,-2],[-4,-1],[0,-11],[1,-10],[0,-13],[-2,-4],[0,-9],[-1,-2],[1,-9],[-2,-8],[2,-5],[4,8],[3,1],[1,-10],[2,0],[0,5],[2,0],[1,10],[3,1],[1,2],[4,-1],[0,8],[10,-1],[0,4],[-2,3],[-2,0],[1,6],[0,10],[2,5],[-1,5],[2,2],[0,6],[-7,1],[-1,1],[1,14],[-4,1],[0,8],[2,2],[0,11],[-4,3],[-1,6],[4,0],[3,-3],[0,13],[-1,7],[0,4],[5,11],[-2,4],[-3,1],[-1,6],[1,12]],[[803,8737],[2,-2],[2,3],[8,-8],[1,-8],[3,-11],[3,-1],[6,-8],[1,-2],[4,-2],[7,-11],[4,-3],[11,-3]],[[855,8681],[0,-17],[-1,-14],[-3,-7],[-2,-7],[1,-5],[-1,-6],[3,-8],[0,-9],[-1,-4],[1,-5],[1,-8],[0,-14],[-1,-9],[-3,-12],[0,-6],[-1,-4],[1,-12],[1,-19],[-1,-6],[0,-11],[-1,-5],[-3,0],[-3,-3],[-3,-5],[-3,-1],[-5,-8],[-1,-7],[-2,-3],[-5,-9],[-1,-7],[-1,-6],[-3,-5],[-1,-8],[-4,-8],[-1,-13],[0,0]],[[812,8410],[-4,1],[-1,-7],[1,-7],[-1,-6],[1,-6],[-1,-16],[-2,-9],[-1,-18],[-1,-23],[-3,-7],[-1,0],[-1,9],[-2,2],[-3,-3],[-3,1],[-4,-3],[-1,5],[-1,11],[-1,7],[-2,2]],[[781,8343],[1,3],[3,-3],[1,6],[-1,10],[-2,0],[-1,9],[-2,8],[1,12],[2,2],[0,6],[2,7],[0,7],[1,2],[-1,6],[-4,-5],[-2,-3],[-2,0],[-5,-10],[-2,-1],[0,12],[-4,11],[-5,3],[-4,-3],[-2,-8],[-3,-1],[-1,4]],[[751,8417],[1,3],[-1,9],[1,4],[1,8],[-1,4],[3,8],[3,5],[2,5],[-1,6],[0,6],[-1,6],[1,5],[0,11],[-2,15],[2,5],[-1,8],[1,15],[1,7],[-1,3],[1,8],[1,20],[3,10],[-3,7],[-1,7],[1,6],[-2,4],[-1,6]],[[758,8618],[7,-1],[1,2],[0,9],[-1,3],[1,9],[-1,8],[-1,5],[-3,2],[0,24],[-2,0]],[[759,8679],[1,33],[0,4],[2,14],[1,5],[2,11],[2,4],[5,9],[4,9],[0,6],[3,-1],[1,1],[0,9],[1,3],[-1,6],[2,1],[2,8],[4,3],[1,6],[2,6],[3,2]],[[794,8818],[3,-4],[3,-8],[1,-13],[0,-4],[1,-18],[0,-9],[2,-11]],[[3423,2492],[2,-6],[2,0],[4,-18],[0,-3],[3,0],[2,-7],[2,3],[2,-1],[0,-5],[-3,-4],[-4,-12],[0,-7],[-3,-3],[-1,-10],[-2,-8],[0,-10],[-1,-3]],[[3426,2398],[0,-5],[-2,-6],[1,-6],[-1,-7],[1,-11],[-2,-7],[-7,-6],[-7,6],[-6,-19],[0,7],[4,10],[1,5],[-4,5],[1,7],[0,5],[-2,3],[0,4],[-4,1],[-1,-3],[-2,2],[-4,-5],[1,-6],[-1,-15],[-3,-16],[-2,-5],[0,-7],[-3,-1],[-2,-4],[-2,-7],[3,-14],[3,-2],[0,-6],[-2,-4],[-5,-5]],[[3379,2286],[-4,7],[-4,-3],[-5,9],[0,10],[0,4],[-4,2],[-1,4]],[[3361,2319],[2,2],[3,9],[-4,12],[1,9],[3,2],[1,10],[-3,3],[2,8],[1,9],[-1,8],[0,6],[-1,3],[-5,3],[-2,7]],[[3358,2410],[3,4],[1,4],[7,27],[1,7],[1,6],[1,2],[-1,7],[2,2],[6,17],[2,15],[-2,2],[-2,6],[-2,6],[4,8],[-2,7],[3,5],[3,-10],[3,7]],[[3386,2532],[2,-1],[3,6],[2,4],[9,-5],[1,-3],[0,-15],[-1,-4],[1,-6],[3,-3],[2,0],[2,-4],[0,-10],[4,3],[2,-3],[5,-1],[2,2]],[[1396,5505],[-1,10]],[[1395,5515],[0,15],[0,8],[2,7],[3,6],[3,10],[5,13],[4,4],[2,10],[0,9],[1,7],[4,9],[-3,9],[0,7],[2,1],[4,13],[0,4],[1,7],[4,-3],[7,7],[3,14],[3,6],[4,2],[3,6],[-4,12],[-3,2],[-8,12],[-3,10],[-1,2],[-6,0],[-1,-1],[-2,-4],[-2,-2],[-4,0],[2,20],[-4,3],[-7,7],[-1,3],[0,8],[0,6],[-3,2],[-1,8],[-1,12],[1,6],[-3,1],[-5,15],[-2,13],[0,5],[2,10],[1,8],[4,14],[2,11],[-1,13],[3,8],[1,8],[0,9],[-2,4],[-4,2],[-2,-2],[-1,-10],[-2,-7],[-4,-4],[-4,-2],[-2,4],[-3,-1],[-1,-4],[1,-8],[-2,-8],[1,-12],[0,-3],[0,-9],[2,-9],[-4,-1],[-2,-4],[-3,-3],[-5,3],[-3,-3],[-3,3],[-2,-4],[-4,-2],[-4,9],[-3,15],[-2,4],[-5,1]],[[1338,5856],[0,6],[-2,16],[1,5],[-4,13],[4,2],[3,-1],[2,9],[1,8],[-1,6],[0,4],[4,5],[-2,15],[-2,1]],[[1342,5945],[0,6],[2,5],[-1,10],[1,6],[3,-2],[1,-6],[4,-7],[4,-2],[5,-9],[9,-2],[4,2],[1,-5],[1,4],[2,2],[0,5],[-1,8],[1,1],[2,-8],[5,1],[2,-3],[3,5],[4,1],[0,5],[-3,0],[1,5],[-1,12],[-1,5],[3,3],[1,8],[2,9],[1,7],[3,4],[2,-4],[2,7],[2,2],[3,11]],[[1409,6031],[1,-2],[5,-1],[3,-3],[3,-4],[2,-7],[3,1],[4,-2],[3,6],[3,1],[4,-3],[4,1],[3,-4],[2,-14],[2,-7],[3,-1],[2,2],[0,-21],[-5,-21],[3,-5],[4,0],[3,-5],[5,-11],[1,0],[3,3],[4,-1],[1,2],[4,-6],[4,-2]],[[1483,5927],[-2,-6],[-1,-5],[1,-5],[-1,-12],[1,-7],[-1,-11],[2,-7],[-1,-10],[1,-8],[1,-5],[2,-1],[0,6],[2,1],[1,-5],[2,-1],[2,9],[1,-3],[2,0],[1,-4],[-2,-5],[0,-12]],[[8929,3992],[-3,-5],[-2,0],[-1,-5],[-1,0],[-2,4],[0,3],[-4,1],[-1,-3],[-9,6],[-2,-1],[-4,14],[-3,3],[-7,-1],[-2,-2],[-4,3],[-6,-2],[-10,2],[-4,3],[-2,7],[-3,1],[-5,-4],[-3,2],[-6,4],[-4,7],[-3,-1],[-1,-5],[-5,-8],[-7,-2],[-5,8],[-6,-1],[-7,2],[-8,2],[-10,5],[-2,0],[-4,9],[-6,10],[-7,1],[-2,-6],[-4,-6],[-2,5],[-8,8],[-22,2],[-5,0],[-11,2],[-11,0],[0,3],[-2,28],[-2,31]],[[8701,4116],[4,17],[11,44],[5,22],[8,31],[6,19]],[[8735,4249],[17,-12],[10,-7],[11,-8],[4,-1],[2,3],[7,-3],[2,1],[3,-1],[6,-9],[5,-10],[3,-5],[5,-14],[2,-2],[5,0],[4,11],[0,6],[5,2],[2,3],[7,8],[4,9],[2,2],[2,-2],[4,0],[1,3],[3,-1],[2,3],[4,0],[6,1],[3,9],[3,3],[4,0],[5,-1],[1,5],[1,1],[2,8],[1,20],[2,-2],[3,4],[7,2],[3,4],[3,2],[4,-2],[3,4],[5,16],[5,6],[2,2]],[[8920,4307],[3,-3],[3,-5],[2,-9],[6,-34],[3,-11],[4,-17],[2,-14],[7,-29],[3,-4],[5,-10],[0,-24]],[[5100,1255],[-2,-1],[-2,2],[-2,-1],[-4,4],[-4,6],[-3,7],[-4,15],[0,25],[-2,5],[3,9],[2,-2],[3,5],[1,10],[1,8],[2,4],[0,7],[-2,11],[1,4],[2,3],[0,4],[-3,9],[1,6],[-1,14],[-1,-1],[-3,3],[-1,7],[-2,0],[-1,-10],[2,-12],[-1,-3],[2,-7],[2,-1],[0,-5],[-2,-6],[-2,0],[-2,-7],[-1,4],[-4,2],[-2,-8],[-2,-2],[0,-7]],[[5069,1356],[-5,12],[-4,-1],[-5,1],[-7,-6],[-3,0],[-2,1],[-5,-3],[-3,9],[0,8],[-1,14]],[[5034,1391],[2,-7],[5,-4],[2,4],[3,0],[2,7],[2,-3],[2,4],[2,-4],[2,4],[-2,6],[3,0],[2,11],[-1,9],[-3,13],[-4,0],[0,10],[-1,4],[-4,7],[-4,0],[-3,-12],[-2,5],[-1,13],[-1,5],[-6,10],[-2,1],[-2,12],[-1,5],[-2,1],[0,-6],[-3,-1],[-2,18],[-3,8],[-2,1],[-7,-1],[-1,-2],[-4,0],[-1,-2],[-6,-4],[-1,0],[-3,11],[-4,6],[-4,2],[-6,9],[-2,9],[-4,3],[-4,8],[-2,7],[-4,0],[0,5],[-3,0],[0,7],[-4,13],[-2,3],[-3,11],[0,3],[-2,7],[-5,6],[-1,5],[-1,6],[-4,10],[-3,0],[-2,3],[2,7],[2,5],[-1,4],[2,12],[0,5],[1,5],[0,7],[4,5],[6,6]],[[5065,1559],[2,3],[2,-1],[0,11],[2,3],[3,-5],[1,7],[4,3],[2,4],[0,14],[4,4],[1,5],[6,6],[1,6]],[[4941,1720],[3,-6],[-2,-8],[-3,5],[0,8],[2,1]],[[5461,6948],[1,-9],[2,-4],[6,-6],[4,-7],[0,-10],[0,-12],[-1,-15],[0,-14]],[[5473,6871],[0,-9],[0,-9],[2,-6],[-2,-1],[-2,-6],[-1,-10],[-1,-4],[-3,-3],[0,-20],[-1,-4],[0,-8],[0,-7],[-3,0],[-3,-6],[-3,-18],[3,-7],[-1,-4],[-2,-8],[-4,-1],[-3,-4],[-1,-4],[0,-8],[-1,-3],[0,-8],[-4,-8],[1,-10],[0,-8],[-1,-4],[0,-7],[2,-6],[3,0],[2,-15],[2,-3],[-1,-5],[1,-9],[0,-8],[-1,-5],[-3,-1],[-2,-4],[-1,-6],[-3,1],[-1,-5],[0,-16],[-2,-5],[-1,-6],[-7,-3],[0,-8],[-2,-2],[-1,-6],[-4,-1],[-2,-6],[0,-7],[-1,-11],[1,-11],[-2,-10],[-1,-2],[-1,-15],[1,-5],[-1,-4],[1,-21],[0,-6],[0,-3],[-2,-14],[-3,-4],[-3,-14],[-2,-6],[2,-6],[1,-10],[2,-2],[2,-21],[-1,-10],[-2,-7],[-1,-6],[2,-8],[-4,-6],[2,-9],[2,-1],[-1,-6],[2,-5],[-1,-5],[2,-5],[-1,-8],[-1,-7],[-2,-3],[1,-6],[-1,-6],[3,-11],[0,-4],[-2,-9],[0,-8],[1,-11],[3,-1],[1,-8],[-1,-15],[0,-7],[-1,-4],[1,-6],[2,-1],[1,-8],[2,-10],[2,-4],[3,-12],[1,-2],[1,-6],[2,-2],[1,-10],[1,-4],[-2,-11],[4,-5],[0,-4],[0,-10],[3,-11],[0,-10],[-3,-4],[0,-8],[1,-5],[1,-10],[-2,-4],[1,-12],[0,-4],[2,-7],[0,-9],[3,-13],[-1,-8],[-1,-3]],[[5439,6006],[-1,9],[-2,14],[-2,9],[-5,-1],[-4,-7],[-4,6],[-4,0],[-4,5],[-1,8],[-2,-2],[-4,0],[-2,8],[4,8],[-4,7],[2,8],[2,-2],[3,6],[7,3],[4,10],[0,6],[-1,4],[-6,-9],[-3,-2],[-9,2],[1,8],[5,10],[4,9],[2,5],[-1,3],[-4,1],[-3,-2],[0,-3],[-3,-3],[-1,-5],[-4,-3],[-1,-17],[-1,-4]],[[5397,6095],[-5,6],[-3,26],[1,6],[-2,10],[-2,6],[-1,8],[0,11],[-1,16],[-2,9],[-1,2],[-1,13],[-1,5],[-1,8],[2,5],[-1,14],[-2,9],[1,6],[2,15],[-1,10],[-2,6],[0,6],[3,9],[-1,7],[2,6],[1,9],[1,21],[2,9],[1,3],[1,13],[1,5],[0,7],[3,7],[0,6],[-1,11],[-2,5],[-1,5],[3,9],[-2,10],[-2,1],[-6,-4],[-3,-5],[-3,-3],[-4,-1],[-4,5],[-3,9],[-3,3],[-2,6],[-1,6],[-2,9],[0,2],[-3,9],[-2,8],[-3,10],[-2,11],[1,5],[4,-4],[2,1],[6,-5],[2,12],[-3,2],[0,7],[1,1],[1,-4],[4,-5],[2,-1],[6,-7],[3,-12],[1,-11],[-1,-8],[3,-6],[2,0],[2,-4],[1,-7],[-1,-8],[3,-5],[3,3],[4,-3],[1,-2],[4,10],[1,4],[3,14],[2,5],[1,10],[2,9],[1,16],[-1,17],[-1,9],[1,12],[-1,12],[-1,3],[0,7],[-5,15],[-2,3],[-2,10],[-4,5],[-4,9],[-1,7],[-2,4],[-2,7],[0,6],[2,7],[2,3],[4,4],[3,-1],[2,-3],[1,-8],[3,1],[1,-2],[3,2],[2,0],[2,-4],[3,5],[1,8],[-1,8],[0,12],[-1,2],[0,10],[-2,5],[-3,0],[-3,16],[-1,2],[-1,7],[0,8],[9,24],[-1,16],[-2,11],[1,12],[4,7],[0,6],[3,-3],[1,2],[7,-2],[4,4],[7,1],[2,3],[4,9],[4,6],[0,9],[-1,10],[-1,9],[0,6],[-1,10],[0,13],[-1,7],[-1,2],[-2,22],[1,6],[2,4],[1,5],[2,13],[3,2],[1,3],[0,5],[2,6],[1,3],[2,-2],[6,3],[2,-2],[4,3]],[[5389,6033],[-2,-9],[-4,-2],[-4,-9],[1,-5],[0,-5],[1,-5],[-1,-6],[1,-13],[2,-2]],[[5383,5977],[1,-4],[-4,-3],[-3,-1],[-2,-4],[-3,10],[-1,-5],[-4,-16],[-2,-2],[-5,-1],[-3,-6],[-1,0],[-2,-11],[1,-11],[3,-1],[1,-5],[1,-6],[2,-3],[5,-3],[3,8],[2,-7],[2,5],[3,1],[1,-4],[1,-8],[4,-9],[1,-15],[3,-9],[1,-3],[-1,-8],[-1,-17],[3,-2],[-1,-5],[-2,-5],[-1,-13],[0,-7],[-4,-8],[1,-7],[-2,-6],[0,-8],[-3,-4],[-2,-14],[1,-7],[1,-9],[-2,-14],[-3,-19],[0,-9],[2,-9],[2,-4],[1,-12],[2,-11],[-2,-3],[-3,0],[-2,5],[-3,-8],[-1,0],[-3,-11]],[[5365,5649],[-3,2],[0,4],[-3,0],[0,5],[-1,7],[-2,-1],[-3,10],[-4,5],[-2,-2],[-3,-1],[-2,4],[-1,-8],[-1,0],[0,-9],[-3,2],[-1,-4],[-3,-3],[-4,2],[0,-4],[-4,-8],[-1,7],[2,0],[1,9],[-1,7],[-1,0],[-2,6],[0,5],[-3,1],[-3,-4],[-5,18],[-1,7],[0,9],[3,13],[2,1],[2,-3],[4,1],[2,4],[2,-1],[2,8],[-2,-1],[-2,2],[-6,-6],[-2,7],[2,4],[6,11],[3,13],[2,7],[2,9],[0,14],[4,-3],[1,2],[1,12],[1,19],[3,-2],[4,-4],[0,3],[1,14],[-1,8],[-3,-4],[0,5],[0,15],[-2,2],[-1,11],[1,7],[-2,10],[1,5],[0,7],[-3,0],[-1,6],[0,6],[0,12],[-1,8],[0,12],[0,4],[2,15],[0,10],[1,8],[1,8],[-2,10]],[[5336,6004],[5,3],[2,2],[3,5],[1,0],[2,9],[0,10],[1,3],[5,8],[4,6],[0,4],[3,-1],[0,6],[1,10],[-3,12],[-2,0],[0,4],[1,7],[2,-1],[2,2],[1,6],[4,4],[2,12],[2,11],[2,0],[1,-10],[3,-8],[1,-6],[-1,-5],[1,-6],[2,1],[1,-14],[1,-11],[3,-11],[-1,-4],[2,-10],[1,-2],[1,-7]],[[5400,6822],[3,-2],[1,-4],[-2,-4],[-2,0],[-2,-4],[0,7],[2,7]],[[5411,6794],[-2,-1],[-2,5],[2,2],[2,-6]],[[1734,4490],[8,-4],[3,-3],[4,-6],[10,-29],[2,-2],[5,2],[5,6],[2,4],[1,2],[3,-8],[2,-8]],[[1779,4444],[-6,-9],[-1,-4],[1,-10],[-1,-12],[-2,-7],[-1,0],[-1,-9],[-2,-7],[-1,0],[-1,-9],[0,-6],[0,-4],[0,-19],[4,-11],[2,-3],[-1,-10],[1,-7],[-2,-17],[0,-10],[1,-11],[2,-5],[2,-12],[0,-7],[-3,-11],[-2,-10],[-1,-4],[-6,-5],[-1,-13],[0,-22],[3,-2],[0,-7],[2,-5],[2,0],[0,-10],[0,-9],[-1,-6],[-3,-8],[0,-10]],[[1763,4133],[-3,-3],[-2,6],[-3,2],[-2,-3],[-4,-3],[-2,3],[-3,-5],[-4,1],[-2,2],[-2,-2]],[[1736,4131],[-3,1],[-5,-2],[-2,8],[-3,3],[-1,10],[-3,3],[-3,6],[-2,-2],[-2,-9],[-4,2],[-2,-4],[-3,9],[-7,-1],[1,7],[-3,5],[-2,2],[-2,4],[-2,8],[-1,4],[0,7],[-3,1],[-2,3],[-1,11],[-3,1],[-1,6],[-4,6],[-1,4],[-3,0],[-1,4],[0,6],[-2,6],[-2,6],[-3,8],[-5,0],[-3,6]],[[1653,4260],[1,4],[4,1],[2,3],[1,10],[4,2],[14,12],[0,15],[1,7],[2,23],[3,17],[3,6],[4,4],[3,10],[-1,6],[-2,7],[0,8],[3,10],[0,6],[0,9]],[[1695,4420],[3,1],[1,-4],[4,-1],[1,-5],[2,-1],[5,-18],[2,-18],[1,-4],[3,13],[3,3],[2,6],[2,7],[0,16],[2,5],[5,2],[4,8],[-2,11],[3,16],[-2,4],[0,6],[1,8],[1,1],[0,6],[-2,8]],[[5867,1474],[-2,-1],[0,-6],[-2,-10],[-3,-5],[1,-7],[2,-2],[-2,-11],[1,-4],[0,-8],[-3,-3],[0,-6],[-2,-9],[0,-7],[-1,-14],[-2,-4],[-2,-16],[-2,-2],[0,-7],[2,-4],[2,-12],[5,-7],[0,5],[3,0],[2,-3],[1,-11],[-2,-12],[2,-7]],[[5865,1301],[-6,-4],[-6,-7],[-4,-4],[-6,1],[-2,1],[-6,-5],[-2,-8],[-2,0],[-3,-4],[-2,-5],[-2,-4],[-2,0],[-5,-6],[-7,3],[-2,0],[-3,9],[-4,6],[-5,4],[-2,-2],[-2,-4],[1,-10],[-1,-8],[-3,-11],[-5,4],[0,3],[1,9],[3,17],[0,3],[-2,6],[-5,5],[-2,2],[-2,8],[-1,3],[-4,3],[-3,-2],[-2,-5],[-10,4],[-3,3],[-5,-1],[-8,4],[-3,-1],[1,4]],[[5739,1312],[0,3],[0,23],[-2,5],[-2,1],[-1,9],[2,7],[5,12],[1,9],[7,2],[2,6],[2,3],[3,8],[5,2],[1,5],[-1,8]],[[5761,1415],[2,3],[-1,4],[4,1],[0,10],[2,4],[5,0],[2,4],[-1,6],[-3,3],[0,9],[1,5],[2,-5],[3,-4],[3,-8],[1,3],[-2,11],[0,7],[1,5],[-1,5],[1,9],[3,12],[0,-4],[2,4],[3,-6],[-1,-2],[1,-8],[2,-2],[2,5],[1,-5],[3,-6],[4,3],[6,8],[2,0],[8,-6],[2,2],[2,-5],[2,-1],[6,6],[1,7],[3,4],[2,-7],[4,-3],[5,2],[4,0],[2,3],[4,12],[2,8],[1,-3],[6,7],[4,0],[3,5],[2,-2],[-1,-8],[-1,-2],[1,-6],[-2,-9],[0,-10],[-1,-6]],[[5763,1272],[1,-5],[-1,-5],[1,-8],[-1,-8],[-3,-4],[-2,9],[1,6],[3,5],[-1,10],[2,0]],[[5438,4513],[-3,-3],[0,-5],[1,-2],[2,-8],[4,0],[2,-6],[1,-14],[4,-11],[2,-9],[1,-2],[0,-5]],[[5452,4448],[0,-9],[-2,-5],[-2,-1],[-2,-13],[-2,-3],[-4,-2],[-1,-12],[-1,-6],[-3,-21],[-3,-11],[-3,-3],[1,-10],[-1,-9],[-2,0],[-2,-3],[-5,4],[0,-4],[-3,-6],[-2,-2],[-1,-8],[3,-11],[1,-16],[0,-12],[2,-12],[3,-1],[1,-8],[-4,-5],[-1,-4],[-2,4],[-2,-7],[-2,3],[-4,-8],[-1,3],[-4,-1],[-3,6],[-3,7],[-1,11],[-1,4],[-4,3],[0,9],[-1,4],[-2,3],[-1,5],[-2,6],[-2,2]],[[5384,4309],[-5,12],[0,13],[-1,4],[-2,1],[-5,13],[-1,31],[0,16],[-1,12],[-2,4],[-1,16],[0,25],[-3,6],[0,5],[2,5],[-1,7],[1,8],[0,14],[0,5],[-1,3],[0,12]],[[5364,4521],[1,6],[1,0],[4,-2],[-1,8],[2,5],[-1,4],[-1,6],[0,9],[2,5],[3,5],[7,5],[1,5],[0,11],[1,4],[3,-4],[5,1],[3,-2],[2,-4],[1,-9],[2,-6],[2,6],[2,-2],[2,9],[4,-2],[2,1],[3,-3],[1,-7],[5,-12],[1,3],[5,-3],[2,-7],[3,3],[1,-8],[-1,-10],[2,-3],[2,-11],[3,-3],[0,-6]],[[8404,4731],[-9,-18],[-4,-9],[-10,-24],[-2,-5],[-3,-8],[-6,-13],[-4,-10],[-10,-26],[-2,-4],[-4,-10],[-3,-13],[-5,-14],[-5,-9],[-4,-11],[-4,-12],[-9,-26],[-5,-19],[-4,-9],[-4,-17],[-3,-7],[-7,-27],[-9,-34],[-5,-20],[-7,-20],[-12,-36],[-9,-22],[-5,-14],[-5,-15],[-9,-23],[-6,-14],[-6,-21],[-6,-14]],[[8218,4207],[-1,3],[-2,6],[0,4],[-2,9],[-1,9],[-2,8],[1,3],[-1,14],[-2,10],[0,5],[-2,4],[-1,6],[-1,15],[-3,10],[-2,14],[-1,11],[0,16],[1,2],[4,4],[3,-6],[6,-1],[2,1],[6,-1],[4,-4],[3,0],[3,2],[4,-2],[2,6],[-2,12],[0,8],[3,13],[3,2],[2,8],[2,6],[-4,3],[-3,0],[1,7],[-3,9],[-1,5],[-1,7],[0,6],[-1,2],[1,10],[-3,3],[-2,-3],[0,-5],[-3,0],[-2,3],[-2,6],[-3,5],[-1,5],[1,7],[-2,27],[-2,7],[-1,10],[2,6],[2,3],[1,10],[2,1],[0,9],[1,4],[-3,2],[0,2],[-3,4],[0,10],[0,4],[-3,2],[0,-7],[-4,3],[0,5],[-4,-4],[-1,-6],[-2,1],[-3,-3],[1,-8],[0,-10],[-1,-14],[-3,-2],[-2,1],[-2,4],[-5,4],[-3,8],[-2,7],[-1,10],[-2,6],[-1,6],[-2,3],[-1,6],[-5,9],[0,7],[4,1],[2,-2],[3,1],[2,7],[0,6],[-3,12],[-2,0],[-3,-2],[-3,3],[1,7],[-2,-1],[-4,3],[-4,5],[-1,7],[1,5],[3,2],[-2,13],[-6,9],[-2,7],[-2,2],[-2,9],[-1,2],[-1,4],[-2,3],[-2,7],[-5,9],[-1,0],[-5,11],[-1,5],[-7,4],[-7,13],[-2,-1],[-1,5],[2,6],[-3,5],[-2,-3],[-2,1],[-3,6],[-2,-1],[-3,3],[-3,-1],[-2,4],[-6,1],[-3,-1],[-2,5],[-1,-6],[-2,-3],[-1,4],[-3,-4],[-2,1],[-2,-2],[-3,-1],[1,-4],[-4,-1],[-3,5],[-2,-2],[2,-8],[-4,-1],[0,-2],[-3,-2],[-2,6],[-1,9],[1,10],[-3,6],[-1,12],[-2,-5],[0,-9],[-3,-7],[-1,5],[0,8],[-3,-1],[-1,7],[-3,3],[1,6],[3,-2],[3,3],[-2,13],[2,5],[-7,10],[1,6],[5,4],[2,-1],[2,3],[1,7],[1,3],[-1,8],[-3,4],[-2,-1],[-1,-4],[-4,-1],[-1,3],[0,11],[2,2],[3,9],[2,-3],[4,7],[2,-1],[-1,-6],[1,-4],[2,1],[0,4],[0,5],[0,3],[3,1],[0,-9],[3,-4],[2,4],[0,6],[-2,2],[-2,4],[2,7],[2,-1],[4,-8],[1,8],[2,-3],[2,0],[6,5],[5,1],[-1,3],[-7,3],[-3,4],[-3,1],[-3,-7],[-2,5],[7,15],[5,1],[1,2],[3,-2],[3,5],[1,-1],[3,1],[3,1],[3,-4],[2,-1],[3,2],[8,-2],[3,1],[3,-3],[2,1],[3,-2],[2,-5],[7,-8],[5,3],[1,4],[3,-1],[1,-6],[-3,0],[-1,-3],[2,-4],[5,-6],[-1,-4],[-1,-5],[-2,-5],[1,-2],[3,3],[2,13],[6,0],[0,3],[-3,3],[-2,5],[2,4],[3,1],[2,3],[2,-4],[3,3],[2,-2],[2,-5],[4,2],[5,-4],[2,0],[1,-7],[1,0],[4,-5],[1,-5],[3,-2],[0,-3],[5,-12],[1,-8],[4,-6],[2,-6],[2,2],[0,-5],[3,-4],[4,-4],[2,1],[6,13],[1,-2],[3,0],[0,6],[3,2],[1,5],[4,8],[4,10],[3,7],[3,10],[7,16],[4,14],[4,14],[3,6],[4,13],[2,7],[5,18],[3,14],[4,11]],[[8265,5021],[2,-4],[21,-48],[11,-25],[19,-40],[18,-39],[3,-8],[12,-21],[14,-18],[21,-47],[10,-16],[8,-24]],[[8180,4495],[4,-4],[4,-9],[1,-6],[-1,-7],[2,-4],[3,-3],[3,-15],[1,-9],[-1,-7],[-4,-3],[-3,10],[-2,3],[-1,17],[1,6],[-7,10],[-2,2],[-2,10],[1,6],[3,3]],[[8136,4673],[5,-2],[2,-4],[4,-1],[0,-3],[5,-4],[3,-7],[3,-2],[-2,-7],[-4,7],[-6,1],[-3,2],[-5,9],[-3,11],[1,0]],[[8144,4950],[3,0],[3,-3],[0,-6],[-3,-6],[-2,0],[-3,-6],[-2,1],[-3,12],[4,-3],[-1,8],[-2,3],[2,4],[4,-4]],[[8079,4748],[3,-1],[5,2],[6,1],[1,-3],[3,1],[0,-3],[5,1],[2,-6],[-9,2],[-3,3],[-1,-1],[-3,1],[-1,-3],[-2,3],[-6,-1],[-3,6],[2,2],[1,-4]],[[8055,4910],[-2,-2],[-2,2],[0,4],[1,5],[3,2],[2,0],[0,-7],[-2,-4]],[[8205,4415],[-1,0],[-2,5],[1,16],[2,2],[1,-7],[-1,-16]],[[8205,4448],[0,-3],[-3,7],[1,10],[3,-12],[-1,-2]],[[8161,4945],[1,-8],[-3,1],[-3,3],[1,3],[4,1]],[[6008,1401],[-2,6],[1,12],[0,11],[1,15],[2,9],[0,19],[5,17],[-1,8],[-2,8],[1,3],[1,10],[0,10],[-1,5],[1,7],[0,10]],[[6014,1551],[1,3],[4,3],[4,8],[2,1],[4,-1],[2,-2],[1,1],[2,11],[3,16],[2,3],[3,8],[1,-1],[2,4],[2,-2],[4,3],[4,-2],[3,4],[2,6],[0,13],[3,10],[0,8],[2,10],[2,3],[2,1],[0,5],[-3,-2],[-5,10],[-3,2],[-1,-3],[-3,3],[-2,-6],[-2,2],[-3,-6],[-5,-2],[-3,-7],[0,-9],[-2,-7],[-4,2],[-2,4],[-1,-3],[-3,1],[-3,2],[0,5],[7,13],[0,9],[4,13],[1,5],[-1,7],[0,15],[2,4],[1,-2],[5,7],[3,0],[2,8],[1,1],[5,10],[3,-6],[3,-8],[5,-8],[4,-4],[1,-4],[3,-3],[4,-7],[0,-25],[-2,-11],[0,-1],[1,-8],[2,-3],[0,-5],[1,-10],[0,-8],[2,-1],[1,-10],[5,-6],[0,-22],[-4,-9],[-2,-2],[-2,-6],[-2,0],[-2,-3],[-2,2],[-5,12],[-4,0],[-4,-16],[-1,-7],[-1,-2],[-2,-8],[1,-8],[2,-3],[1,-10],[-1,-16],[-4,-5],[-3,1],[-4,6],[-2,3],[0,4],[-3,1],[-4,4],[-2,0],[-1,-5],[0,-9],[-1,-3],[1,-6],[1,-13],[2,-6],[3,-4],[5,-16],[2,-12],[0,-8],[-3,-14],[0,-3],[-2,-4],[-2,0],[-2,-3],[-1,0],[-5,-6],[-1,2],[-4,2],[-4,-3],[-2,-9],[1,-4],[-6,5],[-1,-2],[-4,3],[-3,-2],[-2,-7]],[[6129,1645],[0,-8],[2,-3],[1,2],[1,7],[3,0],[4,-7],[3,-6],[5,2],[2,-4],[4,-3],[1,-3],[0,-8],[-4,-10],[-2,-1],[0,-19],[1,-14],[0,-5],[-3,-9],[0,-8],[-4,-4],[-4,0],[-3,1],[-3,-1],[-3,5],[-8,1],[-2,-3],[-9,0],[-4,-7],[-5,-1],[-2,1],[-2,-6],[-1,0],[-3,8],[-1,-2],[-4,1],[-2,-1],[-3,-6],[-2,4],[1,9],[0,13],[2,15],[4,13],[0,6],[3,3],[1,4],[2,2],[5,12],[2,0],[4,6],[4,11],[4,5],[4,-2],[5,1],[1,3],[1,6],[4,0]],[[6115,1527],[1,0],[2,-4],[1,-9],[-3,-4],[-1,-5],[-3,-3],[-4,0],[-3,-3],[-1,-4],[-4,-6],[-6,-2],[-2,2],[-3,7],[-1,0],[-9,-17],[-1,-6],[-2,-11],[-3,-12],[-1,-13],[-3,-11],[-3,-7],[-3,-3],[-1,2],[-4,0],[-1,8],[-2,6],[0,9],[2,8],[0,15],[1,4],[3,7],[5,7],[5,4],[1,13],[1,7],[2,9],[3,5],[4,0],[4,-7],[2,0],[2,4],[1,3],[9,2],[7,0],[1,-2],[5,7],[2,0]],[[2804,2397],[0,3],[4,-5],[3,-1],[5,-3],[4,-10],[3,-2],[3,2],[4,-7],[2,-3],[5,1],[2,7],[3,1],[1,-15],[2,-7],[3,-8],[3,-5]],[[2851,2345],[1,-6],[0,-6],[-2,-5],[-2,-6],[2,-6],[0,-7],[0,-6],[-2,5],[-3,0],[-3,-3],[-4,-12],[2,-8],[1,-10],[-4,-16],[2,-5],[-1,-4],[0,-6],[-2,-8],[-5,-1],[-4,-2],[-1,-6],[-4,-7],[-1,-4],[-2,-3],[0,-5],[-3,0],[-5,-6],[-4,-1],[-1,-5],[2,-7],[-1,-4],[3,-3],[1,-8],[-2,0],[-1,-5],[0,-6],[-6,-6],[6,-18],[1,-6],[3,-13],[0,-19],[1,-4],[-2,-8],[1,-8],[-2,-9],[0,-15],[1,-6],[0,-4],[-3,-7],[0,-4],[2,-4],[0,-7],[-3,-4],[-2,-5],[0,-6],[2,-9],[0,-12],[-1,-6],[2,-4],[-2,-3],[1,-7],[1,-4],[-1,-10],[-1,-2],[-3,-17]],[[2803,1936],[-2,-4],[-8,0],[-3,3],[0,-2],[-3,6],[1,8],[-1,5],[-5,11],[-1,-1],[-5,5],[-14,8],[-6,-2],[-2,19],[-3,10],[-7,13],[-2,0],[-1,5],[-2,5],[-2,5],[-2,3],[-4,2],[-5,6],[-5,2],[-2,6],[-3,1],[-3,3],[-2,-3],[-2,10],[-1,3],[-6,6],[-5,1]],[[372,8929],[2,20],[3,18],[2,8],[7,16],[3,12],[0,8],[-1,4],[0,12],[-1,14],[6,0]],[[631,8804],[-1,-4],[0,-6],[1,-4],[0,-5],[2,-5],[-3,-12],[-2,-3],[-1,-6],[-5,-11],[-3,-3],[-1,-6],[-3,-4],[-4,-11]],[[4422,1470],[1,-9],[1,-15],[1,-3],[0,-5]],[[4425,1438],[-3,-2],[-3,-10],[-3,-5],[-2,-7],[-2,-2],[-6,-14],[-2,-5]],[[4404,1393],[-1,6],[-2,3],[-2,9],[-2,6],[0,4]],[[5919,7048],[2,5],[2,1],[2,-7],[3,-1],[2,2],[2,8],[2,2],[4,-6],[4,1],[1,-9],[10,-8],[2,-4],[3,-1],[2,2],[4,-2],[1,1],[3,-6],[4,5],[5,-1],[3,-5],[2,-3],[4,3],[2,-3],[3,2],[2,-2],[2,-4],[1,-9],[2,2],[2,0],[3,-3],[3,1],[1,-5],[4,-5],[1,-5],[2,-1],[3,-7],[1,-5],[2,-6],[4,-4],[1,-3],[2,-3],[3,-6],[3,2],[1,-5],[4,2],[3,-6],[3,0],[5,6],[1,-1],[6,3],[5,-4],[2,-9],[-1,-16],[-1,-10],[4,-6],[2,3],[1,10],[5,0],[2,2],[3,11],[0,4],[2,13],[2,4],[1,7],[3,6],[3,-6],[2,4],[4,4],[3,5]],[[6096,6856],[-2,-1],[-2,-8],[-4,-10],[1,-6],[-6,4],[-1,-7],[4,-11],[2,0],[3,-6],[2,-8],[-1,-2]],[[6092,6801],[-2,1],[-2,-3],[-1,2],[-2,-4],[-2,3],[-3,-6],[-5,5],[-1,-1],[-7,-3],[-2,3],[-1,-2],[-3,2],[-2,-3],[-2,1],[-7,2],[-5,2],[-2,-4],[-3,4],[-4,0],[-3,-7],[-5,1],[-1,-2],[-1,3],[-3,-2],[-5,-1],[-2,-5],[0,10],[-2,9],[-2,4],[-5,2],[-1,4]],[[5882,7042],[-4,-2],[-5,-8],[-3,0],[-2,2],[-3,0],[-2,4],[-1,6]],[[5908,7121],[1,-6],[3,-5],[2,4],[1,-6],[-2,-8],[2,-5],[2,0],[0,8],[2,0],[1,-3],[2,6],[4,-4],[3,1],[3,-1],[2,1],[1,8],[2,0],[0,9],[4,-9],[1,-4],[2,-2],[0,-8],[3,-2],[2,6],[1,-1],[2,6],[4,-12],[4,1],[2,5],[0,3],[0,6],[-1,3],[3,5],[4,-10],[1,-9],[1,0],[3,-7],[2,-1],[8,-9],[2,-2],[3,-5],[2,0],[3,-4],[3,0],[2,-4],[1,6],[4,-3],[1,-5],[3,4],[3,-8],[2,-12],[1,-1],[1,-8],[4,-6],[2,2],[2,-4],[-1,-5],[0,-6],[4,2],[1,6],[3,-7],[3,-4],[0,7],[1,3],[3,-5],[2,-12],[1,-9],[2,0],[2,-2],[2,1],[0,-6],[1,-3],[2,3],[1,-12],[4,7],[0,8],[2,-1],[2,3],[4,12],[3,2],[2,4],[0,8],[3,8],[3,3],[-1,10],[4,9],[1,7],[-3,-1],[-3,5],[0,4],[0,4],[2,4],[1,-1],[3,2],[4,1],[2,-4],[1,-5],[-1,-5],[3,0],[2,-7],[4,-1],[2,5],[3,-12],[4,-3],[1,-2],[3,1],[0,5],[-1,5],[5,-2],[0,-1]],[[6033,7047],[1,-7],[3,1],[4,-9],[0,-7],[-4,-1],[-1,5],[-3,4],[-1,4],[-2,6],[0,3],[3,1]],[[6052,7039],[3,-3],[2,1],[3,-5],[-1,-8],[2,-4],[-1,-8],[-3,4],[-1,6],[2,6],[-2,7],[-3,0],[-1,4]],[[5417,3323],[-1,-5],[-3,-3],[-2,-12],[-4,-1],[-4,-7],[-5,-17],[-3,-11],[-1,-14],[-3,-7],[-3,-22],[-5,-9],[-3,2],[-2,-1],[-4,4],[-2,0],[-5,10],[-1,7],[1,5],[-1,13],[-3,1],[-3,-8],[-2,3],[0,9],[-1,4],[1,4],[-3,6],[-4,-3],[1,10],[2,2],[-2,14],[0,0]],[[5352,3297],[-1,6],[3,8],[0,6],[-3,12],[-3,5],[0,7],[-1,5],[-2,4],[-2,14],[-2,9],[0,4],[-2,3],[-4,-1],[-2,-2],[-3,-6],[-2,4],[-1,-2],[-5,-13],[-4,7],[-2,-2],[-2,-4],[3,-5],[-2,-3],[-2,-12],[-2,0],[0,-6],[2,-3],[-1,-3],[-6,-13],[1,-4],[-1,-10],[2,-6],[0,-4],[-3,0],[-1,11],[1,6],[-9,-3],[0,-5],[-2,-1],[-1,5],[-1,5],[2,10],[5,3],[-1,9],[1,2],[3,10],[-2,5],[2,7],[-3,5],[-1,10],[-1,1],[-2,8],[2,7],[1,6],[4,9],[-1,12]],[[5301,3414],[2,17],[-5,4],[4,8],[1,-4],[2,-3],[3,3],[2,1],[4,-4],[0,10],[1,0],[4,-5],[6,-5],[1,8],[-1,3],[1,7]],[[5326,3454],[6,0],[2,-1],[4,-5],[4,5],[0,6],[2,2],[2,-4],[4,-1],[0,-7],[3,1],[2,-3],[1,4],[2,2],[5,-1],[4,-6],[3,-2],[6,0],[3,-4],[3,-7],[0,-4],[5,-3],[2,5],[2,0],[4,7],[2,9],[3,5],[1,4],[-1,7],[0,4],[1,5],[2,8],[-3,7],[1,10]],[[5424,3469],[1,-7],[0,-4],[3,-5],[4,1],[3,-7],[1,-4],[2,-1],[-1,-7],[-3,-2],[-4,0],[-1,-4],[1,-7],[0,-7],[-4,-15],[-1,-12],[-4,-7],[-2,-11],[0,-4],[-4,-15],[2,-10]],[[3836,2255],[-1,-2],[-5,-2],[-4,-6],[-5,4],[1,-5],[0,-5],[2,-11],[-1,-5],[3,-1],[0,-5],[4,-2],[0,-7],[-2,-2],[1,-21],[4,-2],[0,-12],[1,-2],[1,-11]],[[3835,2158],[-1,-3],[-2,1],[-3,-5],[-2,1],[-6,-3],[-2,-6],[-4,-9],[-3,-2],[-2,-3],[-4,1],[-7,-3]],[[3799,2127],[0,6],[-2,1],[-1,9],[0,10],[0,7],[2,8],[-2,6],[0,14],[-2,0],[-1,-4],[-4,5],[-1,-6],[-3,1],[-4,-3],[-3,-6],[-1,-3],[-5,5]],[[3772,2177],[1,2],[4,1],[4,8],[0,11],[1,5],[-1,6],[-3,3],[3,10],[2,9],[3,2],[1,3],[2,4],[2,5],[4,2],[2,4],[4,3],[1,12],[-2,5],[-4,0],[-2,3],[1,9],[1,11],[4,-1],[0,5],[1,7],[3,-1],[1,3],[4,4],[-1,5],[3,13],[1,9],[-2,-1],[-4,8],[-2,-1],[-3,6],[-1,4],[2,2],[0,5],[-3,2],[-2,-2],[0,6],[-4,-3],[-1,-5],[-2,-1],[0,9],[-5,0],[-1,3],[-4,3],[-1,-1],[-2,4],[-1,-1],[-4,2],[0,5],[2,11],[3,-1],[3,1],[4,4],[1,10],[-1,7],[1,9],[3,5],[1,7],[-1,7]],[[3788,2443],[1,0],[2,-6],[4,-8],[5,-2],[2,-3],[3,1],[5,13],[0,4],[-4,2],[0,4],[2,5],[5,6],[2,-4],[3,3],[-1,-10],[1,-10],[2,-4],[1,3],[4,3],[0,-6],[2,-14],[-4,-6],[-1,5],[-1,-7],[1,-10],[0,-7],[2,-4],[1,-10],[1,-8],[4,-8],[4,-7],[-2,-7],[2,-7],[-1,-9],[-2,-1],[-1,-6],[-1,-11],[0,-6],[-1,-3],[-1,-10],[2,-9],[4,-1],[1,-4],[1,-2],[1,-5],[1,-4],[1,-6],[-2,-12]],[[3845,3117],[3,0],[2,-3],[0,-12],[2,-4],[-1,-6],[2,-3],[0,-6],[-3,-16],[1,-7],[-2,-1],[-2,-7],[-3,-4],[-2,-1],[-2,1],[-2,-2],[-3,1],[-4,5],[-2,-1],[-2,-5],[-6,0],[-1,5],[-2,1],[1,8],[-2,1],[3,33],[3,0],[2,2],[0,8],[1,3],[2,1],[3,7],[2,4],[2,0],[3,-4],[1,3],[0,5],[3,3],[0,-4],[3,-5]],[[3521,2223],[-3,1],[0,-6],[-4,-3],[-1,-2],[-4,4],[-2,-4]],[[3507,2213],[-4,3],[-2,6],[-3,1],[-6,-4],[0,-4],[-1,-4],[-4,-2],[-4,3],[-2,5],[-5,-2],[-2,-4],[0,-4],[-4,-2],[-3,1],[-2,-4],[-2,3],[-4,1],[-1,-2],[-5,-2],[0,4],[-2,2],[-4,-2],[-1,6],[-3,-2]],[[3443,2210],[-2,2],[-4,11]],[[3394,2239],[-3,1],[0,3],[0,7],[-2,4],[-1,-3],[-4,-2],[-1,2],[-1,6],[-4,-3],[-2,1],[-1,9],[2,6],[2,9],[0,7]],[[3426,2398],[2,0],[4,-13],[0,-4]],[[3432,2381],[0,-5],[2,-7],[1,2],[2,-3],[2,6],[2,0],[2,-4],[1,7],[2,6],[4,4],[0,-9],[3,-2],[3,15],[4,-5],[3,-2],[1,3],[3,0],[0,2],[4,-2],[9,0],[2,-2],[4,3],[4,-1],[1,5],[4,4],[-3,7],[4,6],[2,8],[2,2]],[[3370,1878],[3,4],[2,0],[1,5],[0,10],[0,3]],[[3376,1900],[4,6],[5,-5],[-1,-4],[2,-5],[2,0],[1,5],[3,0],[2,-3],[4,5],[3,-6],[1,7],[2,-2],[1,-6],[3,-1],[4,2],[0,7]],[[3412,1900],[3,-1],[4,-8],[1,-6],[2,-5],[1,2],[0,5],[2,4],[3,-5]],[[3428,1886],[0,-17],[0,-16],[-1,-3],[0,-8],[-2,-6],[0,-8],[0,-7],[0,-12],[0,-5],[0,-14],[-2,-7],[0,-7],[-1,-5],[-1,-8],[3,-13],[3,-12],[0,-9],[2,-12],[0,-13],[-1,-9],[1,-11],[2,-2],[4,5],[2,-10],[2,-2],[0,-10],[-1,-6]],[[3438,1659],[-7,2],[-1,3],[-4,-2],[-2,0],[-4,-1],[-3,3],[-2,-4],[-3,1],[-1,8],[-2,-2],[-4,3],[-7,8],[-2,4],[-3,2],[-4,7],[-2,-1],[-4,6],[-2,1],[-4,3],[-1,-2],[-5,4],[-2,4],[-8,7],[-2,0],[-4,5],[-2,1],[-2,6],[-3,4],[-4,2],[-2,4],[-3,1],[-2,6],[-2,5],[-3,13],[-1,1]],[[4075,6222],[-1,-37],[-4,-33],[-8,-23],[-7,-23],[-2,-18],[-2,-17],[2,-10],[4,-11],[10,-68],[3,-10],[5,-19],[13,-15],[6,-8],[19,-16],[8,-24],[1,-12],[-1,-13],[-1,-15],[2,-27],[3,-22],[1,-21],[0,-31],[0,-47],[1,-29],[2,-38],[-4,-19],[-5,-20]],[[4120,5596],[-2,-4],[-5,-8],[-5,-7],[-6,-26],[-13,-8]],[[4089,5543],[-6,1],[-9,4],[-4,-1],[-7,-4],[-9,-8],[-14,-6],[-3,1],[-4,10],[-3,-3],[-5,-9],[-3,-8],[-2,0],[-4,8]],[[4016,5528],[-2,32],[-10,14],[-1,11],[-15,20],[-5,25],[-30,119],[-3,18],[0,23],[3,17],[4,18],[3,15],[1,14],[-1,11],[-1,8],[-2,10],[-7,19],[-9,21],[-2,4],[-10,28],[-3,3],[-6,3],[-4,9],[-2,14],[-1,25],[4,17],[9,28],[12,45],[5,21],[3,20],[4,17],[4,18],[2,14],[1,19]],[[3957,6208],[2,5],[0,10],[1,5],[2,2],[1,11],[3,1],[1,4],[0,13]],[[3967,6259],[2,5],[7,18],[8,24],[5,13],[9,8],[8,1],[8,-10],[2,-3],[10,-10],[9,-19],[4,-5],[6,-6],[6,-3],[7,-2],[3,-2],[4,-4],[2,-12],[5,-14],[3,-16]],[[7106,6993],[1,-7],[2,-3],[-1,-10],[1,-3],[3,-4],[-1,-10]],[[7111,6956],[-3,4],[-3,-2],[-1,-3],[-4,1],[-2,7],[-4,3],[-1,-4],[-3,0],[-3,13]],[[7087,6975],[0,7],[3,2],[1,7],[-1,12],[1,8],[-3,-2],[1,7],[-4,1],[-2,2],[-3,-3],[-2,4],[-3,0],[-1,5],[-3,0],[-1,-8],[-2,6],[-1,3],[0,5],[-2,2],[-3,0],[-1,-3],[-2,6],[0,20],[3,13],[2,2],[-1,11],[-3,14],[-3,-1],[-1,5],[-1,2],[1,6],[4,-1],[1,19],[-1,5],[-4,6],[-2,-2],[-3,-6],[-2,0],[-4,-6],[-1,-5],[-2,4],[-1,6],[-2,3],[0,10],[0,7],[1,6],[3,5],[2,10],[1,13],[-1,10],[-2,6],[0,2],[-3,11],[-1,3],[2,8],[0,7],[-1,5],[3,9],[0,4],[1,9],[2,3],[1,7],[3,12],[4,12],[1,9],[3,10],[0,21],[2,8],[4,11],[1,5],[3,22],[1,12],[0,10],[-3,17],[1,9],[-2,0],[-1,11],[4,9],[2,-2],[2,9],[0,7],[-1,15],[-1,2],[0,7],[2,1],[-1,9],[4,-3],[3,1],[1,7],[-1,12],[-1,1],[-3,12],[2,4],[0,10],[1,12],[2,1],[1,5],[2,-1],[4,9],[0,7],[2,1],[3,14],[2,2],[-1,7],[3,9],[0,6],[2,7],[0,6],[2,2],[1,4],[-1,6],[2,3],[2,9],[0,3],[4,10],[3,4],[2,5],[2,-1]],[[7114,7666],[5,0],[3,-19],[0,-10],[-2,-6],[0,-3],[-2,-5],[-1,-7],[1,-6],[-2,0],[-2,-6],[1,-5],[-2,-9],[0,-5],[-2,-10],[0,-4],[-3,-6],[0,-14],[-1,-8],[0,-5],[-2,-25],[2,-11],[0,-12],[2,-4],[-1,-8],[3,-6],[0,-8],[0,-7],[1,-2],[-2,-6],[0,-12],[0,-13],[1,-6],[-2,-15],[-2,-3],[0,-8],[-1,-7],[-1,-7],[-3,-3],[-2,1],[-2,-3],[1,-9],[1,-3],[-1,-7],[-3,-6],[-1,-6],[1,-9],[1,-3],[2,-10],[-2,-5],[-2,-20],[-1,-3],[-2,4],[-1,-7],[0,-15],[-1,-13],[3,-2],[0,-11],[-4,-3],[-1,-5],[2,-11],[0,-7],[1,-8],[0,-7],[1,-7],[-2,-3],[-3,-15],[1,-9],[0,-6],[-2,1],[-3,-6],[2,-12],[0,-7],[-2,-3],[1,-13],[1,-8],[2,-4],[-3,-12],[-2,-12],[-1,-12],[3,-30],[3,-12],[3,-10],[7,-23],[6,-13],[3,2]],[[7066,7525],[2,-3],[1,-9],[-1,-7],[-3,-5],[-2,3],[3,21]],[[7058,7497],[0,-10],[-2,3],[1,6],[1,1]],[[7070,7503],[1,-8],[-3,2],[2,6]],[[7092,5721],[2,0],[2,-9],[1,8],[3,-3],[1,-6],[4,-3],[-1,8],[2,2],[3,-5],[2,0],[1,-4],[3,-4],[2,3],[2,-7],[3,-5],[2,1],[1,-6],[-1,-5],[2,-14],[2,-2],[2,1],[3,-5],[2,-1],[-1,-6],[2,-2],[5,2],[2,-3],[2,9],[2,-4],[8,-10],[3,-8],[2,-6],[5,-7],[0,-6],[2,-6],[1,-5],[2,2],[2,-3],[2,-7],[5,-11],[4,-13],[2,2],[2,-3],[2,-9],[3,6],[2,8],[2,-3],[4,-13],[2,-4],[3,-11],[1,-12],[0,-11],[-3,-19],[-5,-5],[-4,-6],[-2,-7],[-4,-5],[-1,4],[-3,-2],[-6,1],[-3,-6],[-4,4],[-2,7],[-3,5],[-5,3],[-2,0],[-2,2],[-8,5],[-5,-1],[-3,-4],[-3,-4],[-2,3],[-6,-4],[-6,3],[-4,4],[-5,1],[-3,-5],[-1,5],[-3,0],[-2,-2],[-3,-8],[-4,0],[-1,-4],[0,-7],[-4,-5],[-2,1],[-4,6],[-3,0],[-1,-9],[-2,-2],[-3,3],[-4,-2],[-2,1],[-6,5],[-5,0],[-5,13],[-5,7],[-6,8],[-3,9],[-2,1],[-1,6],[0,5],[-3,16],[2,6],[2,12],[1,10],[-1,13],[-1,6],[0,7],[3,11],[1,6],[-1,10],[0,4],[3,2],[-1,7],[3,7],[-2,5],[0,6],[3,0],[1,-4],[7,-4],[1,-4],[3,-4],[2,3],[-1,5],[1,4],[2,-1],[-1,10],[3,7],[1,-1],[6,11],[0,6],[4,3],[0,6],[6,6],[2,1],[3,7],[3,6]],[[7104,6501],[3,2],[0,4],[4,3],[1,8],[3,3],[1,-2],[3,3],[1,-12],[3,1],[4,9],[1,-2],[2,8],[-3,9],[-2,4],[0,12],[0,5],[-1,3],[0,7],[0,21],[0,10]],[[7124,6597],[4,-1],[1,-3],[2,-11],[2,-1],[3,6],[1,1],[5,-3],[1,0],[2,8],[2,2],[0,11],[0,6],[5,0]],[[7152,6612],[1,-41],[-4,-1],[-3,-10],[-1,-7],[2,-6],[-1,-6],[0,-4],[-1,-11],[1,-18],[1,-12],[1,-4],[2,-18],[4,-14],[1,-3],[3,-15],[0,-9],[2,-15],[2,-7],[1,-9],[0,-20],[2,-11],[1,-21],[2,-11],[2,-10],[1,-6],[2,-6],[3,-25],[2,-10],[2,-19],[4,-8],[0,-7],[3,-11],[1,-13],[4,-19],[1,-4],[3,-10],[1,-2],[5,-21],[1,-7],[3,-13],[4,-13],[1,-12],[2,-12],[2,-6],[0,-7],[3,-9],[5,-13],[2,-2],[2,-5],[5,-7],[2,-6],[2,-8],[0,-5],[3,-6],[3,-8],[4,-7],[2,-9],[5,-10],[7,-13],[3,-2],[6,-14],[0,-5],[-2,-2],[-2,7],[-3,1],[-1,3],[-3,1],[-3,7],[-4,2],[-3,-1],[-2,-5],[-8,14],[-1,-5],[-1,-4],[-3,0],[-3,6],[-8,8],[-3,7],[-1,7],[7,7],[5,-10],[1,3],[-2,3],[-6,24],[-3,2],[-1,6],[-2,1],[-4,6],[-2,0],[-5,7],[-1,-1],[-7,8],[-3,1],[-7,8],[-4,3],[-3,6],[-4,5],[-3,8],[-3,8],[-1,3],[-1,9],[-1,5],[1,8],[-2,11],[-3,10],[0,4],[-2,6],[-2,11],[-1,11],[-1,6],[-2,16],[-3,5],[-4,12],[0,17],[-5,21],[0,12],[-2,5],[-1,1],[-1,8],[-3,1],[-1,5],[-3,2],[-3,9],[-3,-2],[-3,3],[-1,4],[-4,2],[-4,3],[-1,8],[-3,2],[-4,7],[-2,9],[-4,4],[1,13],[-2,3],[-2,12],[-1,0],[-1,8],[1,3],[0,9],[2,9],[0,4],[2,15],[0,9],[1,10],[2,5],[0,6],[0,9],[0,9],[0,11],[-1,8],[1,6],[0,4]],[[7066,6329],[2,-1],[2,-6],[1,-1],[5,0],[3,-11],[-2,-5],[3,-5],[1,-9],[3,-4],[2,-8],[0,-9],[3,-5],[2,0],[3,-5],[1,-4],[1,-9],[4,-3],[1,-6],[2,0],[-1,-8],[-3,-7],[0,-4],[0,-7],[-2,-6],[-1,-4],[-2,-3],[-3,-9],[-4,-17],[-2,-5],[-2,-1],[-1,-11],[1,-15],[1,-5],[1,-2],[7,3],[1,-7],[2,-5],[-2,-21],[2,-6],[3,-10],[4,0],[2,5],[3,6],[4,-1],[3,4],[3,-5],[4,7],[4,2],[5,-7],[2,-5],[2,-1],[2,-5],[4,0],[2,-6],[1,-7],[-1,-12],[2,0],[4,-10],[0,-8],[-5,4],[2,-8],[2,-3],[-2,-4],[-2,3],[0,-6],[0,-3],[-2,-9],[-4,-1],[-1,-4],[-1,-5],[-2,-2],[-1,-5],[-2,2],[-2,-3],[-3,-1],[-1,-3],[-2,3],[-2,-3],[-5,-3],[-4,-2],[-1,3],[5,5],[-4,5],[-3,-3],[-3,6],[-2,-1],[-3,6],[1,6],[-1,4],[-2,-3],[-3,7],[1,10],[-1,2],[2,7],[0,3],[-3,11],[0,5],[-4,4],[-2,-2],[-3,-10],[-4,-4],[-4,-1],[-4,-5],[-2,-4],[-3,-2],[-3,-4],[-4,-3],[-1,-5],[-4,-7],[-3,4],[-1,15],[-3,11],[1,6],[-1,6],[-1,11],[3,23],[1,2],[1,7],[2,4],[1,6],[1,17],[-3,3],[-2,-3],[-6,6],[-1,7],[-3,1],[0,-7],[-2,7],[-1,6],[-2,6],[-3,-3],[-4,9],[0,9],[-1,1],[-5,18],[-1,0],[-2,8],[-1,0],[-2,7],[1,5],[-3,9],[-1,6],[0,8],[1,12],[2,3],[2,-1],[1,3],[3,13],[0,7],[2,6],[-1,13],[-3,12],[0,8],[3,-6],[5,5],[2,8],[1,0],[2,-5],[3,-12],[2,0],[2,-7],[0,-6],[0,-5],[1,-3],[0,-7],[2,-8],[5,-7],[2,1],[0,8],[2,1],[2,10],[-1,5],[1,7],[1,3],[1,12],[1,-2],[5,10],[0,9],[2,5]],[[7004,6362],[1,-4],[1,-2],[2,-11],[4,-5],[3,4],[1,4],[3,0],[-1,-10],[-4,-5],[-3,4],[-3,-4],[1,-6],[-2,-4],[0,-6],[0,-10],[2,3],[2,-3],[-1,-7],[1,-2],[4,-12],[-1,-5],[1,-10],[-3,1],[-3,-5],[1,-7],[0,-8],[3,-11],[-1,-5],[-3,-6],[-1,-9],[1,-5],[-3,-2],[-3,3],[-2,-3],[1,-5],[-3,-8],[-2,2],[-1,-3],[-7,-3],[-1,-3],[-3,4],[-3,0],[-1,5],[-2,3],[3,5],[-2,2],[-2,-1],[0,8],[0,8],[7,-2],[1,1],[-1,7],[-6,11],[0,9],[-4,3],[3,6],[-1,15],[2,10],[1,0],[1,8],[1,9],[-2,3],[2,15],[-2,4],[-1,-1],[-2,2],[2,6],[-1,3],[1,5],[3,5],[2,7],[2,-3],[1,4],[3,-4],[2,4],[9,0],[3,7]],[[7005,6151],[1,0],[5,-8],[-1,-7],[-3,-1],[-1,-3],[1,-8],[3,-4],[0,-4],[2,0],[3,-4],[0,-3],[3,-4],[-2,-18],[0,-12],[2,-9],[2,-4],[3,-11],[2,-8],[-6,-7],[-2,-1],[-4,7],[0,3],[-5,7],[-3,3],[-3,-3],[0,-6],[-6,1],[-5,7],[-2,9],[-1,2],[1,7],[0,11],[2,12],[3,3],[0,9],[3,1],[1,15],[1,1],[0,6],[-3,3],[-2,11],[3,-2],[3,8],[5,1]],[[7073,5810],[2,-5],[4,-8],[2,0],[1,-5],[3,2],[3,-3],[4,-6],[4,-2],[2,1],[5,-3],[0,-6],[1,-10],[-2,-17],[-3,2],[-1,-3],[-7,2],[-5,11],[-7,5],[-4,4],[-7,0],[-4,-11],[-6,-2],[0,6],[-4,3],[-1,9],[3,14],[6,6],[1,4],[0,12],[4,2],[2,-2],[2,5],[2,-5]],[[7043,6729],[2,-7],[2,-7],[1,-9],[-1,-3],[2,-4],[-2,-7],[-1,-7],[0,-5],[-4,-8],[-4,-2],[-2,1],[-7,16],[-1,6],[-1,8],[0,5],[4,12],[2,4],[6,6],[4,1]],[[7047,6584],[4,2],[1,-2],[-3,-7],[-1,-9],[2,-19],[3,2],[0,-8],[-1,-8],[2,-7],[-2,-7],[0,-9],[1,-5],[0,-9],[1,-14],[-2,-1],[-4,17],[-2,4],[2,5],[-2,11],[-2,1],[-2,-7],[-2,0],[0,5],[1,7],[0,5],[1,10],[0,7],[0,9],[0,7],[2,7],[0,14],[3,-1]],[[7031,5701],[1,-8],[2,6],[2,-3],[-1,-10],[2,1],[2,-8],[-1,-7],[-4,-8],[-5,-1],[-2,-3],[-3,-8],[-1,1],[-3,6],[-3,1],[-4,11],[1,5],[3,1],[2,5],[2,0],[1,4],[-1,5],[2,3],[2,-8],[2,15],[3,-6],[1,6]],[[7239,5953],[3,-4],[3,-12],[2,-7],[0,-2],[5,-11],[3,5],[3,0],[2,-7],[1,-11],[-2,-5],[-3,-6],[-5,1],[-3,-2],[-3,6],[-2,5],[-1,0],[1,14],[-1,3],[1,11],[-7,5],[0,7],[0,6],[3,4]],[[7026,6145],[3,0],[3,-3],[3,5],[4,-8],[2,-8],[1,-4],[-1,-10],[-2,3],[-3,-1],[-4,-5],[-1,3],[-3,1],[-3,11],[0,5],[0,9],[-2,6],[1,3],[2,-3],[0,-4]],[[7246,5560],[3,-6],[0,-10],[-1,-10],[-1,-4],[-4,-3],[-1,-3],[-3,0],[-5,9],[0,2],[2,14],[1,4],[4,6],[5,1]],[[7011,6465],[1,-7],[-2,-7],[0,-12],[-1,-6],[-3,-1],[-3,-7],[-3,1],[-3,8],[3,11],[2,3],[0,5],[2,8],[4,0],[3,4]],[[7045,5828],[1,-6],[1,-11],[2,-5],[0,-9],[-1,-7],[-2,-4],[-2,0],[-3,12],[0,10],[0,12],[-3,12],[3,3],[2,-2],[2,-5]],[[7251,5870],[1,1],[7,-7],[2,-4],[-2,-2],[-3,-1],[-2,-4],[-3,-8],[-3,1],[0,7],[-4,11],[2,7],[4,2],[1,-3]],[[6982,6402],[2,-1],[1,-4],[-4,-10],[0,-12],[-2,-10],[-2,-1],[-1,-6],[-4,-1],[1,15],[-1,3],[1,7],[2,-3],[2,9],[3,14],[2,0]],[[6965,6372],[5,-6],[2,-3],[0,-9],[-5,-7],[-3,-2],[-1,-3],[-1,0],[-2,-4],[-2,4],[1,2],[-2,9],[1,3],[3,-4],[1,12],[2,1],[1,7]],[[7090,5431],[2,-5],[-1,-8],[-2,-4],[-6,2],[-2,-1],[0,-5],[-4,-6],[-1,11],[1,6],[6,9],[3,-1],[4,2]],[[7043,6497],[1,-6],[1,-12],[-2,-5],[0,-15],[-3,-4],[0,10],[1,21],[1,11],[1,0]],[[7251,6193],[1,-4],[5,-5],[2,-5],[-2,-4],[-1,4],[-5,6],[-2,5],[-3,-6],[-2,-3],[-2,4],[5,6],[2,5],[2,-3]],[[7114,6314],[1,-4],[0,-4],[2,-9],[-2,-3],[2,-5],[0,-3],[-6,-5],[2,8],[-1,15],[2,3],[0,7]],[[7039,5626],[2,-1],[-1,-11],[-2,-8],[-4,2],[0,9],[1,7],[2,6],[2,-4]],[[7039,5731],[3,0],[5,-3],[-3,-8],[-2,5],[-3,-3],[-3,1],[-2,6],[5,2]],[[7015,6219],[0,-3],[2,-13],[-2,-6],[-2,9],[-1,1],[0,6],[3,6]],[[7024,6138],[0,-12],[-1,-3],[-4,15],[1,3],[2,1],[2,-4]],[[7190,6012],[4,-9],[-2,-5],[-5,5],[1,8],[2,1]],[[7259,6177],[6,-9],[-1,-9],[-2,-1],[0,7],[-2,5],[-2,2],[1,5]],[[7244,5896],[4,-6],[-2,-6],[-2,-1],[-1,3],[-1,7],[2,3]],[[7298,6136],[1,0],[2,-7],[-2,-1],[-2,3],[1,5]],[[6979,6592],[2,-4],[-3,-4],[-1,2],[-1,7],[2,2],[1,-3]],[[7022,6120],[-1,-2],[-3,7],[0,8],[1,1],[3,-14]],[[7278,6157],[3,-7],[1,-7],[-4,5],[-1,6],[1,3]],[[7252,5837],[1,-3],[5,-6],[-1,-4],[-3,7],[-3,2],[1,4]],[[7071,6331],[4,-1],[0,-7],[-4,1],[0,7]],[[7009,6211],[1,0],[0,-9],[-3,3],[2,6]],[[7003,6190],[3,-4],[-2,-5],[-2,5],[1,4]],[[7045,6472],[2,-7],[-1,-2],[-2,3],[0,7],[1,-1]],[[7245,6173],[3,-6],[-3,-5],[-2,7],[2,4]],[[7016,6310],[1,-4],[-2,-5],[-2,1],[2,8],[1,0]],[[7257,5844],[-1,-9],[-1,1],[-1,6],[3,2]],[[7192,5584],[-1,-1],[-1,-8],[-2,3],[1,6],[3,0]],[[7243,5852],[2,-2],[0,-6],[-4,4],[2,4]],[[7041,6315],[-1,-9],[-1,3],[0,8],[2,-2]],[[6965,6344],[2,-4],[0,-7],[-2,2],[-1,4],[1,5]],[[7110,6264],[3,-8],[-1,-3],[-2,5],[0,6]],[[7264,5826],[-4,-4],[2,8],[2,-4]],[[7020,6372],[1,-2],[-3,-4],[-1,5],[3,1]],[[7168,5628],[1,-8],[-1,-2],[-2,6],[2,4]],[[7045,6513],[-1,-10],[-1,4],[2,6]],[[7001,6529],[1,-7],[-2,0],[-1,4],[2,3]],[[7178,5605],[2,-3],[-1,-4],[-3,5],[2,2]],[[7124,6597],[1,13],[3,13],[3,4],[0,4],[-2,9],[0,3],[-3,7],[-1,5],[3,4],[1,8],[1,2],[-4,16],[0,10],[2,15],[-2,11],[1,7],[-1,7],[-2,4],[0,4],[-3,8],[-1,12],[0,16],[1,14],[2,3],[2,-4],[2,5],[0,13],[2,6],[-2,2],[5,10],[-1,8],[0,7],[2,3],[-2,11],[-3,5],[0,9],[-2,5],[-2,5],[0,6]],[[7124,6887],[3,0],[1,2],[4,-4],[0,-9],[3,-3],[3,0],[2,7],[2,1],[6,-3],[3,1],[3,-2],[1,6],[2,-3],[2,0],[5,5],[1,0],[3,11],[3,-4],[3,0],[1,-4],[3,1],[1,-4],[3,2],[2,-4],[0,-11],[4,-1],[2,-7],[2,1],[3,-8],[1,2],[3,-3],[2,3],[3,-2],[4,-1],[3,4],[5,2],[5,-8],[1,-5],[2,-5],[3,1],[0,-3],[1,-10],[2,-1],[2,4],[6,0],[1,-4],[2,-5],[2,-2],[1,-7],[3,-8],[4,1],[6,-6],[8,2],[4,-6],[2,0],[4,-3],[2,-7],[2,-1],[-1,-5],[1,-7],[2,-8],[6,-6],[1,-6],[3,0],[1,-4],[2,2],[2,8],[2,3],[6,2],[1,4],[-1,6],[0,8],[4,13],[0,6],[2,6],[4,-4],[3,0]],[[7317,6807],[-2,-9],[2,-9],[2,-8],[0,-11],[-1,-7],[1,-16],[-2,-8],[0,-7],[-3,-11],[1,-8],[2,-7],[3,-4],[3,-1],[2,2],[7,-7],[3,-2],[4,2],[5,-5],[3,-7],[4,-4],[5,-10],[2,-6],[0,-14],[2,-8],[4,-7],[-1,-3],[-3,5],[-2,2],[-2,7],[-3,15],[-3,-1],[-5,6],[-1,0],[-10,8],[-6,1],[-3,5],[-4,3],[-5,-1],[-2,4],[-3,0],[-3,6],[-4,2],[-11,2],[-2,-1],[-2,6],[-1,1],[-2,6],[-4,2],[-4,7],[-2,13],[-1,1],[0,7],[-4,1],[-1,4],[-3,3],[-2,0],[-4,-6],[-3,0],[-3,6],[-2,2],[-6,-5],[-2,3],[-3,0],[-4,-4],[-4,2],[-3,-2],[-2,4],[-3,0],[-4,5],[-4,1],[-1,4],[-3,1],[-2,6],[-3,-2],[1,6],[-2,1],[-1,8],[-3,1],[-4,5],[-4,-6],[-2,0],[-3,4],[-2,0],[-2,9],[-2,0],[-1,-4],[-3,2],[-2,3],[-7,-4],[-1,2],[-2,-1],[-3,4],[-1,-4],[-2,5],[-3,-8],[-4,0],[-4,-5],[-4,-14],[0,-5],[2,-7],[0,-7],[-3,-14],[2,-3],[0,-7],[-2,1],[-3,-4],[-1,-6],[1,-9],[-2,-9],[0,-7],[3,-12],[4,-2],[3,-4],[-1,-9],[0,-6],[1,-5],[1,-15],[-1,-7],[0,-11],[0,-5]],[[7455,6528],[5,-5],[4,-8],[10,-15],[3,-7],[4,-18],[5,-6],[4,-13],[7,-8],[1,-4],[5,-7],[3,-7],[4,-20],[2,-16],[-1,-5],[-2,2],[-2,-4],[-2,-6],[-2,0],[-3,10],[0,6],[-2,3],[-1,6],[2,6],[-2,1],[-2,6],[-3,5],[-2,-1],[-1,3],[2,8],[-2,10],[-1,4],[-1,5],[-5,3],[-3,7],[-2,2],[-3,1],[-2,-3],[-2,1],[1,8],[-1,4],[0,6],[-1,8],[-3,16],[-4,5],[-1,5],[-3,5],[-4,2],[-3,3],[-1,-2],[-2,6],[0,6],[1,2],[6,-10]],[[7524,6489],[4,-9],[2,-5],[-1,-7],[-1,-3],[-1,9],[-3,-1],[-4,-6],[-3,7],[-3,7],[0,7],[0,13],[1,5],[3,-1],[6,-16]],[[7346,6842],[4,-8],[5,-21],[0,-6],[2,-6],[-2,0],[-5,8],[-3,13],[-2,13],[1,7]],[[7479,6461],[2,-7],[0,-6],[0,-9],[-3,7],[-2,7],[0,4],[3,4]],[[7374,6621],[4,-6],[-2,-2],[-2,8]],[[7358,6791],[1,-9],[-1,-4],[-1,10],[1,3]],[[7523,6511],[0,6],[1,4],[1,-8],[-2,-2]],[[7106,6993],[0,5],[-2,3],[0,6],[-1,9],[-1,3],[1,8]],[[7103,7027],[1,-2],[1,-8],[2,-6],[5,-12],[0,-4],[4,-10],[4,-2],[2,2],[3,-6],[5,1],[3,3],[3,0],[5,10],[1,3],[2,2],[2,15],[2,-1],[3,7],[3,7],[1,6],[-1,6],[1,10],[-1,17],[-1,9],[3,11],[-1,16],[4,9],[1,8],[2,3],[-1,4],[3,10],[0,4],[1,6],[0,5],[8,10],[1,4],[3,3],[2,-1],[4,1],[2,5],[6,1],[2,-3],[4,4],[2,-3],[7,1],[2,7],[0,10],[4,7],[1,10],[-1,5],[1,3],[-1,9],[0,3],[-3,16],[-2,3],[-6,4],[-3,-1],[-3,-3],[-1,1],[-2,-6],[-3,4],[-1,9],[2,14],[2,3],[4,0],[1,7],[2,5],[3,17],[1,9],[3,7],[5,14],[2,2],[4,0],[1,5],[5,11],[2,0],[5,5],[5,3],[3,8],[6,8],[1,2],[3,7],[0,5],[1,8],[4,4],[7,13],[9,9],[2,6],[3,-2],[3,0],[2,-5],[1,-5],[4,3],[3,4],[1,3],[-1,6],[2,4],[3,3],[5,0],[3,-1],[6,8],[4,-1],[4,5],[3,0],[1,-4],[9,-6],[0,-5],[0,-8],[1,-9],[-2,-5],[-2,7],[-3,-1],[0,-19],[-2,2],[-1,-2],[0,-11],[1,-15],[1,-8],[4,-17],[5,-11],[2,-2],[3,1],[0,-4],[-1,-6],[-2,-6],[1,-15],[0,-8],[-2,-9],[0,-5],[-2,-5],[-1,1],[-3,-5],[0,-4],[0,-13],[2,-5],[0,-5],[-2,-2],[-2,-6],[0,-3],[-2,-18],[0,-11],[0,-14],[1,-5],[0,-16],[-2,-9],[0,-9],[1,-7],[2,-6],[-1,-3],[-3,3],[-5,-7],[-3,-1],[-1,-5],[-3,-2],[-2,2],[-6,-12],[-3,-9],[-6,-12],[-2,-9],[-4,-4],[-3,2],[-2,-1],[-2,-6],[-5,-4],[-2,-5],[-2,-7],[-3,-3],[-3,2],[-2,-1],[-1,-5],[-3,0],[-2,-6],[-3,2],[-3,-1],[-2,-2],[-3,2],[-3,-9],[-4,-3],[-1,-7],[-4,-8],[1,-8],[3,-6],[0,-6],[0,-3],[3,2],[1,-3],[-1,-6],[-3,1],[-1,3],[-2,-2],[-3,8],[-4,4],[-1,-7],[-1,-7],[-5,-2],[-1,-3],[-2,0],[-1,-12],[2,-5],[0,-6],[2,-8],[3,-7],[1,-3],[2,-2],[2,4],[2,-7],[5,-16],[3,-12],[2,-13],[4,-4],[2,3],[2,-3],[2,1],[-1,-8],[6,-1],[2,3],[6,-7],[3,0],[2,-3],[7,-13],[3,-6],[8,-3],[6,-8],[2,-5],[3,-5],[3,1],[5,-2],[2,-2],[1,1],[5,-6],[3,-2],[1,3],[3,1],[2,-13],[0,-5],[-2,-8]],[[7124,6887],[0,12],[-2,6],[0,12],[-3,8],[0,14],[-2,7],[0,5],[-2,4],[-3,-1],[-1,2]],[[7310,6847],[4,0],[-1,-7],[-3,-1],[-2,2],[0,3],[2,3]],[[7283,6877],[-1,2],[3,6],[2,-3],[-4,-5]],[[7239,7006],[3,-7],[-3,-3],[0,10]],[[7114,7666],[3,11],[1,6],[5,12],[0,9],[4,16],[2,3],[1,5],[1,2],[3,9],[0,5],[3,3],[1,4],[2,0],[1,6],[4,5],[1,6],[2,1],[2,8],[0,6],[4,2],[0,8],[2,6],[1,1],[3,5],[1,5],[-1,11],[5,-8],[0,-12],[1,-5],[3,5],[5,5],[7,3],[3,-2],[0,-4],[-1,-12],[-6,-23],[0,-5],[-5,-13],[-2,-6],[-1,-4],[-4,-10],[-2,-3],[-1,-8],[-2,-5],[-2,-10],[1,-8],[0,-12],[-5,-7],[-1,-7],[-1,-3],[-8,-7],[-2,-7],[-4,-6],[-1,-11],[0,-20],[1,-5],[-3,-11],[1,-15],[4,-10],[1,2],[4,-7],[2,0],[3,4],[4,3],[3,-9],[2,0],[2,-15],[1,2],[6,-6],[3,-12],[3,-22],[0,-10],[-2,-2],[-2,-9],[-2,-4],[1,-7],[0,-5],[0,-11],[-2,1],[0,-6],[3,-11],[5,-2],[3,-6],[-2,-22],[1,-9],[-1,-9],[-2,-15],[1,-12],[-1,-13],[-2,-13],[3,-8],[-1,-6],[-2,-4],[-2,1],[-2,-3],[-1,-8],[0,-9],[1,-18],[3,-6],[1,-6],[-3,-3],[-4,0],[-1,-5],[-1,-6],[1,-4],[-3,-11],[-2,-1],[-1,-11],[-3,-5],[-1,0],[-3,-9],[0,-13],[-3,-15],[0,-13],[-6,0],[-6,2],[0,-3],[-3,0],[-4,-8],[0,-3],[-3,-14],[-1,2],[-4,-12],[-3,-6],[-1,-6],[-3,-3],[-2,-1],[-6,-11],[-2,-3],[-3,1],[-2,-2],[-2,-3],[-2,-3],[-2,-10],[0,-4],[-2,-6],[-2,-5],[0,-25],[2,0],[0,-7],[-2,-4],[1,-5],[3,-1],[1,-4],[0,-5],[3,-10],[2,2],[1,-4],[3,1]],[[7121,7864],[1,-6],[-1,-5],[4,-1],[1,-1],[5,-2],[-1,-9],[1,-6],[-1,-8],[-3,-4],[-2,0],[-1,-4],[-4,2],[0,12],[-1,9],[-2,1],[0,4],[1,7],[3,11]],[[7109,7804],[4,-3],[2,1],[1,-3],[2,0],[1,-9],[2,-1],[-1,-9],[-2,6],[-7,8],[-2,6],[0,4]],[[7182,7437],[2,-5],[-2,-5],[-2,12],[1,3],[1,-5]],[[7171,7564],[3,-9],[-2,-2],[-2,8],[1,3]],[[7120,7766],[3,-4],[0,-8],[-4,4],[0,4],[1,4]],[[7185,7530],[1,-7],[-2,-1],[-1,11],[0,4],[2,1],[0,-8]],[[7175,7276],[1,-3],[-3,-8],[-2,4],[4,7]],[[7119,7814],[1,-1],[-1,-6],[-3,3],[3,4]],[[4454,4802],[-1,3],[-6,3],[-3,1],[-2,-7],[-3,1],[-1,-3],[-5,-3],[-2,1],[-4,6],[-1,-8],[2,-5],[-1,-8],[-6,-11],[-3,-1],[-2,2],[-2,-1],[-1,6],[-3,1],[-1,-6],[-3,2],[-1,8],[-4,14],[-2,0],[-2,3],[-3,10],[-3,-1],[-6,5],[-3,5],[-10,10],[-4,2],[-2,0],[-2,3],[-1,-6],[-1,1],[-3,-4],[-1,4],[2,17],[1,12],[-2,4],[-5,-1],[-5,5],[-5,12],[-5,18],[-2,12],[-10,49],[-12,54]],[[4315,5011],[3,3],[2,7],[6,-3],[4,3],[14,9],[14,-14],[10,-8],[7,-8],[1,2],[7,-5]],[[4383,4997],[-3,-9],[-2,-1],[1,-9],[0,-7],[0,-7],[1,-3],[1,-12],[2,-1],[2,3],[5,-11],[0,-10],[3,-12],[2,-1],[1,7],[3,0],[2,-4],[2,-1],[7,-7],[6,-2],[4,-8],[2,0],[4,-17],[5,-2],[1,-6],[1,-5],[2,0],[2,-7],[2,-2],[2,1],[1,7],[2,5],[4,11],[1,5],[3,9],[3,-3],[8,-4],[4,5],[2,6],[3,-2],[2,-5],[0,-7]],[[4474,4891],[0,-9],[-2,-14],[-3,-22],[-4,-11]],[[4519,5027],[4,0],[3,-3],[2,-4],[2,0],[5,-7],[1,-9],[1,-8],[0,-11],[0,-12],[1,-3],[-1,-7],[-7,-2],[-5,4],[-2,-1],[-2,-13],[-5,-4],[-6,-11],[-8,-1],[-1,-13],[-3,-12],[-3,-5],[-3,0],[-2,-5],[-3,-3],[-3,2],[-4,-1],[-6,-7]],[[4383,4997],[3,3],[12,12],[8,3],[1,7],[2,1],[4,4],[7,13],[4,-8],[3,2],[1,4],[3,26]],[[4315,5011],[-1,4]],[[4378,5145],[7,-12],[5,-9],[9,-8],[7,-3],[4,7],[4,1],[4,2],[4,0]],[[836,7888],[4,-2],[2,2],[1,-4],[7,-3],[1,2],[3,-4],[3,1],[2,-12],[2,-2],[-1,-9],[1,-5],[-3,-4],[-4,-3],[-3,-17],[-1,-3],[-6,-4],[-8,-13],[-6,-3],[-4,-4],[1,-11],[0,-5],[-4,-2],[-4,-6],[-3,-2],[-4,-8],[-5,-3],[0,-6],[-3,-22],[-3,-18],[-3,-23],[-1,-11]],[[797,7684],[-3,7],[-2,9],[-2,-1],[0,-7],[-3,7],[-2,-2],[-4,6],[0,7],[1,3],[-2,5],[1,8],[-2,6],[-1,7],[-3,-1],[-3,-4],[-2,0],[-3,5],[-4,0],[-3,-2],[-13,8],[-1,3],[-6,9],[-6,3],[-3,8],[-5,7],[-3,2],[-1,7],[-6,0],[-3,11],[-4,6],[2,7],[-1,13],[-3,0],[0,9],[1,3],[-2,14],[-1,6]],[[705,7853],[-1,28],[-1,21],[2,-7],[3,-4],[4,-2],[2,2],[0,7],[-1,8],[1,13],[0,7],[-2,9],[0,4],[3,2],[3,-2],[2,2],[3,0],[1,9],[1,6],[2,7],[1,2],[8,-1],[2,4],[2,6]],[[740,7974],[3,4],[3,0],[7,-14],[2,2],[4,7],[2,5],[15,-1],[5,-12],[1,-7],[1,-6],[0,-25],[8,11],[2,4],[5,1],[4,3],[10,4],[7,-12],[2,-6],[0,-6],[2,-5],[2,-10],[2,-2],[4,-9]],[[3333,2280],[1,-4],[4,6],[4,-6],[0,-7],[-3,-3],[-2,1],[-4,-8],[-1,-5]],[[3332,2254],[0,4],[-4,5],[1,4],[2,0],[1,4],[-1,4],[0,6],[2,-1]],[[1832,6070],[1,-7],[-1,-12],[-15,-15],[-1,-1],[-2,-4],[-2,1],[-1,7],[-17,9],[-3,2],[-5,2],[-23,14],[-7,-7],[-9,2],[-8,0],[-2,-5],[-7,-26],[-2,-8],[-3,-11],[-4,-16],[-6,-16],[-4,-11],[-5,-11],[-8,-17],[-7,-20],[-2,-3],[-2,-9],[2,-3],[0,-7],[-3,-2],[-2,4],[0,-7],[-4,-5],[-2,-4],[1,-9],[-2,-5],[-2,2],[-2,-5],[-4,-2],[-1,-5],[-2,-1],[-1,-8],[-5,-5]],[[1660,5846],[-2,-1],[-2,6],[-2,7],[-1,2],[-7,1],[-6,-2],[0,4]],[[1640,5863],[0,18],[1,23],[1,49],[1,14],[1,19],[3,14],[8,18],[2,6],[1,7],[0,28],[0,24],[1,17],[5,10],[0,9],[-1,31],[1,8],[4,31],[1,41],[2,-4],[2,0],[2,7],[0,6],[0,124],[0,96],[0,111]],[[1675,6570],[7,5],[7,2],[7,5],[4,7],[2,4],[4,5],[2,5],[3,9],[4,15],[3,10],[10,22],[9,20],[5,7],[5,2],[5,5],[9,7],[7,9],[6,19],[5,13],[2,8],[6,12],[2,3],[5,11],[6,9],[8,8],[2,4],[2,13],[2,16]],[[1814,6825],[8,-3],[4,-5],[4,-9],[5,-9],[1,-1],[6,-18],[5,-7],[5,-6],[5,-13],[5,-9],[2,-6],[3,-20],[3,-7],[5,-2],[3,-2],[6,-8],[6,-12],[2,-5],[6,-27],[3,-19],[2,-20],[1,-34],[1,-16],[1,-17],[2,-10],[3,-18],[2,-15],[-1,-6],[-2,-1],[-4,2],[-7,-1],[-2,-3],[-8,-4],[-5,0],[-9,6],[-1,-1],[-4,5],[-4,-7],[-4,-7],[3,-2],[1,-6],[-3,-11],[-2,0],[-2,-5],[-5,-3],[-1,-3],[-2,3],[-2,0],[-3,-2],[0,5],[-4,7],[-1,5],[-3,5],[-1,-8],[0,-3],[3,2],[1,-8],[0,-5],[1,-2],[0,-7],[-1,-5],[-2,-1],[0,-10],[5,-8],[1,-7],[-1,-7],[-5,-8],[-2,-2],[-2,-5],[-5,-9],[-6,-14],[-4,-5],[-6,-3],[-4,-3],[-7,-2],[-7,5],[-3,-5],[-3,-12],[-4,-4],[1,-7],[2,-3],[1,-10],[3,0],[5,-12],[8,-11],[1,-5],[-2,-5],[-2,-12],[0,-5],[3,-5],[2,-2],[1,-5],[-2,-17],[2,-2],[4,2],[2,3],[2,-3],[1,-17],[0,-8],[2,-12],[1,-9],[3,-5],[5,-4],[2,-7],[0,-5],[-1,-17],[-1,-6],[-2,-6],[-6,-5],[-3,0],[-5,-10],[-2,0],[-1,-3],[-1,-2],[0,-2],[-3,-11],[-2,-4],[-9,-5],[-2,-3],[-4,-1],[-4,-4],[4,-7],[3,-2],[3,1],[4,-4],[5,2],[4,3],[6,0],[4,1],[6,-6],[4,0],[3,-5],[0,-3],[-4,-6],[4,-3],[1,-3]],[[1860,6377],[2,0],[3,-2],[5,-2],[5,0],[4,-11],[3,-5],[4,-3],[4,2],[4,-10],[7,-16],[3,-11],[3,-13],[-2,-4],[-3,2],[-5,-1],[-5,-3],[-11,-9],[-1,-3],[-8,-10],[-4,-4],[-2,0],[-4,6],[-3,1],[-5,-3],[-1,2],[-4,13],[-3,1],[-6,-6],[-3,-1],[-3,8],[3,15],[1,16],[1,5],[8,30],[4,11],[2,6],[4,2],[3,-3]],[[1816,6286],[6,-2],[7,1],[4,3],[4,-6],[2,0],[8,7],[2,-2],[1,-8],[2,-6],[4,-1],[2,2],[3,-1],[2,-2],[4,-8],[1,-7],[-1,-9],[-5,-16],[-5,-13],[-4,-10],[-2,-2],[-4,-3],[-9,6],[-3,0],[-2,-5],[-5,-5],[-5,4],[-1,3],[-1,9],[-2,20],[0,11],[-3,7],[-7,-3],[-1,1],[1,13],[0,7],[-3,2],[-2,6],[-1,4],[3,11],[2,3],[5,-7],[3,-4]],[[1803,6358],[8,1],[2,-8],[-2,-9],[0,-3],[1,-1],[0,1],[2,0],[1,0],[4,-7],[3,2],[3,-1],[3,-5],[3,1],[5,-7],[0,-5],[-2,-11],[-3,-9],[-2,-1],[-4,0],[-7,-1],[-5,3],[-4,5],[-3,9],[-3,5],[-3,3],[-5,12],[-4,4],[-1,4],[-3,3],[4,6],[4,12],[2,2],[6,-5]],[[1839,6340],[-3,-16],[-3,5],[-5,0],[-4,6],[-2,0],[-3,-2],[-4,7],[-2,0],[-1,-1],[-1,3],[2,6],[0,4],[-2,7],[3,2],[5,2],[6,3],[3,5],[6,10],[6,4],[5,2],[3,2],[2,-5],[-11,-44]],[[1811,6128],[6,-6],[5,3],[5,-7],[1,-5],[-3,-11],[-2,-4],[-4,2],[-7,-2],[-5,0],[-5,-5],[-3,-1],[-3,3],[-5,0],[-2,2],[-2,5],[2,3],[2,0],[6,4],[8,4],[2,4],[2,8],[2,3]],[[1863,6462],[2,-8],[-2,-7],[-5,-8],[-6,-4],[-6,2],[0,8],[2,0],[2,2],[-1,5],[5,6],[1,3],[4,0],[3,3],[1,-2]],[[1830,6149],[-1,-9],[-3,-9],[-2,0],[-6,-6],[-4,3],[-3,2],[-1,0],[-1,1],[1,4],[1,2],[2,-1],[5,10],[3,0],[3,3],[3,2],[3,-2]],[[1857,6404],[3,-3],[0,-8],[-8,-7],[-4,5],[-6,-3],[-2,1],[7,11],[5,3],[5,1]],[[1876,6489],[1,-10],[-2,-1],[-2,2],[-2,5],[-1,4],[-3,8],[3,6],[5,-9],[1,-5]],[[1864,6749],[-4,6],[-5,10],[-2,7],[2,2],[4,-4],[3,-7],[3,-9],[-1,-5]],[[1882,6478],[-3,0],[-2,3],[-2,18],[6,-4],[4,-11],[-3,-6]],[[1849,6446],[-3,0],[0,-9],[-3,1],[-4,7],[2,2],[2,8],[3,1],[2,-5],[1,-5]],[[1840,6478],[2,-7],[3,-5],[0,-4],[1,-4],[4,4],[1,-3],[-3,-5],[-2,4],[-3,-1],[-2,5],[1,4],[-1,7],[-1,3],[-3,-2],[1,8],[2,-4]],[[1640,5863],[-3,4],[-1,-2],[-2,1],[-3,3],[-4,-2],[-3,2],[-3,7],[0,5],[-4,13],[-2,7],[-2,-3],[-2,1],[-9,1],[-2,4],[0,9],[3,3],[0,4],[-3,5],[-3,9],[-4,4],[-2,-1],[-2,2],[0,8],[-2,6],[-1,10],[-1,2],[-6,0],[-3,-3],[-2,1],[-1,-6],[-3,0],[-1,-5],[-3,-4],[-3,-1],[-3,3],[0,12],[-1,4],[-2,0],[-3,10],[-1,-3],[-4,3],[-1,-8],[-3,-4],[-2,0],[-4,8],[-5,5],[-2,5],[-3,-5],[-3,4],[-5,7],[-3,-2],[-3,1],[-2,-3],[-3,-14],[-3,5],[-2,-5],[-2,2]],[[1503,5972],[-2,7],[0,6],[-4,-4],[-4,-11],[-2,0],[-3,-3],[-2,-5],[-1,6],[1,9],[-2,10],[-3,3],[-2,8],[-2,3],[-5,8],[-1,6],[1,11],[0,8],[-2,2],[2,10],[1,14],[0,10],[1,3],[0,9],[0,6],[1,7],[1,11],[1,3],[0,8],[7,22],[2,11],[3,3],[5,16],[5,20],[0,16],[1,4],[-1,18],[-2,16],[-2,13],[0,7],[1,10]],[[1496,6273],[3,-2],[3,0],[7,-5],[3,5],[11,29],[3,12],[3,11],[4,8],[8,15],[5,2],[4,0],[5,4],[1,5],[1,8],[1,14],[2,18],[3,7],[5,5],[6,0],[10,-5],[9,-2],[6,0],[3,1],[5,6],[6,11],[8,25],[2,10],[1,12],[1,13],[2,35],[1,6],[3,15],[5,16],[6,11],[3,3],[5,2],[25,2]],[[2893,2593],[-2,7],[-1,-8],[-3,6],[-1,-6],[-3,4],[-1,5],[1,9],[-6,4],[-8,7],[-3,-7],[0,-5],[-3,-10],[-2,3],[-4,-4],[-2,4],[-1,24],[-3,0],[1,6],[-1,6],[-2,2],[-1,-7],[-2,-5],[-3,-1],[-1,-5],[-3,-2],[-1,-21],[-5,-10],[-1,-7]],[[2832,2582],[-2,-2],[-1,-8],[0,-10],[-4,0],[-2,3],[-3,-1],[-2,10],[-1,8],[-2,4],[-5,4],[-5,13],[-3,6],[-5,4],[-6,5]],[[2791,2618],[0,4],[2,2],[4,1],[1,7],[5,7],[2,11],[0,10],[-2,3],[1,6],[0,5],[-2,1],[-2,6],[0,6],[-1,1],[0,15],[1,5],[-1,10],[2,5],[0,7],[5,17],[-1,8],[2,10],[1,7],[-2,5],[0,10],[-1,14],[1,2],[0,8]],[[2806,2811],[5,-4],[1,1],[3,-6],[9,-11],[4,-10],[5,-5],[7,-5],[2,0],[2,-5],[5,0],[2,-4],[2,9],[4,3],[3,7],[3,6],[3,8],[3,3],[-2,18],[-2,4],[-5,3],[0,4],[4,0],[2,2],[3,-8],[2,-3],[4,-2],[3,-3],[9,0],[5,-3],[2,-8],[3,-3],[0,9],[2,6],[1,-7],[1,1],[2,-20],[1,-8],[-1,-2],[1,-14],[3,-15],[1,-2],[4,-17],[3,-9],[6,-18],[7,-14],[8,-11],[3,-2],[1,-7],[-1,-5],[1,-9]],[[9100,4591],[7,-40],[8,-16],[0,-37],[1,-8],[5,-3],[0,-19],[1,-21],[4,-4],[5,-6],[0,-8],[0,-22],[12,-23],[5,3],[9,-6],[-4,-45],[-4,-28],[-1,-18],[2,-22],[3,-18],[4,-15],[6,-20],[4,-19]],[[9167,4196],[-20,2],[-43,0],[-38,1],[0,36],[-4,12],[-17,47],[-20,49],[-5,17],[-16,63],[-11,50],[-10,38]],[[8983,4511],[10,15],[1,23],[-1,20],[-2,8],[-1,12],[1,6],[-4,16],[-1,4],[0,9],[-3,5],[-3,2],[-2,6],[0,8],[-1,7],[2,14],[2,9],[0,7],[-1,5],[0,7],[1,9],[-2,6],[-1,14],[-2,4],[0,6],[-3,10],[0,7],[1,11],[2,4],[2,7],[-3,3],[-2,11]],[[8973,4786],[4,1],[4,-12],[1,-7],[2,1],[1,-8],[-1,-2],[-1,-13],[1,-6],[-2,-3],[0,-7],[2,-8],[1,-6],[4,-10],[3,-2],[3,-6],[2,-7],[3,-2],[3,-6],[-1,-6],[2,-10],[0,-8],[0,-18],[2,-9],[1,-10],[3,-5],[0,-4],[3,-8],[1,-5],[5,-4],[5,2],[1,2],[5,-8],[2,-6],[6,2],[2,6],[4,0],[4,-7],[1,-6],[5,0],[4,-6],[2,3],[3,-3],[2,-7],[5,-1],[5,4],[2,-1],[2,6],[3,1],[3,-7],[3,-2],[1,6],[4,5],[0,3],[3,3],[2,6],[2,0]],[[9919,5044],[-6,-33],[0,-21],[1,-10],[-2,-10],[-1,-7],[1,-1],[1,-28],[1,-25],[1,-7]],[[9915,4902],[-1,-9],[-1,-1],[-1,-6],[2,-5],[-2,-8],[1,-4],[-2,-3],[-6,10],[-3,-2],[-1,1],[-2,-3],[-2,-1],[0,-3],[-8,-2],[-3,2],[-2,12],[-3,1],[-3,-4],[-2,-6],[-3,-5],[-11,4],[-6,-21],[1,-115],[-2,-74],[1,-10],[1,-6],[0,-6],[-6,-9],[-3,0],[-1,-10],[1,-5],[3,-3],[-1,-7],[0,-8],[-1,-7],[-2,-6],[0,-5],[1,-5],[-2,-16],[-2,-5],[6,-17],[2,-3],[2,-1],[-1,-8],[2,-1],[1,3],[0,-17],[-2,2],[0,-10],[2,-14],[0,-8],[1,-8],[-1,-11],[-2,-6],[-3,-4],[3,-11],[3,4],[1,-9],[2,-3],[-1,-9],[-1,-2],[1,-9],[2,-6],[-1,-3],[1,-6],[-1,-8],[2,-6],[-2,-5],[2,-9],[1,-2],[-2,-11],[-1,-2],[-2,-11],[-3,-4],[-2,0],[2,-9],[2,2],[0,-6],[-2,-3],[1,-6],[3,-3],[2,-4],[1,-5],[-2,-5]],[[9860,4298],[-1,-4],[-3,0],[-2,3],[-1,-4],[-3,-1],[-2,-3],[-1,6],[-1,2],[-11,7],[-4,3],[-11,7],[-7,2],[-2,6],[-4,0]],[[9807,4322],[-2,1],[-2,7],[-3,1],[-3,-1],[-3,7],[0,8],[-2,6],[-2,-5],[-2,-6],[-2,-3],[-1,7],[0,6],[-3,7],[-2,-1],[-2,-7],[-2,-4],[-3,2],[-2,8],[-3,1],[1,4],[1,6],[1,6],[-2,2],[-5,-4],[0,-3],[-5,-2],[-2,5],[-3,-3]],[[9754,4367],[-1,4],[-5,18],[-4,-3],[-3,6],[-2,1],[-3,-5],[-2,0],[2,10],[-1,2],[-4,-1],[-4,5],[-3,-6],[0,7],[-3,3],[-3,7],[-1,8],[-2,2],[-2,-11],[-1,0],[-2,7],[-3,0],[0,-4],[1,-8],[-1,-3],[-2,4],[0,7],[-1,5],[-2,-1],[-3,-11],[-3,-4],[-3,6],[-3,-3],[-2,2],[-1,8],[2,5],[3,4],[2,5],[-2,6],[-2,1],[-4,-8],[-4,-13],[-3,-3],[-4,6],[-5,5],[-1,4],[1,9],[-2,6],[-2,-3],[-1,-6],[0,-8],[-2,-1],[-1,11],[0,4],[3,4],[1,3],[0,5],[-3,9],[-3,-1]],[[9660,4463],[0,6],[-3,1],[-1,10],[2,4],[1,0],[3,5],[1,0],[-1,9],[3,11],[1,3],[2,17],[1,7],[1,12],[2,4],[-2,3],[0,7],[-2,4],[0,10],[1,2],[-2,5],[0,11],[-1,1],[0,13],[1,4],[-2,4],[-1,6],[2,12],[3,6],[0,10],[2,4],[-2,4],[-1,5],[-1,14],[-1,39],[-2,26],[0,22],[-1,10],[-1,21],[-1,31],[-2,33],[-3,64],[0,10],[-1,20],[0,21],[-1,1],[0,33],[-1,15],[-1,24],[4,3],[17,9],[4,3],[7,3],[5,3],[12,7],[17,9],[4,3],[6,-2],[16,-5],[16,-5],[14,-4],[1,5],[-1,11],[1,11],[3,7],[-1,6]],[[9777,5111],[6,2],[7,-1],[3,2],[2,5],[0,10],[2,3],[5,4],[0,-5],[1,-4],[3,-7],[2,0],[1,7],[-1,5],[2,2],[1,-9],[-1,-12],[2,0],[-1,-7],[3,-3],[2,0],[3,-3],[4,-17],[3,-2],[2,6],[3,-1],[1,2],[2,-11],[6,-4],[2,-4],[1,-6],[2,2],[1,-3],[3,-4],[1,2],[1,-8],[2,0],[3,3],[2,-2],[1,6],[-1,2],[1,10],[-3,9],[0,3],[2,6],[3,0],[2,-5],[2,0],[2,-4],[7,-4],[3,-5],[5,0],[1,-6],[3,-2],[2,6],[4,3],[1,-6],[3,-6],[3,5],[0,-6],[2,-1],[2,3],[1,-4],[3,-1],[3,9],[4,-9],[1,-8],[2,3],[2,-2],[0,-5]],[[9555,4188],[1,-10],[5,-32],[5,-29],[26,15],[13,5],[9,-2],[9,-21],[8,-15],[5,-9],[3,-15]],[[9639,4075],[-3,-3],[-5,-3],[-9,-5],[-12,-8],[-15,-9],[-11,-8],[-13,-10],[-8,-7],[-25,-29],[-13,-8]],[[9525,3985],[-28,-37],[1,-67],[1,-17],[-21,-8],[-1,10],[-4,18],[-1,21],[0,14],[3,16],[0,13],[4,24],[7,26],[10,31],[5,11],[-10,15],[-9,6],[-9,-2]],[[9473,4059],[1,13],[2,14],[5,11],[3,29],[2,13],[4,22],[3,5],[3,9],[5,20],[0,7],[-4,7],[2,20],[0,3],[-5,0],[-3,3],[-5,1],[-11,-4],[-1,2],[1,30],[1,6]],[[9476,4270],[2,2],[4,0],[9,-3],[7,-1],[5,-5],[4,-8],[6,-8],[5,38],[4,-4],[8,-11],[2,-1],[4,-5],[4,-2],[-1,-3],[-1,-12],[0,-11],[-1,-10],[3,-10],[3,-14],[5,-2],[4,-5],[3,-7]],[[4091,1450],[0,8],[1,3],[-2,5],[-1,-8],[-2,-3],[0,-8],[-2,3],[2,10],[-2,2],[0,14],[1,7],[-3,5],[-3,-2],[-4,-7],[-2,1],[0,-4],[1,-3],[-5,-6],[-1,6],[-3,-2],[-1,3],[1,10],[-1,7],[-2,2],[-1,-5],[-3,-8],[-1,7],[-2,0],[-1,-4],[-3,3],[-2,-1],[0,8],[-2,3],[1,7],[-1,6],[-2,-1],[-1,7],[-5,5],[-2,0],[-1,-4],[-3,9],[-2,2],[-2,-4],[-6,0],[-3,6],[-1,-1],[-3,5],[-2,-1],[-1,3],[-2,16],[-3,3],[-5,0],[-3,-2],[-6,-11],[-2,1],[-3,18],[-3,11],[-4,12],[-6,11],[-2,2]],[[3975,1596],[2,5],[1,12],[1,8],[-1,10],[0,12],[3,4],[1,8],[2,0],[4,11],[1,2],[0,11],[2,0],[1,6],[0,5],[-2,3],[1,5],[-2,9],[1,5],[-2,6],[1,10],[-2,4],[-2,13],[2,11],[1,5]],[[3988,1761],[4,5],[2,4],[1,9],[3,-7],[4,-1],[2,-5],[2,-2],[3,-1],[3,2],[2,3],[0,5],[-1,7],[3,0],[2,-5],[3,-5],[3,0],[6,9],[1,6],[7,2],[1,3],[2,-1],[0,-5],[2,0],[3,8],[3,2]],[[3975,1514],[3,-3],[2,-1],[2,3],[2,-6],[2,5],[4,-5],[3,0],[3,2],[2,-7],[1,-6],[-1,-9],[-3,-1],[-6,-5],[-4,-1],[-1,2],[-4,-2],[-4,-3],[-2,1],[-3,5],[-3,1],[0,4],[-1,3],[1,9],[1,4],[2,0],[2,3],[1,8],[1,-1]],[[4329,1551],[1,-5],[0,-5],[-2,-8],[0,-12],[0,-11],[-2,-9]],[[4326,1501],[-7,11],[-2,0],[-4,5],[-7,5],[-4,10],[-4,4],[-8,6],[-4,2],[-10,-1],[-10,-6],[-4,0],[-7,4],[-4,7],[1,3],[-2,7],[-2,3],[-2,7],[-1,4],[-5,8],[-1,6],[1,7],[-8,23],[-1,7],[-2,10],[-3,9],[-2,6],[-2,21],[-1,6],[1,8],[3,-11],[1,3]],[[5411,3210],[-1,-3],[-2,-7],[-1,-1],[-2,-5],[-1,-5],[-2,-3],[-2,-11],[-4,1],[1,-6],[2,-7],[-1,-5],[-2,-4],[-4,-1],[-3,-10],[-3,-6],[-6,-1],[-6,3],[-1,-2],[-6,-1],[-8,5],[-2,6],[-2,1],[-2,6],[0,7],[4,7],[-2,12],[-3,-1],[-2,3],[-2,0],[-1,5],[-4,-1],[-2,-10],[0,-6],[-2,-8],[-4,6],[-3,6],[0,9],[1,12],[3,-5],[1,4],[-2,4],[-3,7],[-2,0],[-3,7],[-3,5],[2,4],[0,6],[-1,7]],[[5325,3234],[-2,8],[-4,8],[0,11],[2,2],[3,-2],[3,4],[-1,5],[-2,4],[0,8],[3,6],[2,8],[2,-1],[2,-4],[5,-4],[2,4],[6,0],[0,2],[5,1],[1,3]],[[3386,2532],[3,4],[6,20],[2,11],[1,11],[-2,9],[1,8],[1,0],[1,5],[1,15],[1,6],[-1,6],[0,6],[3,11],[2,1],[1,9],[-1,4],[-3,1],[0,3],[3,5],[3,-1],[0,6],[2,8],[3,3],[0,6],[2,6],[2,3],[5,1],[6,10],[6,-1],[1,1],[4,10],[6,1],[4,-2],[4,3],[4,-1],[2,-1],[8,-3],[2,2]],[[3469,2718],[1,-8],[-1,-6],[0,-9],[-1,-7],[-3,-8],[-3,-7],[-1,1],[-1,-7],[-4,0],[-1,-17],[1,-2],[0,-8],[-1,-11],[1,-10],[-1,-8],[1,-5],[-1,-9],[-1,-6]],[[3454,2591],[-4,2],[-1,3],[-5,-5],[0,-13],[-2,-3],[0,-6],[-1,-3],[-2,-14],[1,-7],[-3,-1],[-1,-3],[1,-7],[0,-8],[2,-2],[-1,-10],[-3,3],[-4,-5],[-1,3],[-2,-5],[-4,-5],[-1,-13]],[[3363,3096],[-1,-6],[-1,-8],[3,-7],[1,-7],[-3,-4],[0,-6],[-3,2],[2,-7],[-3,-11],[-2,-3],[-2,-5],[0,-6],[-2,3],[-1,11],[0,2],[-3,9],[1,3],[3,2],[2,0],[3,6],[4,2],[-3,5],[-3,-1],[1,7],[2,4],[3,12],[2,3]],[[3312,3119],[-1,-7],[2,-7],[-2,-4],[-3,14],[4,4]],[[3710,2143],[3,-1],[5,4],[4,6],[3,0],[5,6],[6,2],[2,3],[4,-1],[2,-3],[3,-5],[3,1],[2,3],[2,-1],[4,2],[5,6],[1,-3],[3,3]],[[3767,2165],[0,-5],[-2,-5],[0,-10],[3,-12],[-1,-12],[-1,-12],[-1,-7],[1,-5],[2,3],[2,-1],[9,-1],[0,-4],[-2,-3],[-4,-10],[1,-6],[-1,-17],[0,-2],[-1,-8],[-1,-6],[3,-6],[-1,-4],[1,-4],[0,-9],[1,-2],[2,-8],[3,-8],[0,-9],[1,-5],[1,-16],[2,-7],[2,-9],[2,-19],[1,-5],[0,-11],[2,-12]],[[3791,1908],[-5,5],[-2,3]],[[3784,1916],[-3,-5],[-3,-1],[-4,7],[-3,2],[-3,7],[-3,5],[-4,2],[-1,4],[-5,3],[-7,-1],[-2,2],[-3,10],[-3,9],[-1,2],[1,7],[-5,15],[-3,6],[0,4],[-4,13],[-2,1],[-4,0],[-4,4],[-1,8]],[[3717,2020],[0,5],[-1,9],[2,8],[4,11],[2,0],[1,3],[0,15],[3,5],[1,4],[-2,5],[-1,9],[-3,3],[-4,0],[-5,-2],[-1,-3],[-4,-3],[0,9],[1,4],[-3,10],[-1,10],[2,7],[-1,5]],[[8701,4116],[-3,-12],[-7,-24],[-5,-14],[-12,-32],[-7,-22],[-4,-18]],[[8663,3994],[-3,-1],[-2,2],[-4,-3],[-3,3],[-4,8],[-3,0],[-3,5],[-1,7],[-1,6],[-4,-1],[-5,5],[0,7],[-1,16],[-2,13],[-1,-1],[-6,0],[-3,3],[-3,0],[-4,8],[-1,1],[2,10],[1,6],[2,6],[7,5],[2,4],[3,0],[4,6],[-3,2],[-2,-1],[-3,1],[-2,8],[-2,4],[1,8],[-1,11],[-2,12],[4,1],[2,8],[8,7],[1,-2],[4,9],[1,1],[3,6],[5,-4],[4,-2],[2,-3],[5,-3],[5,0],[0,-8],[2,-5],[5,0],[3,-3],[2,0],[2,-3],[1,3],[3,0],[1,7],[4,3],[1,6],[-2,4],[-2,-4],[-4,-1],[-2,-4],[-3,-1],[-1,5],[1,9],[-6,4],[0,-6],[-2,-4],[-3,6],[-7,0],[-5,2],[-3,6],[-5,6],[-1,0],[-3,-3],[-3,-11],[-1,3],[-5,9],[-3,0],[-2,-2],[-2,1],[-4,-2],[1,-5],[-1,-4],[-2,-5],[-2,1],[-2,-3],[-2,-8],[-2,-4],[1,-3],[0,-8],[-2,-5],[-4,-2],[-3,1],[-1,-5],[-2,-1],[-2,-8],[-1,-5],[-2,0],[-1,-4],[-3,0],[-1,-3],[-4,10],[2,2],[0,5],[-4,2],[-3,4],[-1,6],[-3,5],[0,5],[3,-4],[2,0],[0,10],[-2,6],[0,3],[-2,3],[-1,8],[-2,1],[-1,8],[-3,-1],[-2,2],[-3,-2],[-4,5],[-3,5],[-4,6],[-2,6],[-2,2],[-2,-4],[1,-5],[7,-13],[-3,-1],[1,-10],[2,-7],[-1,-6],[-3,-5],[-4,0],[-3,4],[-1,5],[-5,9],[-3,1],[0,-4],[4,-11],[1,-1],[4,-15],[3,-6],[0,-7],[2,-7],[-2,-7],[-1,-8],[-4,-2],[-2,3],[0,10],[-4,16],[-2,5],[-1,2],[-3,10],[-1,-7],[-5,5],[-4,7],[-5,17],[-2,9],[0,12],[-2,-5],[-1,5],[-4,1],[-2,-6],[-2,2],[-1,3],[1,7],[4,5],[3,3],[1,5],[3,4],[3,10],[3,4],[-3,7],[-1,10],[-1,8],[-2,10],[-2,3],[-2,6],[0,6],[-2,-2],[0,-7],[-2,-1],[-1,8],[-2,-1],[-2,-10],[3,-6],[1,-7],[-6,-7],[-1,-3],[-4,-8],[-2,0],[-2,7],[0,8],[-2,7],[-3,-5],[-2,-6],[-3,-4],[-3,-12],[-1,2],[-2,-11],[-4,-6],[-3,3],[-2,10],[-5,29],[1,10],[0,7],[3,-8],[1,5],[-4,8],[-2,16],[0,10],[-1,6],[-3,4],[-1,8],[-5,7],[-1,5],[-3,8],[-1,14],[1,7],[-1,25],[-1,1],[-3,-5],[-6,-21],[-1,-9],[0,-15],[1,-5],[1,-9],[2,-14],[2,-4],[1,-12],[0,-7],[-8,19],[-2,8],[-1,7],[-3,12],[-2,2],[-3,-4],[-1,-4],[-3,-3],[-2,-5],[-3,1],[1,7],[0,14],[3,11],[0,6],[-1,8],[-3,11],[-1,9],[-2,8],[-1,6],[-2,2],[-2,10],[-1,9],[-2,1],[-3,7],[0,5],[2,5],[1,12],[4,0],[5,8],[1,9],[3,6],[0,5],[-2,15],[-2,20],[-2,12],[1,2],[-1,21],[-1,10],[0,15],[1,8],[2,7],[3,0],[2,3],[0,14],[-1,6],[4,-1],[2,4],[3,1],[4,-3],[3,1],[1,3],[-1,6],[2,9],[-2,11],[1,7],[3,0],[1,-4],[2,1],[1,7],[3,3],[2,7],[1,6],[-1,11],[-1,16],[2,7],[3,0],[2,-7],[0,-7],[1,-6],[4,-2],[-1,9],[-3,11],[2,5],[-3,9],[-1,19],[-2,-4],[-1,-6],[-5,-9],[-2,-1],[-3,-5],[0,-8],[-2,1],[-2,-1],[-2,3],[-2,-2],[-1,-4],[-3,0],[-3,-6],[-2,-10],[-4,-13],[-3,-9],[-1,-3],[-2,-10],[-4,-2],[1,-16],[-1,-7],[3,-8],[-1,-9],[2,-17],[-2,-2],[-2,-8],[1,-10],[0,-15],[2,-17],[-1,-2],[1,-19],[-1,-8],[0,-9],[0,-5],[-4,-16],[-3,-6],[-3,0],[-7,-5],[0,-3],[-5,-1],[-2,10],[-1,-3],[2,-7],[-2,-5],[-1,-1],[-5,2],[-1,-3],[7,-6],[1,-3],[1,-9],[4,-13],[1,-7],[3,-8],[1,-8],[-2,-8],[-1,-15],[-5,-5],[-2,-1],[-4,-7],[-1,0],[-2,-6],[-3,-6],[-3,-3],[1,9],[2,7],[-1,9],[-3,13],[-3,-1],[-1,4],[-3,4],[-3,13],[-2,7],[-8,3],[5,-13],[2,-3],[4,-7],[-9,0],[-4,4],[-2,-3],[-6,-3],[-1,-2],[10,4],[5,-3],[8,2],[4,-10],[3,2],[3,-15],[-5,-12],[4,-12],[-3,-10],[-3,-12],[-3,-9],[-4,-6],[-4,-5],[-1,-9],[-3,-13],[0,-12],[3,-7],[1,-18],[2,-6],[3,-2],[4,-9],[1,-19],[0,-3],[-3,-3],[-2,2],[-1,-5],[-2,-3],[-5,2],[-3,-3],[1,-3],[3,3],[0,-15],[0,-3],[-10,-29],[-2,-9],[-3,-8],[-1,-7],[-3,-5],[-5,0],[-5,2],[-3,6],[-7,-1],[-1,-3],[-1,-7],[-4,-9],[-5,-4],[-2,-3],[-3,-16],[-4,-6],[-12,4],[-4,-2],[-4,2],[-6,6],[-4,1],[-3,-6],[-3,-1],[-2,-5],[0,-6],[-3,-5],[1,-5],[-2,-9],[-2,5],[-3,3],[-2,-3],[-1,2],[-3,0],[-1,5],[-3,2],[-2,9],[2,4],[0,12],[-1,7],[-1,7],[-4,8],[0,12],[-1,16],[-1,7],[-3,-3],[-2,8],[-1,7],[1,6],[3,-2],[1,-8],[4,-10],[0,8],[-3,16],[-1,9],[-2,10]],[[8404,4731],[7,-5],[9,2],[3,3],[2,3],[3,4],[4,6],[12,16],[11,12],[35,39],[12,17],[9,-7]],[[8511,4821],[1,-5],[3,-25],[3,-28],[6,-55],[13,-56],[7,-27],[-10,-33],[-5,-25],[-4,-17],[-3,-23],[6,-31],[7,-7],[11,-13],[11,-15],[6,-7],[16,-10],[9,-9],[24,-22]],[[8612,4413],[24,-22],[16,-16],[15,-14],[24,-18],[9,-8],[16,-17],[10,-14],[17,-12],[4,-3],[-7,-23],[-5,-17]],[[8304,4077],[3,-1],[-1,-13],[4,-7],[3,-8],[2,0],[0,-6],[4,-11],[5,-5],[3,-2],[3,-2],[2,-7],[0,-11],[-3,-5],[-2,-7],[-3,0],[-1,2],[-4,0],[-2,-3],[0,7],[-2,5],[-2,12],[-1,2],[-6,3],[0,9],[-2,4],[-3,2],[0,7],[0,7],[-3,3],[1,12],[1,10],[-1,8],[2,3],[2,-2],[1,-6]],[[8495,4193],[2,-5],[3,-7],[0,-3],[4,-9],[1,-2],[1,-6],[4,-6],[0,-8],[1,-1],[2,-8],[1,0],[3,-5],[-3,-3],[-2,4],[-2,0],[0,5],[-3,2],[-1,2],[-5,2],[-3,2],[-1,3],[-2,-1],[-3,5],[-3,13],[1,9],[-2,2],[-1,7],[-2,3],[0,4],[3,-2],[5,3],[2,0]],[[8449,4302],[2,-3],[1,-7],[0,-8],[1,-16],[1,-10],[1,-2],[1,-8],[3,-22],[-2,-7],[-2,9],[-3,9],[-1,7],[0,8],[-2,9],[0,10],[-1,6],[-2,15],[-1,9],[1,6],[3,-2],[0,-3]],[[8558,4152],[1,-4],[4,-2],[0,-5],[3,-1],[1,-4],[2,-2],[-2,-6],[-2,0],[-2,-2],[-4,0],[-2,-3],[-4,1],[1,7],[2,0],[1,20],[1,1]],[[8480,4251],[1,0],[4,-6],[-2,-10],[-2,-1],[-7,-5],[0,7],[1,5],[-1,7],[2,0],[4,3]],[[8530,4121],[-1,-2],[-4,4],[-1,4],[0,7],[-1,3],[0,8],[3,-2],[4,-10],[0,-12]],[[8424,4701],[2,0],[2,-12],[2,-6],[0,-10],[-4,-1],[-1,3],[-1,11],[-1,1],[0,9],[1,5]],[[8625,4181],[3,0],[3,-3],[1,-5],[-4,-2],[-5,-5],[-1,7],[-2,3],[1,6],[4,-1]],[[8390,4483],[3,-2],[1,-5],[-1,-4],[-1,-8],[-3,5],[0,10],[1,4]],[[8482,4228],[-1,-7],[-2,-1],[-2,2],[0,5],[5,1]],[[1246,7022],[3,-9],[3,6],[13,43],[16,54]],[[1281,7116],[46,-68],[35,-52],[4,-9],[2,-6],[2,3],[4,-5],[-2,-44],[-3,-9],[3,-7],[12,-20],[0,4]],[[1384,6903],[0,-6],[-1,-8],[-6,-15],[-3,-4],[-1,-4],[1,-3],[-1,-6],[6,-15],[4,-1],[0,-8],[-3,-9],[0,-22],[-1,1],[-1,-4],[0,-6],[1,-7],[1,-23],[2,2],[4,-2],[1,2],[8,-8],[3,0],[2,12],[2,-1],[3,9],[4,-6],[2,0],[6,-7],[4,-1],[2,-3],[2,-1],[0,9],[0,4],[1,4]],[[1426,6776],[4,-18],[5,-17],[5,-1],[7,-6],[2,2],[1,-6],[-2,-20],[-3,-12],[0,-2],[4,-14],[1,-11],[-1,-3],[-17,-2],[-4,0],[-2,-8],[-2,-21],[3,-10],[2,0],[1,-5],[0,-5],[-3,-16],[0,-8],[-1,-13],[0,-11],[1,-7],[-1,-20],[-2,-7],[-5,-6],[-1,-4],[-1,-18],[-4,-22],[0,-5],[1,-13],[1,-23],[1,-6]],[[1416,6438],[-2,0],[-3,2],[-3,6],[-1,-4],[-3,-9],[-4,-1],[-2,5],[-7,27],[-1,-9],[-3,-6],[-1,-17],[-3,-2],[-1,-11],[-2,9],[-3,16],[-2,0],[-4,9],[-2,15],[0,6],[-2,3],[1,5],[-2,4],[-1,11],[-3,5],[-2,2],[-2,-5],[-1,-16],[-3,-3],[-1,-8],[-1,-1],[-2,-8],[-1,-7],[-3,-5],[0,-7],[-2,-8],[2,-16],[-1,-13],[0,-8],[-1,-6],[-2,-4],[-2,-11],[0,-9],[-1,-2],[-3,3],[0,-5],[0,-5],[2,-4],[-2,-8],[-1,-3],[-3,-8],[0,-11],[1,-7],[-1,-12],[-3,-10],[0,-5],[-2,-14],[-4,3],[-11,4],[-2,8]],[[1310,6293],[-3,13],[-5,12],[-5,4],[-4,0],[-3,2],[-7,-6],[0,-5],[-2,-4],[-4,0],[-3,-2],[-3,4],[-3,-4]],[[1268,6307],[-1,8],[-1,11],[1,6],[-2,7],[-2,1],[-4,7],[0,9],[-1,8],[-1,3],[-4,12],[-3,3],[0,7],[1,14],[0,9],[-1,9],[-2,8],[2,5],[-2,19],[0,5],[-2,7],[0,15],[3,4],[0,5],[2,5],[3,7],[2,-6],[2,-2],[2,-3],[0,-6],[4,7],[0,6],[4,10],[0,17],[1,10],[0,5],[-3,4],[-1,4],[-4,-4],[-1,-6],[-2,0],[-2,12],[-2,4],[0,10],[-1,4],[2,4],[1,5],[-1,4],[1,4],[3,-1],[2,6],[2,3],[3,-1],[1,3],[0,7],[2,7],[-2,5],[1,6],[0,12],[-1,1],[0,9],[-1,5],[-2,3],[-2,6],[-2,1],[-1,4],[-7,-4],[-2,-9],[-5,3],[-2,-3],[-2,3],[-2,-2],[-2,5],[-2,-9],[0,-8],[-2,-8],[-1,-10],[-1,0],[-2,5],[-4,5],[-4,11],[-2,7],[-6,20],[-3,6],[-3,10],[-2,4],[-3,3],[-2,6],[1,9],[-1,5],[-2,3],[-1,4],[-4,7],[-1,7],[-3,15],[-2,3],[-2,-5],[-6,9],[0,2]],[[1179,6754],[3,1],[3,9],[0,5],[3,5],[4,5],[4,-1],[1,7],[2,5],[2,11],[2,9],[2,2],[3,10],[5,-10],[4,-5],[6,-23],[5,-12],[5,-9],[5,-17],[2,-2],[1,-6],[5,-7],[3,4],[4,-5],[6,-13],[2,0],[6,12],[0,10],[0,20],[0,16],[0,14],[-3,10],[-2,11],[-2,10],[-3,10],[-2,-3],[-2,-7],[-1,0],[-6,9],[-2,6],[-3,2],[-1,6],[-6,11],[-2,1],[-1,6],[-5,12],[0,4],[-2,7],[-4,5],[-2,8],[-1,7],[-1,12],[-2,8],[3,7],[10,17],[5,20],[-8,11],[-7,6],[2,6],[2,3],[1,6],[3,-5],[7,-7],[3,-5],[1,4],[-2,6],[3,6],[5,6],[0,-5],[4,9],[-1,6],[1,7]],[[1246,7022],[-2,3],[1,7],[4,0],[2,-5],[2,0],[0,-4],[-4,0],[-2,3],[-1,-4]],[[4202,4461],[-3,3],[-2,0],[-4,6],[-3,9],[-2,6],[-6,10],[-1,5],[0,5],[3,7],[-2,4],[-7,-4],[-8,-11],[-2,0],[-5,5],[-4,2]],[[4156,4508],[9,64],[4,34],[2,17],[5,-4],[7,52],[6,37],[-14,54],[9,24],[4,37],[2,9],[0,8],[-1,3],[0,13],[3,7],[5,7],[5,14],[1,7],[-3,9],[-1,48],[-3,67],[-3,33],[-2,21],[-4,60],[-5,22],[-8,15],[-4,4],[-8,9],[-6,17],[-2,36],[1,33],[1,19],[0,17],[-4,24],[-4,12],[-5,8],[-9,25],[-3,12],[-1,20],[-3,22],[-2,21],[-2,28],[0,33],[-2,13],[2,14],[2,16],[0,25],[-2,13],[-3,9]],[[4075,6222],[3,6],[1,10],[-2,11],[1,4],[5,-2],[4,-8],[2,-3],[13,-4],[1,-3],[3,-3],[1,2],[3,0],[1,4],[0,32],[3,11],[7,7],[4,-4],[4,-21],[4,-40],[5,-22],[2,-11],[2,-27],[1,-14],[1,-6],[5,-28],[2,-23],[2,-14],[1,-17],[2,-14],[5,-10],[6,-8],[3,-9],[6,-19],[4,-4],[6,1],[15,12],[14,7],[4,0],[8,-1],[10,-8],[14,-6]],[[4171,7341],[-1,-8],[-4,-1],[-3,-8],[1,-7],[4,-6],[0,-4],[1,-4],[2,2],[1,-9],[0,-15],[-2,-6],[0,-6],[-2,-5],[-1,-6],[3,-12],[2,-8],[0,-10],[-1,-3],[-1,-11],[2,-6],[1,-7],[2,-4],[0,-4],[-9,-5],[-4,-8],[-3,-2],[-4,-4],[-4,-7],[-4,-6],[-3,0],[-3,6],[-1,7],[-1,0],[-4,-10],[-2,1],[-7,7],[-2,1],[-1,-3],[-2,-1],[-2,-5],[0,-13],[-3,-16],[-3,-1],[-7,-1],[-3,-6],[0,-6],[1,-11],[3,-3],[2,-7],[-1,-20],[-2,-6],[-2,-1],[0,-5],[-2,-7],[-1,-6],[-2,-6],[0,-7],[1,-5],[-1,-4],[1,-6],[3,-5],[4,-11],[3,-3],[1,-4],[-1,-7],[-2,-3],[-1,-7],[-4,-9],[-2,-7],[-2,-3],[3,-9],[2,-5],[0,-10],[-3,-11],[-2,-5],[-3,1],[-2,-3],[-2,-3],[-1,-15],[2,-7]],[[4093,6901],[-2,-5],[-4,-6],[-2,-8],[0,-10],[-2,-7],[-1,0],[-3,-7],[-1,-5],[0,-9],[-1,-3],[-3,1],[-1,-5],[-1,-5],[-3,-7],[-3,-1],[-1,-4],[-2,-6],[-2,0],[-3,-10],[-3,-7],[0,-7],[-2,-10],[1,-6],[-2,-7],[-3,-7],[-7,-8],[-5,-5],[-1,-4],[-2,-10],[-2,-1],[-2,-9],[-2,-5],[-3,-8],[-3,-5],[-1,-8],[-4,-7],[-7,-18],[-5,-8],[-4,-1],[-3,1],[-3,3],[-4,2],[-4,3],[-7,-3],[-6,-9],[-5,-10]],[[3969,6650],[-4,2],[-7,4],[-4,2],[-3,2],[-5,2],[-3,-2],[-3,-8],[-3,-1],[-3,4],[-2,6],[0,11],[-1,5],[-4,3],[-3,14],[-2,1],[-5,-5],[-5,-1],[-2,-5],[-2,-1],[-6,-18],[-1,-6],[0,-5],[2,-14],[-1,-11],[-1,-3],[-3,0],[-5,3],[-7,2],[-7,1],[-3,3],[-4,7],[-4,6],[-4,2],[-2,-2],[-6,-11],[-4,-1],[-4,5],[-3,7],[-4,2],[-11,-18],[-1,-7],[3,-11],[1,-8],[-4,-7],[-3,-4],[-3,5],[-3,15],[-1,4],[-2,7],[-1,1],[-5,-6],[-1,-6],[-1,-1],[-3,2],[-2,-7],[-2,-11],[0,-6],[2,-6],[0,-7],[-3,0],[-4,4],[-13,10],[-1,-1],[-4,-9],[-6,-4],[-8,-3],[-3,0],[-5,3],[-4,4],[-4,-2],[-3,-7],[-2,-3],[-4,2],[-4,-5],[-2,-5],[-5,-2],[-4,-6],[-3,2],[-3,-2],[-2,8],[-1,10],[-1,4],[-3,5],[0,4],[1,11],[-1,10],[-1,3],[-8,8],[-8,13],[-3,3],[-3,-4],[-3,-10],[-3,-3],[-8,-2],[-2,-1],[-6,-1],[-3,1],[-2,3],[-1,4],[-1,13],[-2,7],[-3,3],[-5,0],[-5,4],[-2,0],[-5,2],[-4,3],[-9,10],[-4,8],[-2,12],[-3,23],[2,12],[3,7],[2,2],[2,6],[2,17],[2,11],[1,8],[3,13],[1,9],[0,9],[-2,10],[-2,17],[-1,8],[2,7],[2,1],[3,6],[0,8],[-2,5],[-5,4],[-3,4],[-2,8],[3,11],[4,11],[0,7],[0,13],[2,11],[0,8],[3,3],[2,5],[-1,7],[-3,13],[-7,13],[-5,8],[-1,11],[-3,10],[-4,6],[-1,3],[0,11],[-2,16],[1,5],[-2,4],[-4,4],[-4,-7],[-4,-2],[-3,3],[-4,10],[-1,9]],[[3590,7071],[5,2],[-1,19],[2,-3],[2,1],[3,-4],[0,8],[3,10],[5,3],[1,4],[4,1],[0,5],[2,1],[2,5],[2,1],[2,-5],[2,-3],[2,-7],[1,3],[3,2],[-1,-6],[2,-5],[3,-1],[4,2],[2,6],[3,-2],[0,-6],[1,-4],[3,-3],[1,4],[4,-1],[1,-7],[2,-1],[2,6],[5,5],[0,5],[2,0],[0,9],[2,2],[-2,8],[2,5],[0,7],[2,8],[3,-2],[2,6],[3,4],[2,8],[0,10],[3,-2],[2,5],[6,0],[2,3],[1,4],[3,-5],[3,2],[4,-2],[3,3],[5,-2],[10,1],[2,2],[1,-2],[0,9],[1,8],[-2,8],[3,5],[2,7],[0,7],[1,1],[-2,19],[4,6],[-1,8],[0,9],[2,3],[0,4],[1,8],[4,4],[1,6],[3,8],[-1,6],[2,2],[0,9],[2,8],[0,11],[-2,-3],[-3,8],[-2,-2],[0,5],[1,5],[0,9],[1,8],[3,2],[2,4],[1,-2],[5,3],[1,4],[2,0],[3,4],[2,7],[4,8],[1,5],[2,0],[5,-3],[1,2],[4,6],[2,-2],[2,6],[2,-2],[5,6],[2,-2],[2,7],[0,6],[2,6],[2,1],[5,11],[3,3],[1,-4],[2,-1],[2,3],[4,-4],[3,1],[5,-2],[5,1],[7,-5],[1,0],[4,3],[2,-7],[2,-3],[4,0],[3,4],[6,4],[3,-6],[6,4],[4,-5],[1,-5],[3,-4],[2,1],[2,3],[2,-5],[3,12],[4,9],[2,7],[3,1],[4,-3],[2,-7],[2,-2],[5,1],[4,-3],[2,0],[1,9],[2,-1],[2,-5],[1,1],[5,-3],[6,-8],[1,-7],[0,-6],[-2,-2],[-2,-9],[0,-8],[-2,0],[-2,-4],[3,-10],[-2,-3],[-4,-3],[-2,-4],[-5,-3],[-1,-7],[-1,-3],[1,-7],[-1,-7],[1,-2],[6,0],[2,-2],[5,6],[1,5],[3,-1],[4,6],[3,-2],[2,9],[1,1],[2,-6],[2,-1],[1,-11],[1,-1],[1,-7],[3,-6],[3,0],[4,-8],[3,2],[1,-1],[4,1],[1,5],[2,3],[2,-1],[2,-6],[2,2],[2,1],[1,-5],[3,1],[4,-6],[2,2],[3,0],[0,-4],[6,-6],[2,-6],[1,-8],[0,-6],[6,-3],[3,-8],[0,-4],[3,-7],[3,-2],[3,2],[3,10],[3,1],[3,4],[1,4],[3,-3],[5,5],[3,-1],[2,-4],[3,-4],[2,0],[1,-8],[1,-3],[1,-14],[5,-6],[1,-1],[1,-7],[-2,-6],[3,-7],[3,3],[4,0],[1,6],[2,0],[2,5],[3,14],[3,-1],[1,3],[3,1],[3,4],[2,-1],[2,5],[5,7],[3,2],[0,5],[3,4],[3,11],[0,13],[-3,6],[3,7],[3,1],[1,6],[4,-1],[2,2],[1,5],[5,4],[2,5],[2,-2],[3,3],[2,12],[2,3],[4,4],[5,-3],[3,4],[2,-1],[2,3],[4,-1],[7,8],[1,-2],[3,3],[2,-7],[2,0],[1,5],[5,1],[3,-8],[0,-6],[5,-3],[5,-9],[0,-7]],[[4444,1679],[2,-6],[4,-2],[1,-4],[2,-3],[2,-7],[3,-6],[7,-10],[5,-14],[4,-14],[5,-12],[2,-14],[2,-6],[4,-1],[5,-7],[4,-8],[2,-9],[1,-14],[-3,-11],[-2,-9],[-4,-7],[-2,-3],[-6,-8],[-1,-6],[-3,-6],[-1,-12],[-7,-7],[-5,7],[-2,-1],[-2,3],[-4,-2],[-2,-5],[1,-9],[-1,-8],[-7,-6]],[[4448,1452],[-1,8],[1,10],[-3,10],[-3,-2],[-3,-7],[-5,-4],[-2,1],[0,6],[2,3],[-1,13],[1,8],[-1,0],[-3,-5],[0,6],[1,5]],[[3432,2098],[5,1],[3,-2],[2,-5],[2,0],[3,-12],[5,-3],[5,-1],[1,3],[5,-4],[7,-11],[5,-5],[2,-3],[9,-5],[-2,10],[0,6],[4,4],[1,5],[3,-2],[1,-5],[-1,-12],[3,-2],[5,1],[0,5],[3,3],[2,-5],[2,0]],[[3507,2059],[0,-11],[1,-4],[0,-8],[6,-22],[3,-8],[0,-4]],[[3517,2002],[-1,-9],[0,-14],[0,-10],[0,-6],[-1,-2],[-1,-13]],[[3514,1948],[-3,-3],[-3,1],[-3,-2],[-2,-5],[-2,-10],[-2,4],[-4,-8],[-3,2],[-2,-5],[-4,-2],[-1,-3],[1,-8],[-1,-3],[-2,4],[-1,8],[-3,2],[-3,-4],[-4,1],[-3,3],[-1,12],[-2,3],[-4,-3]],[[3462,1932],[1,16],[2,17],[-2,8],[0,10],[-1,8],[2,7],[-1,6],[-6,3],[-3,-1],[2,18],[-10,10],[-1,0]],[[3445,2034],[1,5],[0,7],[-4,8],[-2,0],[-5,6]],[[3432,2053],[-1,-8],[-6,2]],[[3425,2047],[-3,-1],[-4,5],[-3,0],[-2,-2]],[[2627,2996],[8,-22],[2,-4],[5,-3],[3,0],[5,5],[3,2],[5,3],[5,6],[8,2],[9,-7],[5,-14],[5,-14],[3,-12],[3,-16],[3,-14],[2,-8],[2,-2],[3,-15],[3,-11],[8,-9],[6,-8],[5,-2],[4,-3],[4,0],[4,0],[3,-12],[2,-5]],[[2745,2833],[-2,-5],[-2,1],[-2,-6],[-3,-3],[0,-9],[-2,1],[-2,-3],[-1,-7],[0,-7],[2,-6],[-1,-6],[-1,-13],[-2,-6],[0,-6],[-1,-5],[-1,-8],[-2,-3],[0,-6],[-3,-6],[1,-4],[-1,-11],[-1,-2]],[[2721,2713],[-4,-1],[-2,7],[-3,-4],[0,-4],[-3,-6],[-3,3],[-2,-10],[-4,-3],[-1,-7],[-10,-5],[-2,0],[0,-3],[3,-11],[0,-4],[-5,2],[-3,6],[-2,-1],[-3,2],[-5,-4],[-4,-8],[-1,-15],[-2,-4],[-2,-11],[-1,-2],[-2,-9],[-3,-1],[-3,-5],[-1,-4]],[[1818,7036],[3,-2],[2,-6],[2,-2],[0,-8],[0,-3],[0,-8],[6,-12],[2,-3],[4,-3],[2,-3],[3,-9],[6,-23],[0,-6],[-2,-7],[0,-9],[-3,-13],[-3,-14],[-2,-11],[-2,-10],[-5,0],[-5,7],[-3,1],[0,12],[-1,5],[-6,19],[-3,17],[0,15],[-1,13],[-1,8],[2,10],[-1,9],[1,6],[1,2],[2,10],[0,4],[1,9],[0,5],[1,0]],[[1818,7179],[1,-2],[2,-8],[-2,-5],[0,-8],[0,-8],[2,-11],[2,-4],[0,-4],[5,-7],[1,-8],[1,-2],[0,-6],[3,-10],[-2,-4],[-3,3],[-3,-2],[-3,1],[-2,9],[-4,2],[-3,-4],[0,5],[-2,2],[-3,1],[0,7],[-2,4],[-2,11],[2,7],[-2,6],[0,6],[2,0],[1,6],[0,8],[3,4],[2,6],[1,4],[4,-5],[1,6]],[[1900,7029],[3,-1],[1,-4],[3,-2],[2,-9],[3,-4],[2,-13],[4,-9],[-1,-11],[1,-7],[-1,-12],[0,-5],[-2,0],[0,9],[-1,3],[-4,3],[-3,9],[-3,2],[-3,5],[-1,7],[-3,7],[-1,6],[-3,7],[0,9],[2,9],[4,3],[1,-2]],[[1915,7035],[3,-5],[4,-2],[2,0],[6,-12],[3,-9],[0,-17],[-2,-9],[-4,0],[-2,9],[-3,3],[-5,13],[-2,12],[-1,9],[-2,7],[1,4],[2,-3]],[[1825,7031],[3,-6],[2,-2],[5,-9],[4,0],[5,-7],[2,-9],[3,-8],[3,-9],[0,-8],[-1,-5],[0,-8],[-3,7],[-2,3],[-4,10],[-2,11],[-2,4],[-3,3],[-3,0],[-5,9],[-1,14],[0,4],[-1,6]],[[1831,7054],[3,-2],[2,0],[4,-4],[0,-4],[0,-7],[1,-9],[0,-7],[1,-8],[-3,2],[-3,-1],[-5,7],[-6,14],[-1,9],[2,2],[2,1],[3,7]],[[1849,6916],[-1,-15],[-5,-23],[-4,-4],[-2,1],[0,8],[2,5],[3,21],[3,6],[4,1]],[[1936,6991],[2,-4],[3,-14],[0,-5],[-2,-7],[-3,-2],[-1,4],[0,4],[-2,3],[-1,4],[-3,3],[2,5],[2,10],[3,-1]],[[1851,7020],[-2,-1],[-1,-3],[-3,1],[-1,7],[-2,15],[0,10],[1,6],[3,-6],[3,-10],[2,-12],[0,-7]],[[1898,6943],[-1,-10],[-2,-5],[2,-14],[-3,3],[-1,-2],[-3,5],[-3,7],[0,6],[0,5],[4,-2],[1,3],[6,4]],[[1881,6998],[3,-10],[1,-2],[4,-4],[1,-9],[2,-7],[3,-6],[-1,-4],[-4,-3],[-4,18],[-3,12],[-2,8],[-1,5],[1,2]],[[1833,7076],[2,-3],[2,1],[3,-9],[0,-11],[0,-3],[-3,3],[-2,7],[-4,3],[-1,8],[1,4],[2,0]],[[1866,6821],[3,-9],[3,-6],[-1,-6],[-3,0],[-2,-3],[-1,17],[-1,6],[-3,4],[-1,9],[2,4],[2,-11],[2,-5]],[[1821,7196],[1,-5],[2,-4],[1,-6],[0,-5],[-3,-1],[-3,10],[0,8],[2,3]],[[1854,6977],[2,-1],[1,-4],[-2,-16],[-1,-2],[-2,3],[0,10],[2,10]],[[1827,7069],[2,-3],[3,-8],[-2,-7],[-3,-3],[-1,3],[0,8],[0,4],[1,6]],[[1883,6883],[4,-5],[2,-4],[-1,-7],[-5,2],[-1,4],[1,10]],[[1879,6945],[4,-3],[2,-3],[-1,-8],[-1,-2],[-2,7],[0,3],[-2,6]],[[1802,7182],[1,-1],[1,-5],[-1,-9],[-2,-1],[1,16]],[[1900,7040],[3,-8],[-3,-2],[-2,6],[2,4]],[[1875,6877],[3,-4],[-1,-4],[-3,6],[1,2]],[[1832,7062],[4,-3],[0,-5],[-3,0],[-1,8]],[[1874,6822],[1,-7],[-2,-2],[-2,5],[0,3],[3,1]],[[1864,6908],[-2,5],[1,7],[2,-4],[-1,-8]],[[1847,6923],[2,-5],[-5,-2],[1,9],[2,-2]],[[1888,7015],[1,-11],[-2,-1],[0,10],[1,2]],[[1879,6845],[2,-5],[-1,-6],[-2,9],[1,2]],[[1810,7048],[0,-11],[-1,6],[1,5]],[[1860,6937],[-2,8],[2,1],[0,-9]],[[656,8477],[6,-9],[1,1],[2,-2],[2,3],[4,-3],[2,-9],[0,-5],[2,-12],[2,-3],[3,0],[5,7],[4,2],[4,-2],[4,4],[1,-8],[2,-4],[6,-8],[6,3],[1,-7],[1,-8],[4,-2],[4,-4],[3,1],[2,5],[2,9],[-1,3],[-2,22],[2,-1],[3,-7],[3,-3],[2,-4],[0,-7],[4,-2],[3,-5],[1,-1],[3,7],[2,-7],[2,-4]],[[781,8343],[-1,-6],[-1,-2],[-3,-9],[1,-8],[-4,-18],[-2,-2],[-2,-17],[1,-4],[-1,-9],[1,-5],[-1,-5],[0,-7],[-3,-14],[-1,-13],[4,-7]],[[4016,5528],[-1,-8],[-1,-9],[1,-5],[3,-15],[0,-11],[-2,-14],[0,-15],[4,-22],[5,-14],[9,-31],[5,-11],[4,-19],[1,-17],[1,-7],[7,-27],[6,-17],[2,-12],[2,-42],[-1,-22],[0,-23],[0,-14],[2,-16],[3,-10],[3,-6],[4,-13],[3,-14],[0,-7],[0,-12],[-1,-6]],[[4075,5089],[-10,-53],[-7,-40],[-5,-23],[-8,-43],[-4,-17],[-5,-26],[-1,-22],[0,-13],[0,-12],[1,-10],[8,-30],[4,-24],[1,-6],[1,-15],[0,-22],[-2,-29],[0,-18],[0,-6],[-1,-7],[0,-8],[-1,-10],[-2,-3],[-1,2],[-5,-19]],[[4038,4635],[-7,3],[-4,0],[-6,-3],[-4,-4],[-10,-10],[-3,-12],[0,-9],[-2,-6],[-4,-4],[-3,-3],[-5,-7],[-1,-7],[-3,3],[-4,8],[-1,7],[1,5],[-1,12],[-2,0],[0,-11],[2,-12],[4,-15],[-3,3],[-4,17],[-5,19],[-5,16],[-7,18],[-5,11],[-5,17],[0,7],[-1,6],[-4,9],[-2,3]],[[3944,4696],[2,27],[-6,51],[-9,78],[-4,49],[2,26],[10,40],[15,63],[2,29],[-4,37],[-3,18],[-2,21],[1,19],[4,24],[10,27],[1,10],[0,13],[-3,11],[-1,13],[1,12],[3,11],[3,7],[5,16],[0,28],[-1,19],[-1,9],[-4,6],[-7,3],[-6,6],[-1,6],[0,8],[2,8],[0,15],[-1,4],[-2,2],[-6,9],[-13,25],[-16,16],[-10,37],[-10,1],[0,16],[-1,10],[-14,39],[-2,50],[-2,31],[-1,15],[-4,25],[-5,17],[-12,34],[-17,28],[-4,15],[-11,14],[-8,5],[-8,2],[-28,-12],[-10,-16],[-3,-7],[-4,-12],[-6,-7],[-16,-6],[-19,-10]],[[3720,5731],[-3,87],[-3,104],[4,39],[11,59],[3,17],[-1,12],[-5,28],[-1,0]],[[3725,6077],[5,1],[1,6],[-2,6],[-1,10],[2,4],[0,13],[1,10],[3,5],[3,1],[1,11],[4,0],[10,-19],[2,-13],[0,-4],[2,-12],[4,-15],[2,0],[2,5],[4,5],[2,-7],[5,4],[1,-2],[4,6],[3,9],[1,3],[2,7],[4,-3],[2,2]],[[3792,6110],[3,-8],[5,-7],[3,0],[3,3],[2,-3],[2,2],[6,-1],[0,5],[2,3],[1,-3],[3,0],[1,4],[3,3],[5,-2],[2,3],[0,9],[2,2],[3,-2],[3,1],[2,7],[2,3],[0,6],[2,2],[4,-4],[1,0],[-1,29],[3,7],[6,0],[3,-7],[4,2],[7,2],[2,9],[5,8],[3,4],[4,6],[4,6],[4,-1],[6,7],[3,0],[3,12],[2,0],[1,-3],[2,1],[1,10],[1,1],[5,-14],[3,-6],[4,8],[3,-2],[4,2],[1,4],[-1,8],[4,13],[5,3],[0,-11],[1,-2],[4,1],[3,-2],[2,-7],[2,-13],[2,0]],[[3997,4581],[1,-7],[-4,-12],[-3,-6],[-2,-1],[0,9],[-1,6],[2,3],[1,5],[5,8],[1,-5]],[[1798,3991],[5,1]],[[1803,3992],[1,-3],[1,-11],[2,-7],[7,-7],[4,-7],[3,-3],[4,0],[6,-6],[4,-2],[2,-3],[1,-9]],[[1838,3934],[-1,-5],[-3,-6],[-5,-20],[0,-11],[-1,-20],[-2,-5],[-1,-11],[-2,-19],[4,-2],[4,-6],[2,-8],[5,-9],[2,-9],[2,-3],[4,4],[3,-1],[4,6],[2,12],[2,2],[3,9],[2,-2],[2,3],[7,-5],[2,-11],[-2,-10],[-3,-7],[-2,-6],[0,-4],[4,-1],[2,3],[3,-1],[2,-5],[3,-4],[2,-8],[3,-6],[0,-7],[2,-5],[1,-17],[1,-6],[0,-7],[-4,-4],[-2,-6],[0,-6],[6,4],[6,-7],[0,-3],[4,-2],[3,-5],[0,-13]],[[1902,3684],[-4,-2],[-3,-8],[-3,-1],[-2,-12],[-2,-5],[-4,-4],[-1,-3],[-3,-2],[-1,-5],[-3,-3],[-1,2],[-3,-7],[-2,-6],[-3,2],[-2,-11],[0,-3],[-1,-5],[-2,-7],[-2,-9]],[[1860,3595],[-2,0],[-1,3],[-4,3],[-2,14],[-2,4],[-5,7],[-3,2],[-2,3],[-6,2],[-4,-6],[-4,6],[0,8],[1,5],[-1,6],[-1,8],[-3,3],[-3,7],[-4,2],[-2,-4],[-1,-6],[-4,3],[-3,13],[0,5],[2,4],[-1,8],[-1,4],[-4,6],[-2,11],[0,6],[-6,10],[0,2],[-3,10],[0,1],[-4,10],[-3,3],[-2,8],[-4,6],[-4,9],[-4,9],[-4,4],[-2,6],[-11,12]],[[3272,5698],[-1,10],[-3,17],[-3,10],[0,2],[-3,9],[-6,8],[-1,-1],[-6,-1],[0,8],[-4,5],[1,7],[0,6],[-3,2],[0,6],[-1,3],[-2,-3],[-3,10],[1,6],[2,2],[5,36],[-1,3],[-5,6],[-5,6],[-7,6],[-4,3],[-5,-2],[0,4],[-4,23],[-3,2],[-2,-1],[-2,7],[0,18],[-1,5],[-2,2],[-2,-2],[-3,4],[1,15],[-1,12],[-1,11],[2,4],[3,1],[2,6],[-1,5]],[[3204,5978],[1,5],[3,1],[2,6],[3,2],[2,3],[-2,7],[1,7],[4,2],[2,5],[3,-4],[1,0],[2,8],[2,-3],[3,3],[3,1],[0,9],[1,4],[2,1],[2,6],[4,5],[0,6],[1,8],[-1,3]],[[3243,6063],[8,0],[10,-4],[9,-1],[9,-9],[6,-9],[14,-31],[6,-11],[3,-3],[11,-4],[14,-1],[1,1],[3,-18],[2,-32],[4,-32],[2,-22],[0,-6],[-1,-6],[1,-6],[2,0],[3,-8],[-2,-3],[3,-5],[7,-2],[0,-12],[2,-2],[-1,-6],[0,-15],[-2,-7],[-1,-12],[-1,-3],[-1,-5],[1,-5],[-2,-6],[-4,5],[-9,-1],[-6,-5],[-7,-15],[-11,-26],[-4,-3],[-3,2],[-4,-1],[-3,-5],[-4,-5],[-6,-1],[-6,-6],[-6,-9],[-8,-10]],[[3148,5929],[5,-6],[2,-6],[5,-3],[2,2],[4,5],[2,5],[3,1],[2,-3],[6,0],[1,-15],[4,1],[3,-6],[2,1],[3,7],[0,8],[4,3],[2,-6],[2,-2],[5,-1],[-1,-7],[1,-18],[2,-18],[-1,-12],[1,-13],[2,-7],[1,-8],[-6,-8],[-4,-8],[-4,-4],[-6,-9],[-1,-6],[0,-7],[-4,-1],[-3,-2],[-13,-16],[-11,-15],[-6,-12],[-2,-9],[-2,-1],[-5,2],[-4,2],[-5,5],[-6,9],[-4,10],[-1,4],[2,5],[3,0],[1,5],[4,20],[2,20],[0,8],[3,38],[1,28],[-1,9],[2,8],[0,9],[3,0],[2,6],[1,11],[2,-3]],[[3018,5600],[1,-6],[1,2],[3,-5],[4,0],[1,-6],[2,-3],[0,-5],[4,-8],[0,-4],[2,-4],[-3,-16],[-2,-7],[-3,-1],[-1,-6],[-4,-4],[-2,0],[-3,-1],[-1,-3],[-4,-5],[-4,-2],[-1,3],[-5,4],[0,9],[0,7],[2,3],[-2,15],[1,3],[-1,11],[-3,-4],[-2,6],[-2,-2],[-1,2],[2,5],[3,3],[1,-2],[2,9],[2,0],[1,-8],[2,3],[1,-5],[3,7],[1,-5],[4,11],[0,8],[1,1]],[[3097,5808],[1,-3],[1,-12],[-2,-7],[-2,-3],[-1,-7],[-1,-4],[-2,0],[-4,4],[2,8],[0,8],[1,5],[3,3],[4,8]],[[2985,5502],[5,0],[3,-2],[1,-4],[-3,-3],[-4,0],[-9,-6],[-4,3],[-3,-1],[1,7],[4,4],[3,-3],[2,4],[4,1]],[[3072,5746],[4,-3],[-4,-18],[-2,0],[0,7],[1,14],[1,0]],[[3075,5759],[3,-4],[1,-6],[0,-6],[-4,3],[-2,10],[2,3]],[[3050,5635],[3,-5],[-1,-5],[-1,-2],[-2,10],[1,2]],[[3070,5746],[0,-3],[-3,-11],[-1,7],[4,7]],[[2992,5576],[0,-7],[-3,-2],[0,9],[3,0]],[[3204,2096],[1,-4],[1,-6],[-1,-9],[2,-7],[0,-7],[-6,-10],[1,-10],[-1,-13],[3,-5],[1,-9],[1,-4],[8,-5],[3,8]],[[3217,2015],[0,-8],[0,-8],[-2,-10],[-1,-3],[2,-12],[-1,-12],[-1,-5],[0,-6],[5,-4],[2,-7],[1,-28],[1,0],[-2,-18],[-1,-13],[-2,-3]],[[3218,1878],[-4,4],[-20,13],[-9,6],[-9,4],[-8,5],[-14,6],[-12,5],[-1,-3],[-6,-3],[0,-3],[-5,2],[-3,5],[-3,6],[1,15]],[[3683,1779],[-2,16],[-1,9],[-2,0],[-1,-4],[-2,4],[-1,-3],[-5,5],[-2,3],[-1,8],[-4,15],[-2,4],[-5,14],[-6,7],[-1,11],[1,6]],[[3649,1874],[3,9],[0,5],[2,2],[3,8],[3,6],[2,6],[4,7],[1,6],[5,12],[2,5],[2,2],[1,7],[3,10],[1,0],[1,8],[6,-3],[0,-15],[2,-8],[2,-3],[0,-7],[1,-10],[4,-3],[0,12],[1,10],[5,0],[3,3],[0,5],[2,5],[1,14],[1,5],[1,7],[2,8],[1,7],[1,12],[2,14]],[[3784,1916],[-1,-5],[-4,-6],[-4,0],[-3,10],[-4,4],[-3,-9],[-3,-1],[-6,6],[-1,-7],[4,-11],[0,-8],[0,-16],[3,-10],[-1,-4],[2,-5],[-1,-12],[-2,-8],[0,-8],[-1,-6]],[[3692,1913],[-5,-13],[-1,1],[-3,-3],[-1,-9],[1,-6],[4,-1],[2,-3],[0,-5],[4,-3],[-1,-6],[2,-2],[3,-7],[4,-2],[6,6],[0,9],[2,-2],[1,4],[-2,3],[-3,1],[-4,5],[-2,5],[-1,11],[-2,3],[-2,7],[-2,7]],[[9915,4902],[0,-4],[7,-2],[5,3],[4,8],[5,0],[6,-7],[4,-2],[11,-7],[12,-19],[12,-14],[6,-10],[8,-13]],[[9995,4835],[0,-113],[0,-62],[0,-108],[0,-71],[0,-86],[0,-108],[0,-94],[0,-10]],[[9995,4183],[-3,4],[-1,6],[-3,-5],[-2,5],[-2,-2],[-2,2],[-1,-1],[-1,-6],[-3,3],[-1,-3],[1,-10],[-1,-2],[-1,5],[-5,-2],[-3,4],[-3,1],[-5,-4],[-10,0],[-2,1],[-4,7],[-1,-5],[-4,6],[1,4],[-3,3],[-3,-2],[-3,4],[-1,-2],[-3,4],[-7,-5],[-2,-5],[0,-5],[-6,-4],[-1,-4],[-5,5],[-1,5],[-7,7],[-2,2],[-1,-3],[-4,2],[-1,5],[-3,-1],[0,-8],[-4,2],[-1,5],[-3,0],[-2,8],[-2,-7],[-2,-1],[-2,2],[-3,-3],[-2,5],[3,2],[-1,8],[3,13],[1,5],[-3,5],[1,13],[-2,2],[-3,6],[3,3],[1,5],[-3,6],[2,4],[-3,6],[2,9],[-3,10],[-3,1]],[[3264,2422],[2,2],[6,3],[9,7],[5,5],[5,8],[4,10],[2,2],[8,-7],[3,-16],[2,-2],[1,-8],[3,-5],[5,-3],[2,-4],[4,-3],[0,-5]],[[3325,2406],[-2,-2],[-2,-6],[2,-5],[-1,-5],[-2,-2],[1,-6],[-1,-1],[-1,-9],[0,-8],[-1,0],[-2,-6],[1,-7],[-1,-7],[5,-4],[2,-7],[1,-15],[0,-7],[2,-2],[2,2],[3,-1],[1,4],[3,-6]],[[3335,2306],[-2,-7],[1,-15],[-1,-4]],[[3332,2254],[-10,0],[-2,3],[-2,-6],[-4,1]],[[3314,2252],[-2,6],[-1,2],[-4,-2],[-3,1],[-1,5],[-3,2],[-2,13],[-4,5],[-3,-2],[-3,5],[1,8],[3,0],[1,5],[1,3],[5,2],[-1,4],[2,12],[-4,-1],[-1,-10],[-10,2],[-4,1],[-4,-7],[-3,-8],[-3,0],[-3,-2],[-5,-14],[-2,-1],[-2,-6],[-2,-2],[-3,-10],[-6,-9],[-2,0],[-3,-5]],[[3243,2249],[-2,9]],[[1615,4422],[5,-3],[1,1],[2,7],[4,3],[1,8],[4,3],[3,0],[7,-7],[6,-11],[2,0],[5,6],[2,-10],[4,-5],[7,1],[0,-4],[4,-1],[4,-3],[6,6],[5,-3],[2,4],[6,6]],[[1653,4260],[-1,1]],[[2323,8318],[1,-1],[2,-9],[0,-8],[5,4],[1,-5],[-2,-3],[1,-6],[-3,-11],[1,-3],[3,-10],[3,-4],[2,7],[1,1],[2,-5],[2,1],[0,8],[3,5],[2,-4],[4,-1],[1,3],[4,-4],[-2,-8],[0,-8],[-2,0],[-1,6],[-2,-1],[1,-6],[-2,-8],[0,-9],[1,-2],[1,-11],[-3,-3],[1,-8],[-3,0],[-3,9],[-1,-4],[-4,-1],[2,-7],[-1,-7],[-3,1],[-3,-3],[-1,7],[-3,-4],[4,-13],[3,3],[3,-8],[0,-5],[-2,1],[0,-5],[-4,1],[-2,-8],[-1,1],[-2,7],[-3,7],[-3,9],[0,15],[1,9],[1,7],[2,18],[0,8],[1,7],[-1,1],[-1,7],[2,3],[-4,8],[-3,2],[4,11],[-1,7],[2,3],[-2,5],[-1,9],[2,2]],[[2439,8416],[1,-6],[2,3],[2,-5],[0,-4],[5,-8],[1,-7],[1,-4],[1,-9],[-2,-12],[-1,-1],[-1,-11],[2,-5],[0,-7],[-1,-12],[-1,8],[-2,-1],[-1,12],[-2,2],[-2,-8],[-1,-2],[-2,6],[-1,0],[-2,7],[-1,1],[-1,10],[1,18],[-1,16],[-1,4],[-1,10],[3,4],[5,1]],[[2450,8508],[4,-2],[1,-9],[-3,-11],[1,-4],[-1,-16],[-1,-3],[2,-19],[-2,-14],[-2,3],[-2,18],[-1,4],[0,-15],[0,-6],[3,-6],[1,-10],[-2,1],[-2,-2],[-1,3],[-4,4],[-1,6],[-2,6],[3,3],[-1,5],[2,9],[-2,1],[-1,6],[2,21],[2,8],[2,-7],[2,10],[-1,3],[1,4],[0,8],[3,1]],[[2438,8514],[-2,-10],[0,-4],[-1,-5],[4,-6],[1,-5],[0,-6],[-2,-8],[-2,-11],[-2,-1],[-2,12],[-1,-8],[-3,-3],[0,7],[-2,2],[0,9],[3,8],[3,1],[1,4],[0,8],[-1,5],[3,9],[3,2]],[[2434,8168],[4,-3],[0,-4],[0,-4],[2,-6],[2,-2],[1,-9],[-1,-11],[-1,-3],[-4,0],[-1,5],[-1,6],[-3,3],[5,3],[-2,10],[-3,4],[-2,7],[2,6],[2,-2]],[[2457,8375],[-1,-9],[2,-1],[3,7],[1,-8],[1,-9],[-3,-6],[-2,-1],[0,-7],[-1,-7],[-2,-2],[0,6],[1,3],[-1,9],[-1,2],[-1,-9],[-2,5],[-1,6],[2,9],[2,2],[1,10],[2,0]],[[2385,8333],[1,-10],[-1,-9],[1,-5],[-2,-6],[1,-5],[-1,-6],[-1,6],[-2,0],[1,14],[-1,11],[1,4],[3,6]],[[2463,8528],[-1,-14],[1,-6],[-1,-12],[0,-7],[-2,-10],[-3,4],[2,10],[1,6],[0,4],[1,9],[-1,9],[3,7]],[[2323,8340],[3,-1],[2,-3],[0,-4],[-2,-7],[-2,4],[-2,8],[1,3]],[[2313,8352],[2,-6],[0,-8],[-2,1],[-2,3],[-1,7],[3,3]],[[2479,8372],[1,-4],[2,2],[1,-9],[-5,-2],[-2,2],[1,8],[2,3]],[[2407,8375],[1,-3],[2,-11],[-2,-7],[-2,1],[0,5],[1,15]],[[2466,8335],[-1,-9],[0,-10],[-1,-6],[-1,2],[0,8],[0,8],[3,7]],[[2416,8244],[4,-4],[1,-7],[-3,0],[-1,6],[-4,-2],[1,7],[2,0]],[[2477,8303],[1,-7],[-3,-3],[-1,6],[1,4],[2,0]],[[2425,8140],[4,-2],[1,-3],[-1,-6],[-3,2],[-1,9]],[[2414,8360],[2,-8],[-3,-1],[-1,5],[2,4]],[[2449,8519],[3,-7],[-4,-2],[-1,6],[2,3]],[[2454,8443],[1,-8],[-1,-7],[-2,-3],[2,18]],[[2420,8285],[1,-7],[-3,-8],[0,9],[2,6]],[[2487,8430],[-1,-6],[2,-7],[-3,1],[-2,5],[4,7]],[[2477,8463],[1,-5],[-5,-1],[1,5],[3,1]],[[2320,8351],[1,-3],[0,-5],[-3,1],[2,7]],[[2485,8395],[0,-10],[-1,2],[-2,6],[3,2]],[[2479,8459],[0,-7],[-1,-10],[-1,4],[2,13]],[[2474,8373],[0,-11],[-3,1],[1,7],[2,3]],[[2299,8336],[3,-3],[1,-5],[-4,3],[0,5]],[[2424,8265],[1,-7],[-1,-4],[-2,3],[2,8]],[[2322,8268],[2,-2],[1,-6],[-2,-1],[-2,4],[1,5]],[[2428,8256],[1,-9],[-2,1],[-1,5],[2,3]],[[2455,8419],[0,-3],[-2,-4],[-1,4],[3,3]],[[2319,8236],[3,-4],[-2,-4],[-2,5],[1,3]],[[2446,8119],[-1,-6],[-1,-2],[-1,5],[3,3]],[[2432,8462],[0,-9],[-2,3],[2,6]],[[2455,8399],[-2,-8],[-1,2],[0,6],[3,0]],[[8494,2863],[5,3],[2,-5],[2,0],[1,-14],[2,-6],[4,-5],[7,-4],[1,-5],[2,4],[3,-3],[4,-15],[1,-6],[4,-1],[2,-12],[2,-4],[3,-1],[2,-8],[-3,-10],[-1,-8],[0,-8],[2,-7],[2,2],[1,-7],[2,-6],[1,-1],[2,-6],[0,-4],[3,0],[0,11],[3,-9],[0,-4],[3,-2],[4,4],[1,-1],[4,-7],[2,-12],[4,-11],[4,-3],[2,-12],[1,-3],[0,-7],[3,-3],[1,-7],[1,-9],[-3,-5],[-1,4],[-2,-12],[3,-5],[1,1],[-2,-13],[0,-5],[4,-3],[1,4],[2,0],[2,3],[1,-5],[-1,-9],[-1,-6],[-1,1],[-2,-6],[-1,0],[-1,-7],[0,-6],[-1,-10],[-3,-5],[-3,2],[-1,-7],[-3,1],[0,5],[-2,5],[-2,-10],[1,-5],[4,-3],[1,-3],[-5,-10],[-5,-8],[-2,-7],[-2,2],[0,-9],[2,-2],[0,-4],[-2,-4],[-3,-1],[-2,-5],[-1,-5],[0,-11],[-1,-3],[4,-4],[-1,-6],[-2,0],[-6,-16],[-1,-7],[-2,-3],[-6,-2],[-1,-3],[-6,-6],[-6,-7],[-5,-7],[-2,-7],[0,-7],[-1,-6],[-1,7],[-4,4],[-5,27],[-4,14],[-3,4],[-3,1],[-3,-3],[-1,1],[-1,6],[-3,5],[-3,27],[-1,5],[0,9],[1,2],[1,11],[2,3],[0,8],[1,4],[1,10],[1,29],[1,1],[1,41],[0,15],[0,13],[1,16],[2,24],[2,8],[2,-3],[1,-9],[1,-8],[3,-5],[4,7],[2,-2],[1,-9],[2,5],[2,2],[3,-18],[-1,-4],[0,-14],[1,1],[0,8],[4,12],[-2,0],[-1,4],[1,4],[-2,5],[-2,7],[-2,6],[1,5],[2,-1],[1,3],[0,6],[-2,-5],[-3,-6],[-1,6],[3,5],[2,6],[-3,2],[-3,-9],[-1,-1],[-4,-7],[-5,-2],[0,6],[-1,2],[-3,19],[0,19],[2,11],[1,12],[1,18],[0,3],[-1,11],[-1,14],[-2,12],[0,8],[-4,29],[-1,12]],[[8595,3004],[3,-7],[3,0],[2,-3],[4,-1],[5,5],[2,-4],[2,0],[1,-5],[-1,-7],[2,-7],[5,-9],[4,-10],[2,-2],[1,-6],[5,-7],[0,-7],[3,-2],[0,-10],[4,-6],[-1,-5],[3,-7],[-3,-15],[-2,-11],[-3,-4],[-2,-6],[-6,-6],[0,-5],[4,3],[7,9],[2,-7],[-1,-7],[-1,-6],[1,-10],[-3,-24],[-2,-9],[-1,-11],[-2,-13],[-2,-4],[-3,5],[-3,-4],[1,-3],[3,0],[-1,-8],[-6,-12],[-5,0],[-5,-8],[-1,-7],[-3,0],[-5,10],[-3,2],[-2,-3],[-5,4],[-1,8],[1,3],[-1,6],[1,11],[-4,-7],[-1,-6],[-2,6],[-2,10],[-2,4],[-1,-4],[-3,1],[-3,14],[-2,4],[-3,-2],[-3,5],[-4,0],[-2,3],[-1,10],[-3,1],[-2,7],[0,7],[-2,3],[-4,-7],[0,6],[-2,-1],[-4,16],[-1,7],[-6,14],[1,6],[0,7],[-3,5],[-1,3],[1,14],[1,6],[3,6],[-3,11],[1,3],[6,11],[3,2],[4,-6],[1,-8],[2,3],[2,6],[3,7],[5,-3],[3,0],[5,6],[0,5],[4,12],[2,7],[1,9],[3,-1],[3,5],[3,7],[1,5],[4,7],[5,-4]],[[8573,3238],[0,-8],[1,-10],[4,-2],[1,6],[1,11],[3,2],[0,-13],[2,-6],[1,0],[1,4],[1,-8],[0,-7],[1,-3],[1,-10],[-1,-13],[3,-7],[0,-7],[4,-1],[2,-2],[0,-5],[1,-8],[2,-5],[2,-10],[2,-6],[1,-5],[2,-2],[2,6],[2,0],[3,-8],[1,-5],[0,-7],[2,-3],[2,-11],[3,-3],[0,-4],[0,-8],[2,-5],[3,-6],[-1,-5],[-2,-1],[-2,-5],[-1,-5],[-3,-1],[0,-3],[-3,-4],[-3,-7],[-4,-6],[-4,-10],[0,-6],[-2,-5],[-2,-9],[-3,-2],[-2,2],[-2,5],[-3,3],[-2,-1],[-3,-7],[-3,-10],[-4,-8],[-4,2],[0,-9],[-1,-4],[-2,-5],[-3,-11],[-1,-6],[-4,-4],[-6,2],[-2,2],[-2,-2],[-4,-9],[-4,8],[-3,2],[-2,-2],[-2,2],[3,14],[4,26],[-1,5],[-3,1],[-1,7],[-3,1],[-1,4],[2,13],[1,-1],[2,4],[3,3],[2,3],[0,8],[-2,4],[3,6],[4,3],[2,-1],[1,7],[-3,7],[2,2],[1,8],[0,5],[3,1],[2,2],[-6,14],[-2,-2],[-4,-11],[-2,-3],[-2,4],[0,6],[2,2],[1,4],[-3,4],[-4,-1],[1,5],[-4,0],[-2,3],[-5,-4],[-3,7],[-1,0],[-5,12],[-2,6],[2,9],[4,18],[3,4],[1,-5],[3,-7],[5,0],[0,-5],[5,-7],[1,-7],[2,-3],[1,-4],[6,7],[-1,10],[-1,1],[1,7],[3,6],[10,20],[1,10],[2,17],[1,9],[2,4],[0,5],[2,9],[-1,4],[1,6],[1,2]],[[8506,2958],[2,-4],[-1,-9],[2,-9],[7,4],[0,6],[4,4],[3,1],[1,-6],[-1,-11],[1,-8],[2,-4],[1,-6],[3,3],[1,5],[2,4],[1,-5],[-3,-7],[-2,-6],[-1,-2],[-2,-8],[-1,-8],[-1,-7],[3,-8],[5,-2],[0,-9],[4,-1],[5,-8],[0,-7],[3,-12],[3,-10],[1,-2],[3,2],[2,-2],[2,-5],[4,-6],[0,-9],[2,-2],[5,0],[3,-5],[0,-4],[-4,-1],[-3,-5],[-5,-13],[-1,2],[-2,-6],[-2,-3],[-1,3],[-4,4],[-1,6],[-2,8],[-2,3],[0,4],[-2,-1],[-2,-4],[-2,0],[-3,14],[-7,16],[-2,8],[-1,10],[-1,0],[-2,8],[-3,-6],[-4,0],[-4,7],[0,4],[1,9],[4,6],[0,5],[3,3],[-1,8],[-2,4],[-3,-4],[-2,-1],[-1,-5],[-4,-3],[-4,17],[-2,9],[2,11],[1,9],[-1,8],[1,13],[3,11],[2,5]],[[8593,3220],[5,-6],[2,1],[1,-2],[1,2],[3,0],[1,-3],[3,-5],[2,-1],[2,4],[4,-3],[0,-3],[6,1],[2,-2],[-1,-6],[4,1],[2,-3],[-1,-5],[3,-1],[1,-7],[2,5],[4,-18],[-1,-5],[1,-2],[-1,-6],[-3,-3],[-2,1],[0,-12],[-1,-5],[1,-2],[-3,-18],[-1,-4],[-3,2],[-1,7],[-1,1],[-10,0],[-2,8],[-3,-1],[-2,-6],[-4,14],[-2,9],[-2,4],[-1,8],[0,6],[-3,2],[-3,1],[0,8],[-2,5],[0,16],[0,7],[-1,3],[0,6],[3,2],[1,5]],[[8583,3261],[-3,4],[2,5],[1,13],[-2,4],[-1,9],[1,4],[2,4],[6,-5],[1,-4],[2,-1],[3,0],[3,10],[1,-1],[4,3],[2,-6],[2,3],[3,-4],[4,-7],[0,-5],[1,-2],[0,-10],[1,-14],[1,-2],[1,8],[2,-5],[1,-9],[6,-7],[-1,-8],[-3,-4],[-2,1],[0,-6],[4,-12],[-5,-4],[-4,4],[0,4],[-2,2],[1,-10],[-3,0],[0,-5],[-4,0],[-2,7],[-2,2],[-3,-3],[-1,2],[-2,-1],[-2,3],[-3,3],[-1,-5],[-3,0],[-2,7],[0,0],[-2,-4],[-2,5],[0,5],[3,10],[0,6],[-1,5],[-2,1],[-1,4],[1,6]],[[8569,2792],[2,6],[3,0],[2,-13],[2,-3],[4,1],[2,-6],[1,-7],[3,-9],[1,-1],[-2,-18],[-1,-1],[-1,-3],[0,-7],[1,-6],[-5,-21],[-1,-1],[-2,-7],[-1,-1],[-3,3],[-3,-3],[-4,12],[-2,11],[-3,7],[-2,1],[-3,-3],[-3,2],[-1,4],[2,10],[1,4],[-1,7],[-1,4],[-1,2],[0,8],[2,7],[2,3],[3,2],[2,10],[3,5],[4,1]],[[8632,2608],[2,-3],[3,-5],[2,-9],[-1,-4],[-3,-4],[-1,-5],[-1,-24],[1,-8],[-3,-3],[-2,-6],[-1,-8],[-4,-9],[0,-7],[-1,-4],[-1,-7],[-2,-4],[-2,3],[-2,-2],[-3,13],[-4,0],[0,4],[2,6],[1,12],[-2,1],[0,5],[3,3],[2,5],[3,13],[2,8],[0,16],[3,25],[2,7],[3,1],[4,-4],[0,-6]],[[8604,2727],[0,-2],[0,-10],[2,-5],[0,-5],[-1,-8],[-1,-8],[-4,-6],[-6,-9],[-5,3],[-1,-3],[0,-3],[0,-4],[-2,-8],[0,-3],[-2,-1],[0,7],[-1,5],[-2,4],[-3,1],[0,4],[-2,8],[0,7],[1,3],[2,-2],[0,6],[1,5],[1,1],[5,21],[0,6],[0,10],[1,2],[2,13],[1,-1],[2,-9],[2,-1],[5,-5],[1,-4],[3,-3],[1,-6]],[[8659,2793],[3,0],[2,-2],[2,1],[3,-6],[2,-10],[0,-6],[-2,-12],[1,-4],[-2,-9],[-3,-9],[-3,-11],[0,-3],[-3,-21],[1,-5],[-3,-17],[-5,8],[-3,1],[-1,6],[1,13],[0,11],[-2,2],[0,10],[0,6],[5,16],[2,8],[2,4],[1,6],[1,10],[1,13]],[[8635,3054],[3,-4],[-1,-6],[3,-9],[1,-8],[-2,-6],[-5,-6],[-2,7],[-1,6],[-3,-3],[0,-12],[3,-6],[0,-4],[4,-5],[-2,-9],[2,-8],[-2,-8],[-2,2],[-3,-1],[-3,9],[-4,5],[-3,11],[-2,3],[-4,0],[-2,7],[5,13],[-1,18],[3,5],[2,2],[1,2],[0,2],[3,0],[2,3],[2,6],[3,-1],[5,-5]],[[8631,2672],[2,8],[3,-8],[0,-5],[2,-8],[0,-5],[2,-6],[-1,-3],[-2,-4],[-1,-7],[-4,-1],[-2,6],[-4,-9],[-4,-3],[-3,4],[-1,5],[1,11],[-1,5],[-2,12],[-2,2],[-1,0],[-1,7],[1,6],[3,4],[1,4],[5,11],[2,1],[4,-8],[4,-11],[-1,-8]],[[8623,3120],[1,0],[2,-6],[4,-5],[1,0],[2,6],[2,-3],[0,-11],[1,-14],[-1,-4],[-3,-11],[-2,3],[-1,-4],[-4,5],[-1,5],[-1,8],[1,3],[-2,4],[-1,-1],[-2,12],[-3,3],[1,8],[1,-1],[2,4],[3,-1]],[[8516,3106],[1,2],[9,-7],[2,-6],[0,-6],[0,-6],[-2,-10],[2,-4],[-1,-5],[-1,-3],[-4,3],[-4,-7],[-3,3],[-1,4],[1,23],[1,10],[0,9]],[[8600,3357],[3,-4],[1,-8],[-2,-3],[-2,2],[-3,-9],[-2,-13],[0,-5],[-3,-2],[0,-5],[-2,-1],[-4,6],[-3,8],[1,10],[3,5],[2,6],[3,1],[1,8],[2,4],[2,2],[3,-2]],[[8542,3219],[2,1],[5,-8],[-1,-14],[-3,-7],[-4,-2],[-5,-8],[-1,-7],[-1,-4],[-2,1],[-2,4],[-3,4],[-1,4],[2,8],[1,-3],[6,4],[1,7],[4,19],[2,1]],[[8651,2675],[4,0],[1,-5],[2,0],[0,-5],[-3,-9],[-2,-14],[-1,-4],[-2,-10],[-2,8],[-5,-1],[0,11],[-1,12],[4,1],[5,16]],[[8598,2679],[2,1],[0,-13],[-1,-7],[-3,-2],[-2,-7],[-1,-7],[-2,0],[-2,4],[-4,0],[1,6],[1,2],[0,3],[1,7],[0,5],[1,6],[5,-4],[4,6]],[[8610,2666],[-2,-4],[-1,2],[-4,-9],[-2,0],[-2,7],[2,5],[0,11],[2,4],[5,4],[2,8],[2,1],[1,-3],[0,-5],[-2,-11],[-1,-10]],[[8614,3026],[1,-3],[-4,-10],[-2,2],[-3,-17],[-1,-2],[-4,3],[1,8],[2,5],[2,10],[3,5],[1,5],[3,5],[1,-3],[0,-8]],[[8533,3235],[-2,-2],[-2,-9],[0,6],[0,8],[0,12],[-1,3],[1,10],[3,3],[2,-3],[1,-7],[1,-14],[-3,-7]],[[8582,2535],[2,2],[1,-3],[0,-6],[3,-2],[0,-9],[-2,-1],[-2,-3],[-4,1],[-1,-5],[-2,2],[0,10],[2,5],[2,9],[1,0]],[[8655,2777],[-2,-10],[-2,-4],[-2,-11],[-2,-2],[-2,3],[-1,10],[3,9],[5,13],[2,-2],[1,-6]],[[8636,2705],[-2,0],[-2,5],[1,10],[0,14],[2,10],[2,4],[1,-7],[-1,-28],[-1,-4],[0,-4]],[[8581,2331],[2,-3],[2,3],[3,-1],[1,-4],[0,-6],[-1,-2],[-1,-7],[-4,5],[-6,2],[3,14],[1,-1]],[[8621,2460],[1,-6],[-4,-1],[-5,-7],[-6,-18],[-2,0],[-4,10],[1,5],[3,-6],[4,4],[4,13],[2,-1],[2,3],[1,6],[3,-2]],[[8544,2762],[1,-10],[-1,-6],[-2,1],[0,6],[-3,-2],[-1,14],[1,7],[2,6],[1,0],[1,-10],[1,-6]],[[8601,2656],[1,-2],[1,0],[-1,-7],[-3,-9],[-4,1],[-2,3],[1,5],[2,10],[3,3],[2,-4]],[[8588,2559],[0,-7],[-4,-12],[-2,4],[-2,0],[3,10],[-1,8],[2,8],[3,-7],[1,-4]],[[8641,2603],[1,1],[1,-7],[4,-12],[-3,-4],[-3,5],[-2,0],[0,7],[-1,8],[3,2]],[[8589,2518],[4,-2],[1,-4],[-2,-3],[-2,-8],[-3,-4],[-2,0],[0,8],[2,5],[-1,6],[3,0],[0,2]],[[8601,3340],[3,0],[1,-6],[-2,-4],[-1,-4],[-3,-8],[-3,1],[3,15],[0,3],[2,3]],[[8642,2714],[-1,0],[-1,8],[0,10],[1,7],[4,-14],[-3,-11]],[[8648,3120],[2,-6],[-2,-7],[-2,-2],[-2,1],[0,9],[1,5],[3,0]],[[8584,2408],[4,-10],[-7,-2],[-1,10],[4,2]],[[8580,3298],[0,-4],[0,-3],[-3,-9],[-3,-3],[0,6],[3,11],[3,2]],[[8541,2795],[1,0],[3,-15],[1,-10],[-3,4],[0,6],[-3,11],[1,4]],[[8625,2450],[1,-4],[3,3],[2,-3],[1,1],[3,-1],[1,-4],[-7,0],[-4,3],[0,5]],[[8632,2625],[-1,-2],[-3,2],[-1,6],[2,6],[4,-6],[-1,-6]],[[8602,2588],[-2,6],[1,9],[3,3],[1,-3],[-1,-9],[-2,-6]],[[8643,3075],[5,-3],[-1,-6],[-6,-1],[0,5],[2,5]],[[8664,2844],[-2,-5],[0,-6],[-2,-3],[-1,7],[2,4],[0,10],[2,-3],[1,-4]],[[8606,3321],[2,-4],[-2,-7],[-3,4],[-1,5],[3,4],[1,-2]],[[8533,2890],[3,-6],[0,-7],[-4,1],[-1,8],[2,4]],[[8619,3271],[-3,8],[0,4],[-1,4],[1,3],[2,-3],[0,-5],[2,-6],[-1,-5]],[[8549,2758],[-2,3],[0,12],[3,-2],[1,-4],[-2,-9]],[[8554,2737],[-2,8],[1,5],[-1,3],[1,1],[2,-5],[0,-6],[0,-6],[-1,0]],[[8581,2551],[-2,-8],[-3,4],[5,11],[0,-7]],[[8610,3009],[1,-7],[-3,-5],[-2,2],[3,10],[1,0]],[[8648,3039],[0,-5],[-3,-11],[-1,3],[0,5],[4,8]],[[8591,2767],[-4,1],[2,6],[2,6],[0,-9],[0,-4]],[[8622,2356],[-2,0],[-1,6],[2,5],[2,-7],[-1,-4]],[[8617,3322],[3,-6],[-5,0],[0,5],[2,1]],[[8628,3227],[1,-5],[-3,-9],[0,7],[2,7]],[[8664,2876],[3,2],[-1,-12],[-2,0],[-1,3],[1,7]],[[8583,3261],[-1,-6],[-2,-2],[-1,4],[2,4],[2,0]],[[8639,3079],[-3,-5],[-1,7],[1,5],[3,-7]],[[8644,3093],[2,-2],[0,-5],[-1,-3],[-2,4],[1,6]],[[8582,3251],[3,-6],[-1,-3],[-2,0],[-1,5],[1,4]],[[8639,3049],[2,-2],[-1,-7],[-3,4],[2,5]],[[8519,2845],[2,-1],[0,-6],[0,-3],[-3,4],[1,6]],[[8610,3317],[0,-9],[-1,-1],[-1,4],[2,6]],[[8549,2749],[3,3],[0,-6],[-2,-2],[-1,5]],[[8645,3022],[-1,-6],[-2,0],[1,6],[2,0]],[[8547,2752],[1,-5],[-3,-3],[0,6],[2,2]],[[8603,3317],[-1,-5],[-3,3],[2,4],[2,-2]],[[8641,2713],[0,-7],[-2,0],[1,6],[1,1]],[[8621,3270],[-1,3],[0,4],[2,0],[-1,-7]],[[8649,3075],[1,-8],[-3,3],[2,5]],[[8641,3151],[-1,-5],[-2,5],[3,0]],[[845,5972],[2,-2],[1,-10],[-3,-5],[0,-4],[2,-3],[5,7],[1,-11],[-1,-4],[3,-16],[0,-17],[-4,16],[-2,-2],[0,-6],[4,-13],[1,-16],[0,-11],[1,1],[0,-8],[2,-1],[1,4],[3,-11],[6,-11],[0,-9],[2,-19],[5,-13],[0,-7],[2,-6],[-1,-5],[-2,1],[-1,-5],[3,-6],[3,1],[1,-8],[3,-6],[-1,-20],[-2,-4],[2,-3],[4,2],[0,-6],[2,-7],[-1,-10],[2,-6],[0,-13],[2,-3],[0,-4],[2,0],[3,-5],[1,-5],[3,-4],[1,-9],[3,-8],[1,-6],[-2,-2],[0,-7],[2,-7],[-1,-3],[-6,10],[-3,6],[0,-5],[1,-6],[5,-14],[3,-5],[1,-4],[2,-1],[1,-9],[3,3],[2,-7],[-1,-7],[1,-6],[-3,-11],[1,-8],[3,1],[1,-11],[1,-5],[2,-2],[4,3],[1,5],[2,-3],[2,-6],[2,-10],[0,-10],[2,-4],[-2,-10],[-1,-6],[3,1],[0,-6],[2,-8],[-2,-6],[2,-7],[-3,-3],[1,-4],[-1,-5],[-1,-6],[-1,4],[-3,6],[0,11],[-2,3],[0,8],[-2,8],[-1,15],[-3,13],[-1,7],[-2,1],[-1,-6],[4,-9],[3,-16],[-1,-5],[1,-8],[0,-8],[0,-9],[0,-6],[2,-11],[3,-9],[0,-4],[-3,0],[0,-5],[-2,-6],[-1,1],[-2,6],[-4,2],[-5,1],[-7,-1],[-2,-8],[0,-3],[-4,-5],[-4,1],[-6,6],[-2,4],[-3,2],[-3,6],[-7,8],[-8,17],[-10,15],[-10,17],[-3,10],[0,8],[-2,4],[-6,13],[-1,4],[2,4],[1,6],[-1,8],[-2,11],[-2,9],[-2,7],[-1,12],[-2,7],[-4,11],[-2,12],[-4,13],[-2,14],[-3,11],[-3,11],[-4,14],[-5,18],[-3,10],[-1,3],[-3,13],[1,6],[-1,10],[-7,19],[0,6],[-2,11],[4,9],[3,20],[1,0],[1,6],[1,17],[2,3],[1,10],[1,18],[0,13],[0,16],[1,9],[0,8],[2,4],[2,8],[4,4],[2,5],[3,-1],[1,-5],[3,-3],[3,1],[4,2],[1,-2],[5,2],[5,9],[7,2],[2,3],[4,6],[2,8],[1,1]],[[1134,4861],[1,1],[2,-8],[2,-1],[0,-5],[2,-7],[1,-6],[1,-4],[-1,-4],[4,-1],[0,-5],[2,1],[4,-14],[4,-4],[2,-8],[3,-4],[1,-7],[3,-8],[2,-4],[1,-7],[4,-12],[4,-5],[-1,-5],[2,-3],[0,-8],[3,-3],[3,-2],[2,-9],[0,-5],[-2,3],[1,-13],[1,0],[1,-10],[-1,-5],[-1,-19],[0,-8],[2,-2],[1,-9],[-1,-3],[-5,-4],[-3,3],[-1,-4],[-4,0],[-2,-1],[-2,3],[-3,-8],[2,-6],[3,-1],[1,-9],[-1,-5],[-2,-2],[1,-7],[3,-10],[1,-10],[4,-6],[0,-13],[3,-3],[2,-8],[1,-4],[2,-4],[0,-7],[2,-7],[-1,-7],[-3,-1],[-4,3],[-2,8],[-2,5],[-1,9],[-3,5],[-2,1],[-4,8],[1,4],[-1,7],[1,4],[-1,4],[-5,5],[-4,-2],[0,9],[-2,1],[1,13],[2,-5],[0,-4],[3,-5],[1,6],[-6,22],[-1,9],[2,2],[0,13],[-1,7],[-4,8],[-1,5],[1,4],[-2,9],[-3,4],[-3,3],[-2,-3],[0,-5],[-1,0],[-3,6],[0,3],[3,4],[-2,13],[-1,1],[-3,-8],[-1,5],[0,8],[-1,0],[-2,7],[-2,9],[-1,8],[-2,-1],[-1,7],[1,8],[-3,3],[1,7],[4,9],[0,9],[-2,11],[1,6],[0,11],[-2,14],[-1,2],[0,14],[-2,9],[0,5],[2,5],[2,-1],[1,4],[7,2]],[[1083,5028],[1,0],[2,-7],[4,-7],[2,-10],[1,-1],[3,-11],[4,-10],[2,-2],[4,-7],[2,-4],[2,-7],[3,-7],[2,-3],[1,-5],[5,-3],[2,-6],[1,-12],[3,-12],[1,-2],[0,-11],[2,-5],[2,-7],[0,-8],[0,-3],[-1,-11],[-1,-2],[-2,2],[-7,-10],[-3,-5],[-3,-5],[-1,-3],[2,-14],[-1,-2],[-2,5],[-3,-3],[-3,0],[-3,5],[-4,-8],[-3,15],[-2,1],[-2,-3],[-1,-6],[1,-6],[-5,-6],[-2,4],[-2,6],[3,4],[1,10],[-2,4],[-3,6],[-1,4],[1,6],[-2,3],[2,8],[0,4],[2,4],[1,10],[-1,5],[-1,13],[2,1],[1,5],[-2,12],[-1,1],[-1,9],[-2,9],[-2,4],[3,4],[0,6],[-2,9],[-4,8],[0,7],[2,0],[0,10],[1,7],[-1,16],[1,3],[4,4]],[[996,5307],[4,-1],[1,-5],[3,2],[1,-8],[2,3],[2,-1],[0,-5],[4,-8],[4,-4],[1,-4],[1,-1],[1,-9],[0,-7],[1,-12],[1,-12],[2,-13],[0,-5],[2,-4],[1,-11],[2,-6],[1,-8],[2,-5],[5,-9],[-1,-5],[1,-4],[0,-7],[1,-6],[3,2],[3,-5],[0,-3],[2,-3],[3,-16],[2,0],[0,-9],[1,-3],[1,-10],[1,-4],[1,-6],[-1,-8],[-3,2],[-2,6],[1,6],[0,8],[-2,2],[-2,-4],[-6,0],[-2,13],[-2,3],[-3,0],[-4,-4],[-2,2],[-2,7],[-1,0],[-3,4],[-1,9],[-1,2],[-1,4],[-4,6],[-4,5],[-4,1],[0,-4],[-3,9],[-2,-12],[-3,5],[-1,12],[3,9],[-3,3],[-1,4],[1,5],[-1,3],[-2,0],[-1,-10],[-2,3],[0,7],[-2,4],[-3,6],[0,9],[-3,7],[-1,16],[2,5],[3,-3],[3,-3],[1,5],[-2,9],[1,5],[-2,2],[-1,8],[0,5],[-1,10],[0,5],[4,3],[0,4],[-2,4],[0,4],[3,5],[2,2],[2,5],[1,-3]],[[923,5448],[3,-2],[4,-6],[0,-4],[1,-13],[-3,-4],[-2,2],[-3,-4],[-2,3],[2,8],[2,8],[0,6],[-2,6]],[[1191,4650],[2,-3],[0,-10],[2,-5],[-1,-3],[3,-3],[0,-8],[-2,-3],[-1,1],[-3,9],[-1,21],[1,4]],[[1023,5114],[3,-2],[1,-6],[0,-7],[-3,-1],[-3,5],[0,8],[2,3]],[[1230,4449],[-1,-6],[-3,3],[-2,-1],[-2,4],[1,9],[5,-4],[2,-5]],[[933,5384],[0,-5],[2,-4],[1,-5],[-2,-4],[-3,2],[-1,10],[1,6],[2,0]],[[993,5344],[2,-3],[4,-10],[-3,-2],[-3,5],[-1,7],[1,3]],[[1122,4702],[4,-2],[1,-6],[-2,-6],[-1,1],[-3,8],[1,5]],[[990,5322],[1,-1],[0,-6],[-3,-2],[-2,7],[2,4],[2,-2]],[[1309,4133],[0,4],[3,10],[1,-6],[-4,-8]],[[1116,4824],[1,-3],[-1,-6],[-3,5],[3,4]],[[1171,4614],[2,0],[1,-6],[-2,-4],[-1,2],[-1,8],[1,0]],[[1118,4727],[0,-6],[-1,-2],[-1,5],[2,3]],[[1150,4661],[2,-3],[-2,-6],[-2,10],[2,-1]],[[1157,4566],[3,-4],[0,-2],[-3,1],[0,5]],[[935,5417],[0,-7],[-2,1],[2,6]],[[1682,7097],[2,7],[5,-4],[1,-8],[2,-5],[6,-4],[6,-7],[5,-4],[2,-5],[7,-14],[2,-11],[4,-10],[4,-6],[7,-10],[5,-9],[6,-12],[2,-16],[0,-10],[-1,-15],[0,-21],[-4,-13],[-1,-5],[-2,-2],[-5,2],[-3,8],[-2,10],[-4,12],[-6,17],[-2,3],[-6,5],[-5,5],[-3,2],[-16,-3],[-9,0],[-6,2],[-5,-1],[-7,-1],[-7,-6],[-4,-6],[-5,-2],[-7,4],[-7,6],[-3,5],[-5,7],[-5,6],[-4,7],[-2,5],[-4,13],[0,13],[0,6],[2,11],[3,8],[1,9],[3,1],[3,-4],[4,0],[1,1],[2,7],[3,3],[2,5],[4,5],[4,3],[2,5],[2,7],[3,7],[4,1],[3,-6],[3,-2],[3,1],[10,11],[4,3],[3,3],[3,0],[2,-8],[0,-6]],[[1582,7342],[3,-6],[4,-12],[8,-21],[3,-10],[6,-13],[5,-8],[5,-12],[4,-10],[3,-7],[2,-8],[-1,-18],[-2,-13],[-2,-12],[-1,-12],[0,-4],[-2,-11],[0,-3],[-3,-22],[0,-4],[7,-33],[1,-13],[2,-20],[0,-5],[-3,-1],[-4,5],[-3,-1],[-2,-6],[-2,-10],[-6,-5],[-3,2],[-3,6],[-3,10],[-4,12],[-8,14],[-4,11],[-5,31],[-2,16],[-2,9],[1,8],[2,21],[0,13],[0,9],[-3,23],[-5,24],[-1,9],[2,12],[2,16],[1,11],[-1,11],[-4,21],[2,8],[3,-2],[6,1],[2,3],[3,-1],[2,-3]],[[1686,7192],[5,-1],[7,-7],[2,0],[9,-7],[4,-4],[8,-10],[5,-5],[4,-2],[3,-5],[4,-11],[1,-3],[8,-25],[5,-13],[2,-8],[2,-4],[2,-12],[7,-21],[2,-5],[3,-11],[2,-7],[-1,-8],[0,-6],[0,-8],[-2,-5],[-5,-5],[-5,-3],[-5,3],[-2,1],[-3,11],[-15,25],[-6,7],[-2,4],[-3,10],[-3,9],[-8,13],[-4,4],[-5,3],[-3,4],[-4,3],[-3,7],[-2,16],[-1,-5],[-3,0],[-5,10],[-4,1],[-9,-8],[-9,-11],[-2,-1],[-2,3],[-1,5],[4,3],[4,6],[1,13],[2,20],[3,16],[7,16],[4,6],[2,2],[5,0]],[[1635,7175],[2,-5],[1,-7],[5,-10],[0,-2],[6,-15],[2,-6],[1,-3],[-2,-14],[1,-11],[-4,-2],[-3,-6],[-1,-7],[-4,-6],[-3,-2],[-4,-5],[-2,-6],[-2,-2],[-1,9],[-2,11],[-1,20],[-1,6],[-4,23],[0,12],[4,22],[1,5],[3,-1],[6,0],[2,2]],[[1756,6931],[-2,4],[-1,10],[0,9],[1,14],[1,5],[2,7],[2,0],[1,-6],[1,-13],[0,-3],[0,-14],[-1,-8],[-2,-4],[-2,-1]],[[1755,6978],[-3,15],[7,-1],[1,-8],[-4,-2],[-1,-4]],[[6616,8716],[3,-3],[5,-1],[4,-5],[2,-5],[4,-13],[1,-7],[3,-7],[1,-5],[1,-6],[2,0],[1,-7],[-3,-3],[0,-3],[4,0],[1,-8],[0,-3],[-3,-1],[1,-5],[-1,-5],[-2,0],[-1,-6],[5,1],[1,-4],[0,-7],[1,-6],[2,2],[4,-12],[-1,-3],[4,-12],[2,-1],[3,7],[0,-10],[2,1],[1,-14],[-1,-3],[0,-5],[2,-17],[0,-8],[-2,-6],[-1,-8],[-1,-1],[-2,-10],[-3,-1],[-3,2],[1,-7],[-4,-1],[-2,6],[-2,12],[-3,9],[-1,1],[-1,5],[1,7],[-4,-4],[0,-6],[-1,-7],[-5,2],[-1,7],[2,5],[-2,4],[-3,-3],[0,7],[-2,14],[-2,7],[1,31],[2,7],[3,11],[-2,7],[-4,2],[-1,9],[5,4],[-1,4],[-4,-2],[-3,4],[-5,5],[-2,4],[-2,6],[-2,1],[-2,10],[-2,10],[0,5],[0,13],[1,9],[2,2],[3,7],[6,1]],[[6632,8394],[2,-9],[-1,-9],[-3,-3],[-3,4],[-1,6],[2,1],[0,6],[2,-1],[0,-5],[2,1],[0,9]],[[6649,8750],[4,0],[1,-5],[-2,-2],[-1,5],[-2,-1],[-2,-11],[-2,0],[0,10],[4,4]],[[6618,8432],[2,-7],[-1,-4],[-2,-3],[-2,4],[0,9],[3,1]],[[6642,8736],[2,-6],[-3,-6],[-3,3],[3,9],[1,0]],[[6642,8522],[0,-6],[-2,-3],[-1,10],[1,4],[2,-5]],[[6651,8497],[2,-1],[-2,-13],[-2,2],[1,12],[1,0]],[[6672,8562],[0,-6],[-2,-8],[-2,7],[4,7]],[[6627,8331],[1,-3],[-1,-4],[-2,4],[2,3]],[[6624,9313],[0,-6],[-1,-4],[-2,5],[3,5]],[[5538,3097],[3,-9],[0,-4],[-1,-11],[3,-16],[2,1],[1,-6],[-1,-5],[2,-13],[0,-15],[1,-16],[1,-8],[2,-20],[0,-4],[1,-6],[0,-6],[1,-11],[1,-21],[-1,-4],[-2,0],[1,-11],[-1,-15],[-2,-3],[1,-4],[-1,-17],[-1,-6],[-1,-8],[-1,-10],[0,-4],[-1,-16],[1,-11],[2,-3],[-1,-11],[1,-9],[-1,-11],[1,-6],[0,-12],[-4,-6],[-1,-5],[1,-4],[0,-7],[-3,-9],[0,-6],[-2,-2],[-1,-5],[2,-8],[-1,-4],[3,-13],[-2,-2],[0,-5],[-2,-7],[-1,-13],[-2,-2],[0,19],[-1,15],[-1,4],[-2,15],[2,2],[-3,6],[3,4],[1,9],[-1,10],[1,15],[1,11],[-2,5],[2,5],[0,8],[-2,4],[-4,3],[-1,0],[-1,6],[1,6],[0,10],[0,8],[0,10],[-3,6],[0,13],[3,2],[1,12],[-1,1],[2,9],[0,6],[1,4],[1,10],[-2,10],[-1,8],[0,8],[-1,6],[1,16],[-1,5],[1,14],[-1,11],[0,25],[1,15],[0,27],[1,3],[1,30],[3,11],[2,2],[2,0]],[[5568,2369],[2,-6],[4,-5],[3,-14],[2,-4],[7,-6],[5,-9],[3,-3],[2,0],[2,3],[3,9],[1,-1],[-1,-8],[0,-12],[-1,-5],[-2,-19],[-5,4],[-2,-3],[-2,3],[-3,-1],[-1,-2],[-2,0],[-1,4],[-3,3],[-4,1],[3,-9],[0,-6],[-4,1],[-1,5],[-4,5],[-2,5],[2,11],[-3,8],[-1,4],[-3,3],[3,7],[2,10],[-1,6],[0,19],[2,2]],[[5609,2216],[4,-1],[3,-4],[8,-5],[3,2],[4,-7],[13,2],[3,-2],[2,1],[5,-4],[1,0],[3,-5],[4,-1],[-2,-10],[-1,-6],[-2,1],[-8,-5],[-7,5],[-3,0],[-6,11],[-5,0],[-1,-2],[-6,3],[-2,3],[-3,4],[-3,-3],[-2,0],[-5,6],[-2,10],[1,5],[4,2]],[[5826,2173],[2,-2],[2,-7],[0,-14],[-3,-16],[-4,-5],[-3,-6],[-4,-5],[-4,1],[-2,5],[0,4],[0,14],[2,6],[0,12],[1,5],[3,0],[0,3],[3,4],[7,1]],[[5667,2190],[3,-3],[1,-6],[2,1],[3,-5],[0,-5],[2,-4],[2,1],[4,-4],[1,-5],[-3,-11],[-3,-4],[-4,-2],[-5,-9],[-3,6],[-2,1],[-1,6],[2,8],[0,6],[-1,8],[1,18],[1,3]],[[5524,2898],[0,-9],[-3,-11],[1,-11],[1,-9],[-1,-5],[2,-9],[-2,-6],[-2,0],[-3,3],[-1,13],[1,10],[1,4],[1,16],[2,8],[2,0],[1,6]],[[5603,2500],[3,-9],[1,-18],[1,-4],[-2,-8],[-1,-3],[0,-8],[-2,0],[0,13],[0,13],[-2,5],[-1,7],[1,6],[2,6]],[[5814,2215],[1,0],[2,-7],[-1,-8],[-8,-3],[-1,5],[2,6],[5,7]],[[5526,2617],[1,-14],[-1,-4],[1,-7],[0,-11],[-4,1],[1,18],[-1,7],[1,7],[2,3]],[[5821,2090],[2,-5],[-1,-4],[-6,-1],[-3,-3],[-4,0],[0,5],[3,0],[5,4],[2,1],[2,3]],[[5553,2326],[4,-3],[2,-3],[5,1],[0,-5],[-4,-6],[-1,4],[-3,3],[-3,-3],[-1,7],[1,5]],[[5526,2573],[1,-4],[0,-9],[-2,-13],[-1,2],[0,6],[0,16],[2,2]],[[5527,2399],[2,0],[1,-8],[-4,-4],[-1,3],[1,8],[1,1]],[[5491,2560],[1,-2],[0,-7],[-1,-5],[-2,3],[1,9],[1,2]],[[5537,3114],[1,-7],[-2,-2],[-2,3],[1,7],[2,-1]],[[5740,2103],[1,-5],[-1,-4],[-1,2],[-1,7],[2,0]],[[5525,2685],[0,-10],[-3,-3],[1,10],[2,3]],[[5550,2336],[1,-7],[-3,0],[0,3],[2,4]],[[5530,2788],[3,-4],[-3,-2],[0,6]],[[5812,2238],[0,-5],[-2,-2],[-1,2],[3,5]],[[2495,3081],[1,0],[2,-3],[-3,3]],[[6606,5458],[1,-1],[0,-12],[2,-6],[2,-1],[3,7],[1,-2],[1,11],[1,3],[4,-3],[1,2],[2,-4],[-3,-10],[2,-1],[1,-9],[5,8],[6,11],[1,-4],[-1,-5],[5,0],[5,-4],[4,-6],[2,-1],[2,5],[2,-10],[2,0],[1,5],[5,-3],[4,2],[2,-4],[2,6],[2,2],[2,-8],[2,4],[-1,4],[3,3],[2,-3],[1,5],[6,1],[4,-2],[4,-1],[1,4],[6,1],[5,-3],[2,7],[5,-1],[1,2],[9,-2],[10,0],[7,-2],[7,-2],[5,-3],[9,-1],[3,0],[4,2],[3,-1],[5,2],[1,-5],[4,-2],[10,1],[2,-4],[5,0],[1,-4],[4,7],[1,3],[4,1],[-4,-13],[-2,-7],[-3,-2],[-3,-5],[-4,-1],[-6,-13],[-3,0],[-3,6],[-2,1],[-2,-1],[-3,-4],[-2,-1],[-3,-5],[-5,-3],[-7,6],[-4,2],[-2,-3],[-3,0],[-4,-3],[-2,-4],[-2,-1],[-3,-5],[-2,-2],[-6,-5],[-4,0],[-3,-2],[-3,-7],[-3,-4],[-3,2],[-5,13],[-5,8],[-3,3],[-6,-4],[-3,-7],[-3,-2],[-2,-7],[-3,5],[-1,-5],[-3,1],[-1,-1],[-11,0],[-3,-1],[-12,0],[-5,1],[-5,0],[-2,-4],[-7,-4],[-1,-3],[-5,0],[-2,7],[-5,-3],[-6,-3],[-3,0],[-2,-2],[-1,3],[4,10],[-1,7],[1,9],[-1,8],[-5,4],[-4,9],[-2,-1],[-2,2],[0,9],[-2,-3],[0,-4],[-1,-11],[-1,-5],[-3,-1],[-2,8],[-1,10],[0,16],[2,5],[2,10],[4,-3],[2,2],[0,5],[-4,1],[2,11],[5,-1],[4,3]],[[6716,5337],[2,2],[1,-3],[2,2],[8,-16],[3,-6],[1,-9],[0,-9],[-2,-5],[0,-7],[-4,-28],[-1,-19],[0,-9],[1,-14],[2,-11],[2,-14],[4,-17],[4,-27],[0,-7],[3,-11],[1,-9],[0,-8],[5,-19],[3,-18],[0,-13],[-4,-15],[-1,-4],[-10,15],[-3,7],[-4,16],[0,6],[-1,4],[-2,19],[0,12],[0,10],[-3,13],[-3,11],[-1,6],[-2,6],[-3,13],[-4,12],[-2,10],[1,7],[1,10],[-1,15],[0,8],[-2,9],[-3,19],[0,18],[2,17],[3,8],[2,11],[1,2],[1,8],[2,5],[1,-3]],[[6834,5443],[2,-2],[1,-6],[3,-3],[-1,-8],[-2,-2],[-4,-1],[-4,4],[-5,2],[-3,-5],[-3,0],[-2,8],[2,4],[8,2],[3,2],[2,4],[3,1]],[[6635,5469],[0,-6],[3,-6],[-4,-2],[-1,5],[-5,-5],[3,12],[2,-1],[2,3]],[[6601,5397],[0,-8],[-3,1],[1,5],[2,2]],[[6897,9195],[3,-2],[3,-2],[1,-8],[2,0],[1,4],[4,0],[1,-5],[1,-8],[2,-5],[0,-5],[2,-4],[3,0],[1,-3],[-1,-10],[4,-5],[-1,-8],[1,-7],[-1,-4],[-2,-3],[-1,-5],[0,-10],[-1,-2],[1,-9],[1,-9],[4,-16],[2,-7],[2,-10],[1,-1],[3,-13],[0,-6],[-4,-6],[-2,0],[-2,-4],[-3,-2],[0,-9],[1,-1],[1,-9],[-3,-9],[-5,-8],[-3,-12],[-3,-1],[0,-4],[-2,-7],[0,-5],[2,-9],[-1,-8],[2,-4],[-1,-21],[-1,-8],[0,-8],[2,-5],[-3,-1],[-1,-9],[-2,0],[-1,-6],[-3,-7],[-5,-1],[-6,4],[-1,3],[-3,-1],[-2,-6],[-3,6],[-1,13],[0,12],[3,11],[1,7],[1,-1],[2,5],[2,1],[3,7],[-1,2],[3,6],[1,10],[3,10],[0,7],[2,16],[2,8],[4,8],[0,10],[1,6],[-2,7],[5,17],[-1,5],[-3,-8],[-3,-13],[-3,-1],[-3,9],[-3,2],[-2,0],[-3,5],[1,16],[-1,3],[-1,10],[-1,3],[-3,-1],[-1,2],[0,6],[0,7],[2,3],[-1,6],[0,4],[3,4],[-1,11],[2,3],[-1,3],[4,14],[-1,9],[2,1],[2,6],[-1,8],[0,8],[-1,2],[-1,11],[1,8],[3,11],[2,2]],[[6904,8778],[5,-4],[4,-15],[1,-2],[2,-7],[2,-11],[2,-10],[0,-3],[-3,-7],[-1,1],[-3,-9],[-1,6],[-3,3],[-2,0],[-2,3],[-1,5],[-1,3],[-2,6],[0,4],[-2,5],[-1,6],[-1,9],[-1,10],[0,8],[2,6],[2,1],[4,-8]],[[6869,8898],[1,-4],[3,-4],[2,-8],[-1,-15],[1,-9],[5,-11],[5,-10],[2,-1],[3,-7],[2,-10],[0,-7],[-1,-6],[-3,-4],[-3,-12],[0,-10],[3,-15],[-1,-4],[-2,-1],[-2,1],[1,5],[-2,9],[0,11],[-3,17],[1,6],[-1,8],[1,6],[0,9],[-2,5],[-2,-3],[-3,13],[0,6],[-1,8],[-2,3],[0,6],[-2,3],[1,17],[-2,6],[2,2]],[[6981,9305],[-4,0],[-1,8],[2,10],[3,9],[2,-5],[1,-9],[-1,-10],[-2,-3]],[[6966,9310],[3,-1],[3,-3],[-2,-9],[-3,0],[-3,5],[2,8]],[[6983,9289],[1,-3],[-1,-8],[-2,4],[0,5],[2,2]],[[6863,9797],[0,-6],[-2,-4],[-1,6],[1,5],[2,-1]],[[6985,9236],[-3,-5],[-2,2],[4,5],[1,-2]],[[8794,5562],[4,-6],[6,0],[1,-1],[5,-1],[2,-1],[2,2],[1,-2],[2,0],[3,-1],[1,-3],[4,0],[1,-2],[4,-1],[3,4],[4,-2],[1,2],[3,0],[1,-7],[3,3],[2,0],[2,-6],[2,1],[1,5],[2,-2],[3,2],[4,0],[6,-7],[2,0],[4,-4],[1,-8],[2,-2],[1,4],[3,-3],[0,9],[2,3],[8,3],[2,-4],[1,1],[4,-3],[1,2],[2,-1],[0,-5],[2,-1],[2,4],[4,-4],[2,4],[8,-5],[1,-3],[3,1],[2,5],[4,0],[1,-2],[3,1],[4,-1],[3,3],[4,-4],[3,1],[2,-1],[4,4],[2,-2],[2,-6],[2,-5],[11,-5],[1,-4],[4,-1],[5,-10],[6,-3],[3,-5],[3,1],[6,-3],[2,4],[4,1],[2,4],[0,4],[3,-3],[7,-2],[8,-5],[4,-3],[2,0],[7,-5],[0,2],[5,-1],[6,2],[3,-3],[3,2],[6,-3],[4,-1],[8,-6],[5,-3],[1,4],[4,-1],[2,-4],[12,-15],[5,-2],[3,-5],[2,-3],[-2,-3],[-3,0],[-2,-2],[-1,-8],[-3,-4],[-1,-4],[-9,5],[-2,4],[-2,0],[-4,-3],[-2,-5],[-3,1],[-7,5],[-3,-4],[2,-7],[-1,-5],[-2,-1],[-3,4],[-4,-9],[-2,-1],[-2,-8],[-4,-3],[-3,6],[-2,-2],[-1,2],[-6,-1],[-5,-3],[-1,3],[-3,-3],[-4,7],[-1,5],[-2,0],[3,-12],[5,-13],[-1,-2],[-5,3],[-2,5],[-3,1],[-3,-2],[-1,-7],[-4,7],[-2,-3],[-3,2],[-1,4],[-3,3],[0,-6],[-3,-1],[-2,7],[-3,-5],[-2,8],[-4,1],[0,3],[-5,-3],[-2,2],[-3,-5],[-2,-4],[-3,-3],[-2,-6],[-1,-10],[-3,14],[-1,0],[-4,-11],[-1,5],[1,6],[-2,7],[-1,-3],[-3,9],[-2,-6],[-2,4],[-1,-3],[-4,9],[-3,3],[-5,0],[-3,5],[-3,0],[-4,-3],[-2,2],[-3,9],[-3,1],[-2,6],[-2,-3],[-2,2],[-3,0],[-4,2],[-1,9],[-3,4],[-3,5],[-1,1],[-3,12],[-1,-2],[-2,8],[-3,-4],[3,-10],[-3,-6],[0,7],[-3,9],[0,7],[-3,6],[-3,0],[-1,-4],[4,-8],[-3,-4],[-2,12],[-3,-7],[-3,7],[0,7],[-3,1],[-1,-4],[-2,1],[-2,-3],[-1,1],[-4,-3],[4,11],[1,0],[0,7],[-2,-1],[-2,3],[-3,-5],[-4,8],[0,12],[-2,-5],[-3,3],[-4,-7],[-3,0],[-1,-3],[-2,7],[-3,0],[0,7],[-2,0],[-3,-8],[-2,1],[-2,7],[-2,2],[-1,-2],[-5,4],[-2,5],[-3,2],[-1,-7],[-4,-2],[-1,2],[2,6],[-2,3],[-3,-7],[1,-8],[-4,7],[-4,-3],[-2,17],[1,5],[-2,6],[-3,-6],[-1,4],[0,7],[0,7],[-6,3],[1,4],[3,-1],[5,2],[1,-1],[3,1]],[[8717,5641],[1,-4],[3,0],[2,-1],[1,-9],[2,1],[1,5],[1,-1],[2,1],[0,-5],[3,4],[5,4],[0,-9],[-2,-3],[0,-6],[2,1],[1,-3],[2,4],[-1,3],[2,7],[2,0],[1,-6],[-2,-5],[2,-3],[0,-4],[1,-4],[2,9],[0,6],[-1,8],[3,0],[0,-4],[5,8],[0,-6],[5,-5],[3,6],[1,-5],[-2,-10],[-4,-2],[-2,-4],[-3,-1],[-2,3],[-3,-6],[-4,-1],[-2,5],[-5,-1],[-4,2],[-2,3],[-2,1],[1,-6],[-3,2],[-2,-2],[-3,5],[-1,5],[-2,-3],[-3,6],[-4,-5],[-1,4],[1,7],[4,6],[-1,4],[2,4]],[[9131,5425],[2,-2],[2,-7],[3,-11],[-2,-3],[-2,4],[-6,3],[-5,7],[0,-3],[-7,5],[0,6],[3,-2],[6,0],[6,3]],[[8980,5380],[3,-6],[2,7],[3,-22],[-2,-11],[-3,5],[-1,6],[-2,6],[2,1],[-2,6],[-1,7],[1,1]],[[8867,5452],[3,-9],[-4,-10],[-2,3],[0,8],[1,8],[2,0]],[[8970,5391],[0,-4],[2,-2],[-1,-10],[3,-5],[-2,-9],[-1,4],[-1,16],[-1,5],[1,5]],[[8995,5382],[2,-4],[-1,-4],[-3,-2],[-1,4],[3,6]],[[8862,5466],[0,-4],[-4,-4],[0,9],[4,-1]],[[1439,5389],[1,-3],[2,-18],[2,-11],[0,-5],[3,-11],[3,-1],[6,-7],[2,-7],[1,-6],[-1,-10],[6,-15],[1,-1],[2,-6],[-1,-7],[1,-4],[1,-8],[3,-3],[2,-6],[-1,-4],[1,-5],[0,-6],[4,-9],[1,-4],[2,-4],[1,-8],[3,-2],[-2,-4],[-4,6],[-3,-11],[-3,0],[-2,-6],[-1,-15],[-3,-9],[-2,-1],[-1,-10],[1,-7],[-1,-8],[-4,-11],[-1,-8],[-1,-6],[-5,-8],[-3,4],[-3,-3],[-3,2],[-2,-5],[-4,4],[-1,6],[-3,0],[-2,-17],[-3,0],[-2,4],[-5,2],[1,-10],[-1,-22],[2,-6],[0,-5],[0,-15]],[[1423,5059],[0,0],[0,0],[-1,3],[-9,13],[-4,5],[-10,16],[-3,8],[-3,2],[-1,3],[-17,28],[-8,15],[-3,9]],[[1364,5161],[-1,10],[0,6]],[[1363,5177],[19,35],[0,10],[5,-4],[3,6],[2,9],[0,4],[-2,18],[2,3],[1,7],[4,-3],[1,1],[3,9],[-2,4],[0,7],[-2,7],[0,8],[-3,11],[-1,-2],[-4,0],[-18,2],[-6,0],[-4,-4],[-7,-18]],[[1354,5287],[-8,33],[1,14],[-1,4],[-3,3],[-2,8],[-5,14],[-4,7],[1,8],[4,9],[1,9],[2,10],[-4,20],[-1,9],[0,7],[-3,4],[0,9],[-2,10],[1,5],[-1,6],[0,35]],[[1330,5511],[1,1],[4,-6],[2,-8],[1,-2],[3,9],[1,11],[1,-2],[2,-20],[3,-6],[3,3],[1,-3],[2,8],[6,9],[3,0],[6,-3],[4,2],[1,6],[3,-3],[3,-1],[3,2],[2,3],[1,-2],[3,1],[0,5],[2,4],[4,-4]],[[3243,6063],[2,8],[0,5],[-2,6],[-7,-7],[-3,3],[-2,6],[2,10],[-1,8],[-3,8],[-2,7],[-3,1],[-2,-10],[-3,1],[0,-4],[-2,0],[-1,6],[1,16],[3,7],[7,12],[2,11],[3,4],[-1,15],[2,6],[7,11],[1,5],[3,5],[2,9],[4,2]],[[3250,6214],[2,-1],[3,8],[1,8],[3,-1],[1,7],[1,2],[0,6],[2,2],[3,5],[-1,7],[2,4],[-1,12],[3,6],[5,-1],[2,-6],[3,1],[1,-13],[1,-3],[5,-1],[4,-6],[2,4],[2,3],[4,3],[2,-2],[4,2],[4,-9],[5,-6],[1,3],[4,1],[4,-7],[2,7],[1,12],[2,6],[6,8],[3,-2],[2,-3],[0,-6],[-3,-5],[-1,-8],[1,-7],[3,0],[0,-2],[0,-9],[3,-3],[3,6],[0,5],[3,4],[1,7],[-1,4],[0,14],[-2,14],[6,11],[2,8],[4,9],[2,3],[3,-1],[10,-7],[8,-16]],[[3380,6291],[1,-8],[5,-15],[3,-11],[3,-21],[-1,-5],[0,-12],[0,-11],[2,-14],[2,-10],[-1,-12],[2,-31],[3,2],[6,-3],[4,-7],[4,6],[3,0],[2,-1],[2,2],[3,7],[3,0],[6,5],[2,7],[7,13],[1,7],[-1,8],[1,9],[2,6],[3,6],[-1,10],[3,7],[4,11],[2,1],[3,-3],[1,-3],[2,-2],[2,-6],[6,-2],[10,-11],[2,1],[5,-1],[7,2],[1,2]],[[3494,6214],[2,-4],[5,-1],[3,-5],[4,-2],[6,2],[4,-4],[1,-3]],[[3519,6197],[2,-7],[1,-6],[1,-9],[3,-9],[1,-7],[1,1],[5,0],[0,-8],[-1,-7],[-3,-4],[-1,-5],[-5,-18],[0,-3],[4,-15],[0,-7],[0,-11],[-1,-9],[-1,-4],[1,-25],[-5,-26],[1,-8],[0,-13],[-3,-10],[-2,0],[-4,11],[-2,0],[-2,-8],[1,-6],[2,-11],[0,-4],[-4,-6],[-2,-1],[-4,-5],[-2,-9],[1,-7],[5,-2],[1,-3],[0,-6],[-1,-18],[1,-1],[11,-4],[3,-5],[1,-7],[2,-2],[9,-35],[-1,-16],[0,-6],[-6,-23],[0,-5],[1,-6],[4,-9],[0,-13],[0,-8],[3,-9],[6,2],[3,-1],[0,-21],[2,-5],[7,-8],[3,-9]],[[3555,5721],[-8,-2],[0,-10],[-2,-9],[-9,-21],[-5,-9],[-2,-2],[-7,-2],[-2,-6],[-2,-3],[-5,3],[-4,-1],[-4,-9],[-1,-6],[-1,-8],[0,-15],[-2,-8],[0,-11],[1,-7],[-1,-6],[-5,0],[-3,-3],[-2,0],[-1,4],[0,8],[-2,2],[-2,-3],[-3,0],[-4,-13],[-2,0],[-3,4],[-1,9],[-3,0],[-3,-11],[-3,-12],[-1,-2],[-7,-1],[-3,-5],[-2,-12],[-2,-4],[-5,-7],[-1,-3],[1,-5],[-1,-17],[2,-5],[4,2],[3,-6],[0,-8],[1,-6],[4,-5],[2,2],[3,4],[2,6],[1,10],[2,7],[2,2],[3,-5],[4,-12],[0,-5],[0,-11],[2,-12],[0,-8],[0,-12],[-1,-11],[-4,-9],[-2,-7],[-1,-12],[-1,-20],[2,-6],[2,-5],[1,-7],[-1,-12],[-3,-10],[2,-6],[7,0],[8,-22],[0,-10],[1,-3],[6,-1],[-1,-17],[-5,-7],[-1,-8],[2,-28]],[[3489,5255],[1,-14],[2,-7],[0,-4],[-1,-10],[-2,-4],[0,-8],[0,-3],[-5,-11],[-2,-11],[0,-5],[3,-11],[3,-6],[2,-13],[2,-23],[2,-15],[2,-18],[2,-23],[0,-12],[0,-18],[2,-19],[0,-15],[4,-32],[0,-9],[-1,-13],[-2,-6],[0,-6],[2,-8],[3,-3],[4,0],[2,-8],[0,-13],[-3,-7],[-2,-13],[-4,-7],[-4,-3],[-2,-6],[-4,-2],[-2,-4],[-4,-3],[-5,-1],[-5,-6],[-1,-3],[-1,-12],[-1,-6],[-4,-7],[-2,-9],[-5,-4],[-4,-2],[-3,1],[-5,-3],[-2,-6],[-9,-8],[-3,-7],[-6,0],[-2,-4],[-2,-5],[-5,-12],[-3,-12],[-2,-15]],[[3417,4741],[-1,-3],[-1,-5],[-4,-5],[-6,-10],[-1,-3],[-5,-5],[-5,7],[-1,3],[1,7],[-4,12],[1,4],[5,-5],[0,5],[0,9],[-1,26],[-2,21],[-2,9],[-4,13],[-4,6],[-3,2],[-3,0],[-3,-4],[-1,-3],[-5,-1],[-4,-5],[-4,-6],[-10,-13],[-7,-13],[-1,-2],[-4,-9],[-4,-8],[-7,-17],[-4,-11],[-1,8],[-3,7],[-4,3],[-2,5],[0,12],[-2,12],[-5,16],[3,9],[3,11],[1,8],[2,15],[0,10],[0,11],[-2,12],[-7,12],[2,12],[-1,3],[1,8],[0,4],[-2,6],[-1,18],[-1,4],[-3,5],[-6,4],[-3,0],[-2,5],[1,3],[2,9],[2,2],[3,9],[1,7],[0,15],[1,13],[-1,13],[-1,2],[0,6],[-1,16],[0,4],[-5,12],[-2,3],[1,13],[-1,19],[-1,12],[0,10],[0,9],[-1,9],[-2,8],[-4,19],[-2,8],[-4,4],[-5,-4],[1,6],[2,-2],[3,4],[1,9],[0,8],[-1,16],[3,7],[1,7],[2,17],[0,9],[1,12],[-1,18],[-1,10],[1,7],[-2,4],[0,6],[-1,14],[-2,11],[-4,20],[-2,5],[-5,7],[-6,5],[-5,7],[-4,9],[-7,11],[-4,5],[-2,5],[-3,10],[3,2],[2,5],[-3,8],[1,19],[3,-2],[4,1],[-2,6],[4,2],[6,13],[3,13],[4,10],[2,10],[2,12],[2,47],[-1,14],[-1,15],[0,7],[1,12],[2,8],[2,8],[1,9],[-1,15],[3,8],[1,10],[-1,16],[-1,5]],[[3282,4926],[2,-3],[-1,-4],[2,-4],[-2,-5],[1,-6],[0,-6],[1,-5],[-1,-11],[-4,-3],[0,-2],[-3,0],[-2,-2],[-4,5],[-1,3],[-3,0],[5,10],[2,17],[1,5],[2,2],[2,9],[3,0]],[[3294,4821],[7,-18],[0,-6],[-3,-9],[-3,-4],[-6,10],[-1,-3],[-1,3],[0,7],[4,2],[2,11],[-1,4],[2,3]],[[3410,2018],[9,-3],[0,-10],[5,-2],[1,-4],[-2,-6],[2,-2],[1,3],[4,-7],[0,-6],[-3,-3],[-1,-12],[-1,-2],[0,-15],[-3,-14],[-1,-4],[-3,-12],[-2,-2],[-1,-7],[-3,-10]],[[3376,1900],[-3,-3],[0,5],[-4,7],[-1,5],[-4,2],[0,14],[-5,62],[0,12],[-1,8],[-1,26],[-3,11]],[[4448,1452],[-2,-1],[-2,-3],[-3,-8],[-4,-2],[-6,-1],[-2,1],[-4,0]],[[4464,1380],[2,1],[2,-3],[2,-6],[1,-11],[2,-7],[1,-5],[3,-6],[2,-8],[2,-10],[-4,-11],[-2,-13],[-2,-7],[-3,4],[-2,0],[-1,3],[-4,4],[-4,0],[-1,8],[-3,6],[-2,0],[-1,3],[-2,2],[-2,7],[-3,5],[-3,0],[1,7],[-2,7],[5,13],[1,7],[3,4],[0,5],[3,1],[4,-3],[6,2],[1,1]],[[4443,1386],[3,-2],[1,-5],[-4,-11],[-4,-1],[-2,7],[4,2],[1,9],[1,1]],[[4445,1372],[-1,-7],[-3,-8],[-1,6],[5,9]],[[5750,3793],[2,10],[-1,14],[2,9],[3,27],[3,20],[1,9],[1,11],[1,20],[-1,13],[-1,14],[2,15],[0,6],[1,8],[1,6],[-1,7],[1,4],[-1,12],[1,3],[3,-3],[-1,-7],[1,-5],[4,2],[3,10],[1,9],[0,9],[1,8],[1,5],[-1,2],[1,6],[3,-2],[1,12],[1,6],[0,13],[-2,11],[0,12],[1,9],[0,5],[-4,3],[-1,6],[-2,1],[-4,7],[-1,-3],[-3,6],[-8,9],[-6,0],[-4,5],[-2,-9],[-1,2],[-4,9],[-3,4],[-9,-3],[-5,8],[-1,4],[-2,13],[-4,10],[-1,18],[-3,15],[-2,2],[-2,-2],[-2,-7],[-1,-6],[-5,-1],[0,4],[4,14],[-1,3],[-2,0],[-2,7],[3,2],[1,4],[-1,11],[-3,7],[-5,1],[-5,-3],[-3,-1],[-2,2],[-2,15],[-3,11],[-9,21]],[[5671,4292],[2,3],[10,23],[5,7],[9,9],[6,10]],[[5703,4344],[2,-5],[6,-13],[6,-3],[4,1],[2,5],[0,5],[-2,5],[3,11],[5,11],[4,8],[4,3],[2,-1],[3,-7],[1,-7],[-1,-22],[-1,-12],[1,-5],[6,-10],[6,-4],[4,-5],[4,-7],[2,-6],[4,-14],[4,-12],[7,-11],[1,-5],[1,-21],[1,-5],[1,-11],[2,-5],[8,-1],[6,-21],[1,-7],[0,-4],[-3,-1],[-2,-4],[0,-8],[5,-9],[5,-3],[8,-25],[1,-4],[1,-19],[0,-8],[1,-6],[0,-6],[1,-17],[0,-13],[0,-5],[-5,-17],[-1,-16],[0,-9],[-3,-2],[0,-6],[1,-6],[3,-1],[1,-3],[4,-12],[3,-26],[1,-9],[2,-18],[-1,-8],[1,-10]],[[5741,4092],[-1,-1],[-1,-14],[5,-3],[2,8],[3,-1],[2,-4],[-1,-4],[-3,-2],[1,-7],[-5,3],[-1,-5],[1,-9],[1,-10],[-5,8],[-2,-1],[-3,-4],[0,8],[1,1],[0,12],[-2,2],[-1,5],[1,3],[3,-2],[2,6],[1,11],[2,0]],[[5755,4028],[1,-5],[-3,-1],[0,-7],[-3,4],[2,8],[3,1]],[[5728,4095],[0,-4],[2,-5],[-2,-3],[-3,7],[3,5]],[[5703,4344],[-1,4],[-1,21],[-1,8],[-3,4],[-3,10],[-2,6],[-3,4],[-3,11],[-4,5],[-1,8],[1,4],[-1,6],[-3,2],[-3,8],[1,5],[-1,6],[2,1],[1,5],[2,0],[2,14],[-5,8],[-2,7],[3,13],[-1,6],[0,8],[2,3],[2,9],[1,3],[1,28],[2,-3],[1,3],[3,11],[7,11],[0,6],[2,10],[5,2],[6,-1],[2,-11],[4,-23],[2,-11],[4,-12],[4,-7],[7,-7],[6,-5],[6,2]],[[5744,4526],[8,-36],[4,-18],[2,-4]],[[5758,4468],[3,-12],[1,-6],[1,-12],[1,-7],[0,-12],[0,-6],[3,-11],[3,-15],[1,-8],[2,-20],[3,-13],[5,-15],[-1,-11],[2,-17],[1,-5],[4,0],[5,4],[4,-5],[1,-12],[2,-1],[1,-10],[3,1],[3,6],[2,-2],[6,8],[2,7],[4,10],[9,-3],[5,-10],[2,-4],[-2,-11],[0,-5],[2,-6],[2,-3],[2,-5],[4,-6],[1,-3],[5,-6],[7,-27],[2,-14],[-1,-26],[-1,-19],[-1,-5],[-1,-15],[1,-18],[1,-18],[3,-12],[3,-8],[1,-15]],[[5864,4065],[4,-31],[1,-11],[0,-17],[-1,-27],[0,-47],[-2,-8],[-5,-2],[-1,-3],[-15,0]],[[5671,4292],[-2,8],[-3,12],[-4,7],[-3,3],[-2,0],[-3,4],[-4,8],[-3,13],[-3,7],[-5,11],[-3,2],[0,5],[-2,5],[0,5],[-2,1],[-1,6],[-3,4],[0,5],[0,5],[-2,9],[-4,9],[0,5],[-1,5],[-1,19],[-1,25],[0,5],[2,6],[3,3],[2,8],[-1,8],[4,10],[2,10],[2,4],[2,7],[4,2],[0,7],[0,16],[2,8],[2,11],[10,9],[0,9],[2,14],[4,4],[3,-5],[-2,14],[0,19],[1,4],[-1,16],[-1,6],[2,11],[-1,9],[1,4],[-1,7],[-2,3],[0,8],[1,0],[0,6],[5,-3],[1,14],[2,2],[1,3],[-3,3],[-1,9],[-1,0],[-1,6],[1,5],[3,-7],[1,5],[-1,4],[0,6],[1,1],[0,9],[1,5],[-3,9],[1,6],[-2,4],[1,4],[0,10],[-1,6],[-2,-2],[1,-8],[-1,-2],[-4,7],[1,2],[-1,8],[0,14],[-3,4],[1,-8],[-1,-5],[-1,-5],[-2,5],[-4,2],[-1,-7],[1,-4],[1,-7],[-1,-2],[-1,10],[-2,7],[1,6]],[[5646,4834],[6,6],[2,8],[1,6],[1,3],[4,0],[3,2],[3,5],[9,-7],[2,-4],[5,-10],[2,0],[2,-2],[1,-7],[2,-4],[1,-9],[2,-3],[4,2],[5,17],[7,3],[2,2],[2,5],[3,2],[3,-2],[2,-15],[2,-13],[3,-20],[1,-8],[-1,-5],[-4,-8],[-1,-6],[4,-18],[2,-5]],[[5726,4749],[3,-21],[-2,-9],[0,-16],[1,-4],[3,-7],[2,-9],[0,-7],[4,-4],[2,-22],[1,-5],[3,-5],[1,-6],[-1,-20],[0,-10],[-1,-17],[0,-15]],[[5742,4572],[0,-14],[-1,-17],[1,-4],[2,-11]],[[5758,4468],[2,7],[4,23],[3,4],[2,4],[9,-15],[5,-8],[4,3],[5,0],[2,-4],[0,-6],[-2,-4],[-1,-8],[1,-5],[2,-3],[6,-8],[6,-4],[3,2],[2,3],[3,0],[1,-5],[0,-13],[2,-14],[-1,-6],[2,-11],[3,-11],[2,3],[3,5],[5,3],[3,3],[6,-6],[2,0],[3,4],[3,0],[2,-2],[9,-6],[5,-6],[3,-5],[2,-7],[3,-6],[3,-2],[3,-13],[-3,-6],[0,-6],[2,-8],[0,-7],[1,-6],[2,-1],[3,-10],[5,0],[5,-6],[4,3],[1,-9],[1,-6],[3,-5],[2,-7],[2,3],[2,8],[4,3],[4,-3],[8,-12],[2,-5],[0,-7],[1,-14],[0,-2],[5,-8],[1,-4],[0,-15],[1,-4],[3,-1],[2,-4],[1,1],[3,7],[9,-2],[4,0],[0,3],[3,3],[-1,5],[1,6],[2,-1],[2,4],[2,-1],[0,9],[2,0]],[[5967,4249],[3,-1],[4,-15],[1,-4],[1,-17],[4,-7],[3,1],[0,-3],[4,-3],[6,5],[2,0],[6,4],[0,-3],[5,1],[4,-3],[0,-9],[0,-4],[-1,-6],[-3,2],[0,-6],[-4,-2],[-1,-6]],[[6001,4173],[-1,0],[-5,4],[-3,1],[-7,-1],[-2,0],[-4,4],[-3,15],[-6,0],[-3,-5],[-3,-13],[0,-16],[-3,-24]],[[5961,4138],[-4,-2],[-3,2],[-8,4],[-2,3],[0,-6],[-2,-3],[1,-8],[-4,2],[0,5],[-3,-5],[-2,5],[-1,6],[-2,-4],[1,-3],[-3,-3],[1,8],[-3,0],[-2,7],[-2,-7],[-1,3],[-4,-3],[-2,2],[-2,-1],[-6,-14],[-1,-6],[-2,-2],[-1,-6],[0,-7],[-5,-5],[-2,-5],[-6,-7],[-3,-5],[-2,-1],[-1,-7],[-1,-2],[-3,1],[-3,-1],[-4,-5],[-4,2],[-6,-5]],[[5726,4749],[4,-2],[2,-3],[5,-10],[1,-2],[6,-2],[4,-4],[1,8],[6,13],[4,2],[2,4],[2,6],[3,10],[1,11],[2,1],[2,-1],[8,11],[3,-1],[5,6],[4,-2],[2,1],[4,-3]],[[5797,4792],[2,0],[2,-6],[3,-5],[3,2],[2,-4],[3,0],[3,-6],[1,-5],[1,-2],[3,1],[4,-7],[2,-2],[2,-6],[1,-2],[6,5],[2,-4],[7,-7],[5,-4],[1,3],[4,5],[4,0],[3,6],[6,5],[7,-1],[2,4],[3,2],[2,-3],[2,-5]],[[5883,4756],[-3,-7],[-27,-77],[-22,-60],[0,-2],[-3,-10],[-3,-5],[-5,-5],[-3,0],[-3,-4],[-3,10],[-3,-7],[-6,7],[-4,3],[-4,5],[2,11],[-4,11],[-3,9],[-3,4],[-5,-3],[-4,3],[-3,-8],[-3,-8],[-2,-9],[-7,-13],[-4,0],[-4,-9],[-12,-20]],[[6020,4207],[3,-3],[0,-5],[-2,-4],[-2,1],[-2,6],[1,4],[2,1]],[[6017,4194],[-1,-3],[-3,2],[3,4],[1,-3]],[[6087,4154],[2,-1],[4,-9],[5,-5],[2,-7],[4,-3],[2,2],[4,1],[2,5],[4,-1],[2,2],[6,-1],[2,-3],[6,-7],[0,-5],[6,-16],[1,-8],[0,-10],[-2,-5],[1,-6],[-1,-8],[-2,-7],[-2,-5],[-2,-1],[-3,-10],[0,-5],[-6,-17],[-3,-4],[-2,-10],[-1,-9],[-4,-10],[-3,-3],[-2,1],[-3,4],[-6,3],[-2,3],[-8,13],[-3,10],[-4,0],[-2,21],[-2,2],[-1,6],[-3,9],[0,7],[-2,4],[-2,17],[2,3],[-2,13],[2,1],[1,8],[2,-3],[2,1],[1,11],[2,7],[3,2],[0,9],[3,9],[1,7],[1,-2]],[[5961,4138],[0,-6],[2,-4],[3,-2],[2,-2],[2,-14],[1,2],[3,-12],[3,2],[-1,-8],[4,-5],[1,3],[4,5],[5,5],[0,-7],[4,-2],[1,4],[4,29],[1,2],[4,4],[3,9]],[[6007,4141],[2,-3],[0,-7],[1,-10],[0,-7],[-2,0],[-1,-9],[0,-12],[1,0],[2,-9],[0,-20],[3,-15],[4,1],[3,-5],[-1,11],[-1,3],[0,4],[4,-4],[3,-4],[1,4],[2,-1],[0,-6],[2,-2],[2,0],[2,3],[5,-3],[4,9],[3,-7],[1,2],[-1,8],[1,7],[-6,10],[-1,7],[-3,0],[-3,4],[0,4],[-1,3],[-1,5],[-1,2],[1,5],[5,-3],[2,1],[3,-1],[1,3],[3,1],[4,-9],[2,-13],[2,-4],[1,-10],[2,-4],[0,-6],[2,-19],[0,-8],[2,-10],[-1,-7],[0,-9],[3,-4],[-1,-8],[0,-5],[-2,-2],[-2,-9],[0,-16],[0,-9],[1,-3],[2,-2],[0,-5],[-1,-6],[1,-4],[-1,-9],[1,-11],[-2,-7],[0,-4],[-3,-12],[-7,0],[0,-4],[-1,-8],[-1,-6],[-3,4],[-1,7],[-6,7],[-3,6],[-1,0],[-4,12],[-2,3],[-2,11],[-2,-3],[-2,10],[-4,13],[-3,3],[-3,-1],[-2,-7],[1,-10],[0,-3],[4,-4],[2,-7],[1,-4],[1,-4],[0,-5],[5,-9],[2,-6],[5,0],[1,-12],[0,-15],[0,-9],[-3,-11],[-2,-2],[-6,7],[-1,6],[1,3],[-2,6],[-3,1],[-1,-2],[-1,-5],[2,-9],[-2,-5],[-2,-1],[-1,10],[0,9],[1,5],[-1,8],[-1,3],[-4,6],[-3,9],[-3,9],[-3,2],[-1,5],[-2,0],[-5,-3],[0,-9],[-2,-3],[-2,1],[-3,-4],[-2,-9],[-6,-3],[-1,-5],[-4,8],[-3,3],[-1,-6],[-2,2],[-3,6],[-3,0],[-2,-4],[-1,1],[-1,-5],[-2,-5],[-3,-1],[-2,-5],[-4,-1],[-1,-4],[-7,0],[-3,-4],[-9,-7],[-1,5],[-3,-1],[-4,4],[-3,-3],[-2,-9],[-5,-11],[-1,0],[-1,-6],[-5,-3],[-3,2],[-2,-3],[-3,3]],[[5883,4756],[1,-3],[-1,-8],[1,-7],[3,-9],[2,-3],[5,-5],[2,0],[8,-5],[1,-3],[-2,-29],[1,-4],[4,-6],[3,-10],[4,-12],[1,-1],[5,3],[2,-6],[3,2],[2,-1],[2,-6],[3,-5],[1,-7],[-1,-12],[-3,-15],[0,-4],[1,-6],[-1,-10],[1,-6],[2,-6]],[[5933,4572],[-3,-10],[0,-5],[-3,-5],[2,-3],[-1,-11],[1,-17],[2,0],[2,-6],[2,0],[1,4],[3,-1],[0,-5],[3,-7],[2,3],[3,-2],[0,-4],[3,-9],[0,-11],[-2,-6],[0,-9],[-2,-7],[-3,2],[2,4],[-1,7],[-1,6],[1,6],[-2,1],[-2,6],[-2,-4],[-1,-7],[-1,5],[1,9],[0,9],[-2,8],[-2,-7],[-4,7],[0,3],[-3,-1],[-1,-6],[-3,-10],[-2,5],[-3,0],[1,-6],[2,-10],[4,-11],[1,0],[4,-10],[0,-6],[2,-4],[-1,-6],[-4,-14],[-1,-20],[-1,-1],[0,-10],[-4,-6],[-2,2],[-3,-2],[-3,1],[-4,-4],[0,-13],[0,-10],[1,-2],[1,-6],[3,-6],[2,-8],[4,-6],[0,-5],[4,-4],[0,-3],[3,-4],[3,-1],[3,-8],[0,-4],[1,-3],[1,-6],[2,-4],[3,-9],[2,-1],[3,-5],[5,8],[1,5],[3,-12],[4,0],[3,3],[2,-3],[1,-16],[2,-10],[3,-8],[-1,-7]],[[5962,4471],[1,-4],[4,-8],[0,-7],[-2,-1],[0,-4],[-2,0],[1,-8],[-3,-5],[-2,1],[-3,14],[-1,1],[-1,8],[0,10],[-2,4],[1,13],[0,12],[2,3],[1,-2],[0,-11],[2,-6],[4,-10]],[[5936,4420],[2,-5],[3,-1],[0,-4],[-3,-2],[0,-6],[4,-5],[3,-1],[0,-3],[-3,1],[-4,-5],[-4,1],[-2,3],[-4,-2],[-2,-4],[0,10],[4,19],[2,4],[4,0]],[[7228,4368],[-2,0],[-1,-7],[2,-6],[5,-9],[2,-7],[1,-8],[0,-8],[-5,-3],[-2,-3],[-1,-14],[-2,-2],[-3,-6],[-4,-3],[-2,1],[-4,-3],[-3,4],[-6,-4],[0,-12],[-4,-2],[-4,-4],[-5,-8],[-1,1],[3,13],[4,5],[2,6],[0,3],[1,8],[3,8],[1,8],[3,2],[3,10],[2,6],[5,13],[2,0],[2,5],[3,4],[-1,5],[-2,1],[-2,-3],[-3,0],[-3,-4],[0,-5],[1,-5],[-3,-3],[-2,1],[-4,-3],[-8,-12],[-1,0],[-2,-6],[-2,-10],[-2,-5],[-2,5]],[[7187,4312],[-2,4],[-2,5],[-4,3],[-2,4],[-1,12],[1,2],[1,9],[2,3],[3,-5],[2,1],[2,5],[3,5],[3,-2],[4,2],[3,4],[9,1],[2,-3],[1,6],[0,7],[3,10],[1,2],[1,4],[3,-1],[1,5],[2,-3],[5,-13],[0,-6],[0,-5]],[[4743,5889],[2,-4],[5,-4],[3,2],[5,-5],[1,-10],[2,-5],[3,-5],[1,-6],[3,0],[5,-10],[5,-4],[1,1],[4,-3],[1,-3]],[[4784,5833],[-1,-8],[0,-7],[-2,-11],[-2,-9],[-4,-7],[-2,-7],[-4,-8],[-5,-10],[-6,-8],[-4,-5],[-5,0],[-2,1],[-2,-3],[-2,1],[-5,-2],[-1,6],[2,7],[0,11],[-5,3],[-3,6]],[[4731,5783],[-3,8],[2,14],[-4,29],[-7,11],[-2,6],[3,14],[-1,7],[1,5],[2,-4],[2,1],[3,-2],[2,9],[1,8],[1,4],[5,-8],[4,-2],[3,6]],[[58,9790],[3,7],[4,-1],[0,10],[7,14],[5,3]],[[2246,3243],[-2,10],[-3,3],[0,9],[-1,4],[0,6],[-3,10],[-3,3],[-4,-2],[-2,-6],[-2,-1],[-1,-6],[1,-11]],[[2226,3262],[-3,-1],[-2,4],[0,5],[-1,8],[-2,9],[-2,3],[-1,13],[-3,2],[-2,0],[-1,6],[5,12],[2,-2],[0,6],[3,8]],[[2219,3335],[3,7],[0,3],[4,8],[2,-2],[1,-10],[2,0],[1,7],[2,-3],[1,-11],[2,5],[1,-1],[0,-8],[1,-1],[0,-7],[2,0],[0,-11],[3,0],[1,-8],[0,-9],[-3,-9],[1,-17],[2,-9],[2,-3],[2,-9],[-3,-4]],[[2724,2412],[4,-3],[0,11],[1,2],[-3,13],[5,-1],[-1,5]],[[4327,4382],[-3,4],[0,4],[-3,4],[-1,14],[-1,1],[-1,-5],[-4,4],[-2,1],[-3,6],[-1,10],[-7,0],[-3,2],[0,3],[-6,3],[-5,-1],[-7,-2]],[[4529,5095],[2,1],[3,9],[2,-1],[2,13],[0,10],[2,1],[4,-2],[4,2],[2,-5],[2,0],[3,4],[-1,4],[4,8],[2,-4],[3,4],[3,-1],[3,-5],[10,5],[15,-2],[0,5],[3,3],[8,-1],[6,-1],[2,-4],[0,-6],[4,-5],[4,-3],[7,0],[6,-3],[9,-6],[17,-9],[9,-6],[10,-11],[4,-4]],[[4683,5085],[-3,-29],[0,-3],[-4,-20],[-1,-15],[1,-4],[0,-9],[-4,-12],[-6,-6],[0,7],[-1,8],[1,4],[-1,16],[-4,5],[-7,2],[-2,-2],[-1,-9],[-3,-5],[-3,3],[-5,-1],[-2,4],[-3,-10],[-5,2],[0,3],[-3,3],[-2,-6],[-3,-3],[-1,3],[-2,-4],[2,-4],[2,4],[4,3],[1,-20],[-2,-1],[0,-6],[-2,-5],[0,-4],[1,-5],[0,-2],[-1,-3],[0,-3],[-2,-7],[-1,-6],[-2,0],[-3,5],[-1,6],[-3,2],[-2,-4],[-1,-1],[-1,0],[-1,2],[0,2],[0,2],[0,0],[0,-2],[-1,-2],[0,2],[-2,0],[0,0],[0,-1],[0,-1],[0,-2],[2,-5],[2,4],[3,2],[2,3],[2,-3],[0,-8],[1,-5],[3,-7],[1,4],[4,14],[6,10],[2,8],[1,8],[2,9],[3,8],[1,-8],[5,0],[3,-11],[1,2],[4,1],[-1,-5],[-6,-24],[-3,-17],[-1,-16],[-1,-20],[0,-27],[1,-20],[1,-3],[0,-8],[-1,-8],[-1,-20],[1,-8],[-4,-6],[-2,-11],[-5,-24],[-3,-11],[-3,-8],[-3,-11],[-2,-4],[-9,-1],[-2,4],[0,4],[-1,18],[0,11],[-1,5],[-5,7],[-2,8],[-4,7],[0,8],[0,8],[-1,4],[1,5],[-2,10],[-4,12],[-2,3],[0,-7],[3,-10],[1,-6],[-1,-8],[-5,1],[-2,4],[-2,-2],[5,-6],[4,-3],[0,-7],[-6,-17],[0,-9],[0,-7],[1,-5],[3,-2],[0,-6],[-2,-4],[-3,-3],[-3,-7],[4,-11],[3,-1],[1,-2],[3,1],[4,-2],[0,-11],[2,-3],[2,-14],[3,-2],[2,-6],[4,-1],[1,-8],[4,-3],[3,-5],[3,-4],[2,-8],[-9,-2],[-2,2],[-3,-2],[-5,-12],[-1,-7],[-5,4],[-6,10],[-2,-2],[-3,1],[-4,-6],[-3,3],[-2,-7],[1,-5],[2,-5],[2,10],[4,5],[7,-3],[2,-5],[4,-3],[1,-11],[2,-14],[-1,-5],[1,-8],[-1,-12],[-2,-1],[-3,-4],[-2,-5],[-6,-4],[-5,-5],[-2,1]],[[4580,4568],[0,2],[0,12],[-3,-5],[-2,3],[-5,-1],[-2,7],[-6,9],[-1,7],[-2,2],[-3,-3],[-2,-13],[-3,-1],[-1,-3],[-4,10],[0,6],[1,6],[3,7],[1,9],[-1,6],[-3,16],[-13,-8],[-4,-3],[-4,-1],[-1,-8],[-4,0],[-1,2],[-4,0],[-4,-6],[-2,0],[-2,17],[-3,5],[-1,5],[0,12],[-2,6],[-2,0],[-1,4],[1,7],[-2,1],[-1,9],[-3,0],[-2,-3],[-1,8],[-3,4],[-2,-4],[-2,7],[-2,0],[-2,-5],[-3,1],[-2,3],[-2,0],[-5,-4],[-2,5]],[[4618,4608],[2,-5],[3,-1],[-2,-9],[-1,-9],[1,-7],[-1,-4],[1,-7],[-1,-3],[0,-9],[-2,-19],[-2,-15],[0,-8],[1,-8],[2,-7],[5,-13],[3,-9],[2,-11],[1,-14],[-1,-16],[-2,1],[-7,-12],[1,-2],[0,-6],[0,-8],[1,-7],[3,-1],[3,-14],[-3,-7],[-1,-9],[3,-14],[-1,-18],[0,-4],[1,-5],[0,-13],[1,-8],[2,-4],[5,2],[-1,-8],[-1,-1],[-3,-20],[-2,-4],[-3,-2],[-1,-7],[-2,-1],[-1,-14],[3,-12],[2,-4],[0,-8],[3,-5],[-1,-8],[0,-7],[1,-3],[0,-8],[-4,-3],[-1,6],[-3,1],[-4,-11],[0,-3],[-2,-4],[-3,-1],[-4,-4],[-2,-7],[0,-7],[1,-8],[-3,0],[-2,-5],[-3,-3],[-1,-6],[-4,-13],[-2,-4],[-3,2],[-1,3],[-3,-4],[0,-5],[-2,-6],[-2,-4],[-4,9],[0,4],[-3,-2],[-4,11],[1,5],[2,1],[1,5],[-2,9],[2,7],[2,8],[-1,5],[1,11],[2,1],[1,6],[-2,10],[-3,4],[2,4],[0,8],[-1,4],[0,6],[0,10],[3,-1],[1,9],[0,10],[-2,13],[-4,19],[-5,14],[-1,6],[0,5],[-1,8],[-1,0],[-1,10],[-1,4],[1,7],[-1,6],[1,4],[-2,10],[1,5],[1,10],[1,6],[3,4],[1,8],[1,10],[0,4],[1,5],[1,10],[-2,7],[1,20],[-1,3],[2,8],[3,8],[2,9],[2,18],[2,10],[3,21],[-1,5],[1,3],[2,16],[0,5],[3,5],[3,-2],[1,5],[3,4],[6,11],[2,6],[4,6],[3,8],[2,6],[4,9],[1,-2]],[[4651,4520],[4,-3],[1,-10],[-1,-14],[1,-8],[-3,-18],[0,-7],[0,-17],[-1,-12],[-1,-5],[-1,-8],[0,-12],[0,-9],[-1,-12],[-1,-21],[-2,-1],[-1,-12],[-5,-3],[-1,10],[-1,15],[0,6],[-1,3],[0,6],[-1,10],[-2,6],[-2,1],[-2,-1],[0,4],[1,6],[0,7],[3,15],[1,13],[1,10],[1,8],[2,9],[3,6],[4,7],[2,8],[0,10],[3,13]],[[4594,4794],[4,-8],[3,-9],[1,0],[4,-9],[-4,-5],[-8,9],[-1,11],[1,11]],[[4630,5007],[2,-10],[0,-12],[-2,-11],[-5,-12],[0,5],[0,3],[0,2],[0,4],[0,2],[1,4],[0,5],[2,4],[0,15],[2,1]],[[4594,4740],[6,-5],[-1,-12],[0,-9],[-1,-2],[-3,4],[1,9],[-4,5],[-1,7],[0,2],[0,4],[1,4],[2,-7]],[[4512,3749],[-1,-8],[-6,-13],[-4,-2],[0,7],[1,3],[5,8],[3,7],[2,-2]],[[4589,4737],[2,-6],[-3,-4],[-1,2],[-1,1],[0,6],[2,3],[1,-2]],[[4631,4252],[-1,-16],[-2,-5],[-2,3],[4,15],[1,3]],[[4600,4712],[2,-4],[-1,-7],[-2,-1],[-1,10],[2,2]],[[4636,4368],[-2,3],[0,11],[2,-1],[2,-5],[-2,-8]],[[4496,3764],[-3,5],[4,8],[1,-4],[-2,-9]],[[4579,4647],[1,-3],[-1,-6],[-2,5],[2,4]],[[4515,3950],[0,-8],[-1,0],[-1,7],[1,3],[1,-2]],[[4489,3703],[0,8],[4,2],[-2,-8],[-2,-2]],[[4607,4959],[0,-1],[1,-1],[0,-2],[-2,-3],[-2,5],[0,1],[1,0],[-1,1],[1,1],[1,0],[0,-1],[0,-1],[1,1],[0,1],[0,2],[0,0],[0,-3]],[[4591,4739],[-2,0],[1,9],[1,-9]],[[4585,4737],[1,-3],[-1,-5],[-2,5],[2,3]],[[1978,7215],[5,-10],[3,-5],[-1,-12],[2,-8],[-1,-12],[0,-4],[-2,-6],[-1,-20],[1,-8],[-1,-8],[-1,-4],[-4,0],[-2,6],[-1,-8],[-4,-2],[0,-10],[2,-6],[2,-10],[-3,2],[-2,8],[-2,-10],[-1,2],[-4,13],[-1,2],[-1,6],[-2,-5],[1,-5],[2,-5],[1,-5],[-2,-4],[-5,6],[-2,8],[-2,7],[-3,-5],[-2,2],[-1,-3],[-5,2],[-2,7],[-5,10],[-1,17],[-3,13],[0,6],[4,-3],[0,-5],[3,-3],[1,-4],[2,6],[-2,9],[1,13],[-2,2],[-1,9],[1,2],[3,-2],[2,4],[1,-4],[3,0],[1,-3],[4,3],[2,10],[0,13],[4,8],[2,-2],[0,-5],[4,-2],[2,-7],[1,-7],[-1,-4],[0,-9],[4,0],[1,-4],[2,3],[-2,5],[1,4],[2,1],[0,4],[-4,6],[0,9],[1,5],[2,5],[2,-1],[3,4],[1,-2]],[[1962,7153],[-1,-7],[4,-9],[1,-9],[1,-4],[2,5],[3,-2],[0,-5],[5,3],[0,4],[-1,6],[-3,2],[-3,6],[-3,0],[-5,10]],[[1979,7074],[2,-6],[0,-7],[3,3],[2,-8],[1,0],[0,-9],[-1,-4],[1,-4],[3,3],[0,-7],[-1,-9],[2,-1],[2,2],[2,-3],[4,5],[5,-4],[2,-8],[3,3],[2,-4],[-1,-12],[-3,-3],[0,-8],[-6,-10],[-2,1],[-6,-14],[-3,2],[-1,3],[0,13],[-3,14],[0,10],[-2,6],[-5,2],[0,6],[-4,2],[-2,10],[1,17],[-1,6],[-2,4],[4,10],[4,-1]],[[1926,7119],[1,-1],[1,-10],[4,-10],[2,4],[2,2],[1,-2],[2,-5],[2,-4],[4,-8],[2,-7],[0,-5],[-2,-13],[-3,-3],[-1,-4],[-1,-7],[-6,14],[-3,2],[-4,8],[-2,2],[-8,13],[0,24],[6,-4],[-2,7],[4,9],[1,-2]],[[2010,6981],[2,-7],[-2,-12],[1,-16],[2,-7],[2,-1],[1,-5],[2,-8],[-4,1],[-4,-3],[0,-7],[-4,3],[-5,15],[-2,-1],[-4,10],[0,9],[-4,16],[3,-1],[2,6],[4,-4],[1,3],[6,4],[1,5],[2,0]],[[2000,6932],[2,-2],[4,-15],[4,-7],[2,0],[2,-3],[2,-10],[0,-4],[0,-10],[0,-9],[-5,6],[-3,16],[-1,8],[-2,1],[-1,8],[-3,2],[0,7],[-1,2],[-1,9],[1,1]],[[1905,7128],[1,-4],[3,-3],[1,-8],[-1,-16],[1,-3],[0,-9],[-1,-5],[-3,6],[-1,9],[-2,5],[-3,14],[0,5],[4,-1],[-1,9],[2,1]],[[1921,7139],[1,3],[2,-5],[3,-5],[0,-5],[-3,-5],[-4,-2],[-2,2],[0,7],[-1,7],[4,3]],[[1967,7079],[4,-7],[-1,-7],[0,-7],[-1,-8],[-3,4],[-1,5],[-1,-1],[-1,18],[1,3],[3,0]],[[1997,6867],[2,-8],[2,-2],[2,-11],[-4,2],[-2,-7],[-2,-3],[-1,17],[3,12]],[[1990,7075],[7,-7],[-4,-4],[-3,1],[-2,-5],[-1,0],[-2,12],[5,3]],[[1990,7138],[1,-1],[3,-9],[-1,-8],[-3,-8],[-2,4],[1,11],[0,5],[1,6]],[[1993,7058],[2,0],[0,-7],[-3,-4],[-4,1],[0,7],[3,7],[2,-1],[0,-3]],[[1993,7113],[1,-6],[-3,-11],[-2,0],[-2,7],[1,6],[5,4]],[[1933,7117],[0,-5],[3,-3],[-1,-6],[-1,1],[-2,-3],[-2,4],[-1,11],[4,1]],[[2021,6959],[5,-4],[5,-5],[-2,-2],[-3,4],[-7,1],[2,6]],[[1972,6888],[2,-8],[2,-4],[-1,-3],[-3,1],[-1,7],[1,7]],[[2017,6915],[1,-9],[-3,-2],[-3,7],[2,3],[3,1]],[[1987,7081],[3,2],[1,-3],[-1,-5],[-3,-2],[-2,5],[2,3]],[[2002,6837],[2,-2],[0,-11],[-2,-1],[-1,4],[1,10]],[[1911,7158],[2,-7],[0,-2],[-3,0],[-1,6],[-1,8],[3,-5]],[[1943,7098],[3,-5],[3,-5],[-1,-5],[-5,10],[0,5]],[[2023,6912],[1,-3],[0,-6],[-3,-4],[0,8],[2,5]],[[2015,6819],[2,-4],[0,-19],[-1,-1],[-1,24]],[[1964,7052],[0,-14],[-2,3],[2,11]],[[2000,7053],[0,-4],[-2,-7],[-2,-1],[1,9],[3,3]],[[1943,7053],[3,-3],[0,-6],[-3,-1],[-1,5],[1,5]],[[1929,7192],[2,-5],[-1,-3],[-4,-1],[3,9]],[[1950,7084],[2,-7],[0,-9],[-1,-1],[-1,8],[-1,3],[1,6]],[[1935,7169],[1,-8],[-4,-3],[3,11]],[[1979,7109],[-2,-8],[-1,6],[1,3],[2,-1]],[[1931,7135],[1,-3],[0,-10],[-2,1],[0,10],[1,2]],[[3817,1935],[3,-19]],[[3820,1916],[-1,-4],[1,-7],[-2,-4],[-3,-13],[0,-13],[0,-27],[2,-6],[2,1],[2,-8],[-4,-8],[-2,2],[-7,-7],[-3,-1],[-1,3],[-6,-7],[-3,0],[1,11],[-1,6],[3,14],[0,10],[2,6],[-1,5],[1,5],[-1,8],[1,6],[-2,6],[0,10],[-2,10]],[[3796,1914],[5,4],[0,4],[3,3],[0,5],[3,4],[1,6],[4,-3],[5,-2]],[[5990,3233],[-1,8],[-2,4],[0,13],[1,9],[5,8],[1,6],[3,2],[5,-3],[2,4],[3,9],[-1,7],[-2,10],[-4,1],[0,5],[2,7],[3,13],[1,5],[0,6],[2,13],[7,2]],[[2588,2726],[-3,2],[0,8],[0,5],[2,3]],[[2587,2744],[2,30],[-1,9],[-2,1],[0,9],[0,6],[-1,6],[4,5],[4,1],[0,8],[1,10],[2,1],[2,8],[1,11],[0,9]],[[1607,4225],[-2,-1],[-4,-12],[-3,2],[-2,-2],[-2,-5],[0,-6],[-3,-5],[-3,0],[-2,-16],[-1,-3],[-4,1],[-2,4],[-2,6]],[[1577,4188],[0,7],[2,9],[2,-3],[3,5],[1,6],[-1,10],[-2,11],[-3,10],[-1,6],[-4,11],[-1,9],[3,3],[0,8],[-1,8],[-2,9]],[[5151,1484],[-1,10],[3,7],[-1,3],[1,20],[-2,0],[0,5],[-3,6],[2,5],[-1,7],[2,5],[1,8],[3,6],[0,5]],[[758,8618],[-1,-8],[-4,0],[0,-17],[-5,1],[-2,10],[1,12],[2,6],[0,10],[-3,3],[-1,4],[1,4],[7,3],[0,11],[-1,7],[3,9],[4,6]],[[6540,7333],[-3,17],[1,13],[-3,2],[-3,-3],[-4,4],[-4,1],[2,6],[2,7],[4,12],[4,10],[-3,14],[3,2],[2,5],[4,7],[3,-1],[2,3],[2,8],[1,9],[1,2]],[[6551,7451],[0,-8],[3,-10],[5,-6],[3,-2],[4,-10],[3,-4],[2,-12],[-2,-8],[0,-6],[0,-9],[-2,-5],[-3,-2],[-1,-7],[-3,-3],[-5,-1],[-4,0],[-3,-1],[-3,-5],[-1,-15],[-3,-6],[-1,2]],[[6581,7423],[0,-9],[-4,-17],[2,-6],[0,-5],[-4,-21],[-1,-3],[0,-11],[-2,-9],[-1,2],[-3,-3],[0,-5],[-2,-2],[-3,1],[-1,3],[-2,-5],[-1,2],[-3,-5],[-2,3],[1,7],[2,6],[1,6],[2,2],[3,0],[6,8],[1,8],[0,5],[2,2],[0,5],[3,9],[2,12],[1,3],[0,4],[2,13],[1,0]],[[4890,6518],[-18,1],[-8,-1],[-1,3]],[[4863,6521],[0,23],[3,18],[5,5],[1,6],[3,15],[2,18],[4,5],[0,14],[4,2],[1,-2],[2,4]],[[4888,6629],[3,-2],[-2,-6],[-1,2],[-2,-9],[-4,-9],[1,-6],[2,2],[2,-2],[4,-8],[1,-10],[-2,-9],[-4,1],[-3,-6],[1,-6],[-1,-5],[-2,9],[-1,-3],[2,-5],[1,-7],[-1,-4],[0,-6],[3,5],[2,-2],[3,2],[0,-7],[-3,-2],[-1,-11],[2,3],[4,-5],[-2,-5]],[[2372,2933],[1,8],[3,7],[4,5],[4,9],[3,13],[1,12],[1,4],[-1,8],[-1,3],[2,10],[2,5],[2,9],[3,3],[1,4]],[[2397,3033],[0,-8],[1,-13],[-1,-8],[-2,-5],[7,-13],[-1,-10],[1,-10],[5,-7],[0,-17],[-1,-4],[-2,-1],[-2,-4],[0,-6],[-2,-4],[-1,-7],[-3,-3],[-3,1],[-1,8],[3,10],[-2,5],[-3,-4],[-4,5],[-2,-1],[1,-9],[-2,1],[-3,-3],[-2,2],[-2,5],[-1,-3],[-3,3]],[[2945,2552],[1,-9],[3,-16],[3,-7]],[[4404,1393],[-3,-8],[1,-16],[-1,-9],[-1,-3],[-2,1],[-2,-4],[1,-5],[0,-7],[-3,-9],[-2,3],[1,13],[-4,-2],[-2,-4],[-2,0]],[[2545,2747],[8,0],[2,2],[3,24]],[[2558,2773],[6,1],[-2,-15],[-2,-4],[1,-10],[3,0],[2,5],[2,-1],[3,3],[0,6]],[[2571,2758],[1,2],[2,-3],[2,-8],[1,3],[3,-10],[4,0],[1,5],[2,-3]],[[1371,7379],[3,13],[-4,18],[-2,12],[-1,25],[-2,5],[-2,12],[0,8],[-6,29],[-3,8],[-8,35],[-16,52],[-2,10],[-1,7],[-4,13],[-3,14],[-1,2],[-4,21],[-2,23],[-3,23],[-1,7],[-2,12],[-1,6],[0,9],[-2,5],[0,17],[0,10],[3,24],[2,18],[3,17],[1,8],[1,8],[1,3]],[[1315,7853],[-1,-10],[3,-21],[4,-10],[1,-2],[13,-29],[3,-10],[4,-8],[6,-11],[6,-8],[6,-6],[3,-14],[5,-10],[3,-21],[1,-4],[-1,-10],[2,-14],[1,-28],[1,-11],[2,-14],[2,-15],[2,-7],[-2,-22],[0,-9],[2,-11],[5,-24],[5,-12],[4,-6],[8,-2],[5,-5],[2,-6],[7,-12],[6,-5],[3,-1],[6,1],[6,6],[4,6],[3,2],[1,2],[6,1],[4,2],[3,1]],[[6102,6791],[-5,15],[-3,-1],[-2,-4]],[[582,7204],[-4,-15],[-2,-8],[-3,-9],[2,-3],[3,2],[3,-3],[-3,-5],[-5,-5],[-3,3],[-1,7],[-2,-6],[-6,2],[-1,6],[4,6],[3,17],[1,8],[-1,13],[-1,3],[-3,-3],[-6,3],[1,9],[-4,3],[2,7],[-1,8],[0,7],[4,2],[-1,5],[-2,1],[-3,7],[-3,1],[-7,-6]],[[543,7261],[-2,10],[-1,8],[-2,5],[-2,14],[-1,6],[1,14],[3,4],[-1,5],[4,14],[4,8]],[[546,7349],[3,-1],[1,-4],[0,-15],[2,-7],[2,-1],[4,-18],[3,-5],[2,-10],[2,-5],[0,-11],[3,-4],[2,-9],[1,-9],[2,-7],[1,-4],[5,-10],[1,-6],[0,-12],[2,-7]],[[571,7154],[2,0],[2,-6],[-5,-1],[1,7]],[[2543,2904],[3,-13],[5,-10],[6,-6],[5,1],[0,6],[3,1],[2,-4]],[[2567,2879],[1,-6],[0,-9],[-2,2],[-3,-1],[-1,-3],[2,-8],[0,-5],[-4,-12]],[[2560,2837],[-2,1],[-1,-4],[0,-8],[-2,2],[-7,0]],[[2548,2828],[-4,0],[1,8],[1,2],[0,9],[-3,6],[-5,5],[-1,18],[1,3],[0,5],[0,9],[0,10]],[[2538,2903],[5,1]],[[2567,2879],[2,-1],[3,-9],[2,1],[5,-8]],[[2579,2862],[-1,-15],[-3,-1],[-2,-5],[0,-3]],[[2573,2838],[-6,2],[-1,-6],[-4,-9],[-2,12]],[[2558,2773],[-3,16],[-1,7],[-2,2],[0,12],[-1,3]],[[2551,2813],[0,5],[-1,7],[-2,3]],[[2573,2838],[2,-4],[1,-6],[-1,-19],[-1,-8],[-2,-6],[2,-6],[0,-14],[-2,-2],[-1,-11],[0,-4]],[[2579,2862],[4,-7],[3,-3],[3,0],[0,12],[4,5],[3,-2],[3,2]],[[2543,2904],[3,4]],[[2546,2908],[2,-6],[4,-3],[3,1],[3,-4],[2,0],[0,9],[3,-5],[1,-11],[2,3],[3,-3],[3,-1],[2,2],[6,13],[8,-1],[5,0],[6,4]],[[1870,5593],[1,-3],[6,1],[2,-7],[-1,-4],[0,-9],[3,-13],[2,-4],[0,-10],[-3,-12],[-3,-4],[-4,0],[-1,-5],[-2,5],[-1,-6],[4,-6],[-2,-8],[-2,0],[-3,8],[-6,7],[-2,-9],[-2,3],[-2,-3],[-3,2],[-1,9],[1,7],[2,3],[1,8],[1,13],[-2,12],[2,2],[0,7],[0,4],[2,0],[2,-4],[6,12],[2,4],[3,0]],[[9919,5044],[2,1],[5,-3],[2,0],[7,-11],[4,-15],[-2,-1],[-2,-6],[-3,-3],[2,-5],[0,-5],[-2,-9],[0,-11],[-2,2],[-3,-5],[1,-3],[-1,-8],[3,-7],[5,-5],[2,1],[1,8],[3,-4],[5,-1],[3,5],[-1,10],[1,4],[3,-5],[3,-2],[12,-4],[3,-1],[8,-4],[1,7],[2,-3],[3,2],[2,3],[3,0],[6,2],[0,-133]],[[6001,4173],[1,-4],[-2,-4],[-3,-5],[-1,-5],[-3,5],[-10,3],[-2,-3],[1,-8],[0,-3],[4,-2],[3,6],[5,2],[3,-3],[3,-11],[2,1],[3,-2],[2,1]],[[5997,4156],[1,0],[2,-8],[-2,-1],[-1,9]],[[6198,471],[0,15],[1,7],[3,3],[3,-3],[2,5],[5,7],[1,0],[6,8],[1,-2],[4,-2],[2,7],[4,1]],[[6230,517],[1,-4],[0,-7],[-3,-1],[-1,-3],[1,-5],[3,1],[0,-7],[-3,-4],[-4,-3],[1,-12],[2,-7],[-1,-3],[-4,5],[-1,-5],[-3,-4],[2,-5],[2,-2],[-2,-14],[0,-10],[-4,-5],[-4,4],[-2,-1],[-1,16],[-2,9],[1,10],[0,6],[-3,-5],[-1,2],[-5,9],[-1,-1]],[[644,9202],[2,-7],[0,-6],[1,-2],[3,-1],[6,7],[2,2],[-1,-7],[1,-4],[4,6],[1,5],[2,1],[3,-9],[-1,-3],[0,-9]],[[442,9606],[4,-4],[8,-5],[-1,-5],[3,-2],[2,1],[0,-3],[5,-6],[2,-7],[1,-9],[-1,-4],[-2,1],[0,-7],[5,-7],[3,-2]],[[1729,4520],[-2,1],[-2,-4],[-4,-1],[-3,-4],[-5,0],[-2,6],[2,3],[-2,8],[2,6],[0,5],[-3,-3],[-2,-6],[-3,-1],[-1,2],[-4,0],[0,5],[-4,-1],[-4,8],[-1,16],[-1,4],[-2,0],[-1,4],[-3,-2]],[[1684,4566],[1,6],[3,4],[0,5],[4,2],[4,11],[-2,3],[1,6],[0,10],[1,17],[4,0],[1,14],[1,4],[4,9],[4,-16],[1,2],[6,-5],[3,-5],[-1,-2],[-1,-10],[2,-2],[3,-14],[2,-9],[2,-1],[-2,-11],[2,-4],[3,-1],[-1,-45],[0,-14]],[[3586,1979],[0,6]],[[3586,1985],[0,8],[-3,-3],[0,3],[1,10],[0,8],[2,-1],[2,6],[2,-2],[6,2],[0,-7],[-2,-10],[1,-5],[-1,-7],[-1,-3],[0,-5],[-4,-2],[-3,2]],[[3307,2110],[1,-4],[-1,-13],[1,-8],[1,-7],[-1,-7],[-6,0],[-1,3],[2,15],[1,14],[1,7],[2,0]],[[5301,3414],[-2,4],[0,5],[-2,2]],[[5297,3425],[-1,11],[2,7],[0,13],[4,10],[-1,6],[1,12],[3,1],[1,3],[4,3],[1,3],[0,6],[3,3],[2,10],[1,4]],[[5317,3517],[2,-4],[4,-3],[2,2],[1,3],[2,-1],[3,-13],[-1,-5],[1,-10],[-1,-12],[-2,-4],[-2,-8],[-3,3],[-1,-6],[1,-3],[3,-2]],[[3829,1830],[2,-5],[2,2],[3,-5],[1,-7],[-1,-13],[-1,-3],[5,-7],[2,0],[1,-4],[-1,-8],[-2,-8],[-2,1],[0,-10],[1,-2],[-4,-10],[-3,-3],[-3,3],[0,6],[-3,5],[-1,7],[-3,5],[0,6],[-3,5],[3,2],[1,8],[-3,14],[-4,5],[6,1],[1,9],[3,1],[3,5]],[[6494,7370],[-4,4],[-1,-10],[-2,-2],[0,-5],[-2,2],[-3,-3],[-1,-2],[-3,0],[-2,3],[-5,5],[0,9]],[[6471,7371],[7,-1],[3,6],[0,10],[2,8],[1,9],[-1,7],[-4,10],[-4,9],[0,7],[1,4],[3,3]],[[6479,7443],[3,-9],[2,-2],[2,4],[3,0],[2,3],[3,-4],[1,3],[3,0],[0,-4],[3,-5],[1,3],[0,-16],[-1,-5],[2,-9],[-4,-9],[-2,-1],[-3,-7],[0,-4],[0,-11]],[[6453,7482],[3,-5],[0,-7],[-4,-7],[-3,4],[-1,5],[1,6],[1,3],[3,1]],[[6462,7473],[3,-4],[3,1],[2,-9],[0,-10],[-2,5],[0,5],[-2,4],[-6,-1],[0,6],[2,3]],[[4578,1408],[0,7],[-1,20],[0,10],[0,7]],[[4577,1452],[3,-5],[3,3],[4,-2],[1,-4],[5,-1],[1,-2],[0,-8],[2,-1],[2,-7],[-4,-9],[-3,0],[-1,-4],[-5,0],[-1,-3],[-6,-1]],[[804,8751],[2,-2],[-3,-12]],[[2231,3445],[0,12],[-2,4],[2,5],[0,12],[2,2],[1,7],[-1,3],[-3,-2],[-1,6],[2,3],[1,5],[3,6],[2,10],[3,2]],[[2240,3520],[0,-5],[-2,-4],[3,-2],[2,1],[3,-1],[1,-4],[-4,-6],[3,-6],[-4,-12],[-1,-10],[2,-2],[0,-8],[-1,-5],[1,-4],[-5,-7],[-1,1],[-2,-4],[-3,4],[-1,-1]],[[3792,2099],[2,1],[0,-7],[-2,-4],[0,-6],[-3,1],[-5,-2],[-2,-5],[-1,3],[0,7],[1,8],[0,4],[4,-2],[5,8],[1,-6]],[[1183,6076],[4,-1],[1,-3],[0,-8],[1,-2],[4,-2],[1,-5],[0,-12],[5,-9],[3,-5]],[[1202,6029],[1,-3]],[[1203,6026],[-1,-11],[-2,-7],[1,-6],[2,0],[3,-21],[1,-4],[0,-5],[-2,-10],[-4,-13],[0,-7]],[[1201,5942],[-2,-12],[-2,-8],[-6,-8],[-3,0],[-4,-17],[-3,-5],[-1,-8],[-2,-4],[-1,-9],[-3,-6],[0,-3],[2,-5],[0,-5],[-6,-8],[-2,-6],[-4,-4],[-1,-2]],[[1163,5832],[1,3],[-1,8],[2,0],[3,-2],[0,8],[-3,7],[0,4],[-1,6],[0,4],[2,4],[0,4],[4,-2],[3,-4],[1,3],[0,5],[-1,5],[0,8],[-1,2],[-2,4],[-2,-8],[-2,3],[2,8],[1,8],[-2,10],[-2,-3],[-3,7],[0,5],[-2,8],[1,4],[-1,20],[-1,7],[0,14],[-3,17],[-2,9],[-2,7],[-4,7],[0,3]],[[1148,6025],[-1,5],[11,4],[1,8],[4,5],[3,6],[1,5],[3,3],[1,4],[7,5],[1,2],[4,4]],[[1171,6241],[3,-2],[3,-1],[2,-8],[-1,-11],[-4,3],[-1,-1],[-6,-1],[-3,4],[2,10],[3,2],[1,-1],[1,6]],[[921,7376],[11,-1],[0,-17],[5,-15],[1,-6],[-5,2],[1,-13],[4,-20],[4,-15],[1,-8],[-4,-1],[-2,-4],[-3,0],[-2,8],[-5,24],[-2,3],[-4,0],[-1,11],[-3,8],[-1,6],[0,29],[2,8],[3,1]],[[1776,4003],[-1,5],[2,7],[-1,27],[-1,7],[1,6],[-4,17],[-2,6],[-2,10],[-2,30],[-1,6],[-2,9]],[[1763,4133],[2,1],[5,6],[1,-1],[2,5],[5,5],[2,-2],[4,3],[4,-3],[1,-4],[2,-2],[2,2],[6,-6],[0,-4],[-2,-6],[0,-6],[1,-4],[10,0],[3,3],[0,4],[2,12],[0,5],[2,4],[3,2],[1,3],[2,-2],[1,3],[4,-2],[0,-12],[-1,-10],[-2,-3],[0,-10],[-1,-6],[-1,-8],[-3,-5],[-1,-5],[-3,-5],[1,-9],[-2,-5],[2,-6],[0,-8],[0,-8],[-7,-17],[0,-6],[-1,-9],[-2,-5],[0,-10],[-2,-8]],[[1803,3994],[0,-2]],[[4089,5543],[-4,-44],[-1,-21],[1,-8],[2,-20],[1,-17],[1,-31],[-1,-15],[-1,-36],[1,-13],[2,-15],[4,-14],[6,-28],[11,-40],[2,-13],[19,-4],[3,-3],[5,-6],[4,-1],[6,-6],[-5,-31],[-3,-8],[-9,-17],[0,-48],[0,-10],[0,-4],[-7,4],[-6,-1],[-6,-3],[-39,-1]],[[2123,4703],[0,11],[-2,-3],[-4,0],[-2,-6],[0,-10],[-3,-5],[0,-7],[-2,-5],[-1,9],[1,6],[-6,8]],[[2104,4701],[-6,8],[-4,10]],[[5481,4762],[-4,-3],[-3,0],[-2,-6],[0,-7],[5,-8],[2,-10],[0,-6],[2,-14]],[[5481,4708],[-3,-8],[-3,-1],[-6,3],[-2,-2],[-1,-7],[-2,-2],[-1,-5],[-2,-3],[-3,6],[-3,13],[-2,4],[-2,7],[-2,2]],[[5449,4715],[1,6],[-1,9],[-3,3],[-4,11],[2,7],[-1,4],[-2,6]],[[5441,4761],[2,0],[3,11],[4,3],[1,7],[10,9],[5,9],[2,1],[2,-3],[4,1],[4,-4],[0,-10],[0,-6],[3,-9],[-1,-5],[1,-3]],[[5439,6006],[-1,-5],[1,-7],[-1,-7],[-2,-1]],[[5436,5986],[-4,-12],[-6,-6],[-4,-2],[-2,2],[-5,-5],[2,-12],[-1,-2],[-6,1],[-4,6],[-2,6],[-3,-2],[0,-4],[-7,-5],[-1,35],[-1,5],[-2,3],[-3,-2],[-3,-7],[-1,-8]],[[5389,6033],[1,-3],[1,-18],[2,-5],[3,-19],[1,-2],[4,-2],[2,1],[2,16],[1,19],[-2,11],[-3,12],[-1,7],[1,11],[-2,11],[2,12],[-4,9],[0,2]],[[2421,5276],[2,-5],[4,-20],[0,-14]],[[5348,4103],[2,17],[-1,8],[-1,6],[1,5],[1,3],[2,11]],[[5352,4153],[2,5],[1,1],[3,7]],[[5358,4166],[1,-7],[5,-13],[-1,-9],[3,-8],[-1,-17],[2,-5],[0,-11]],[[1119,6108],[-4,10],[-3,8],[-3,10],[0,7],[-2,16],[-3,13]],[[1104,6172],[2,5],[4,2],[3,4],[1,-3],[-1,-10],[4,-2],[0,-9],[2,-3],[2,-5],[2,-3],[-1,-6],[0,-13],[-1,-6],[-1,-2],[-2,-7],[1,-6]],[[3899,2001],[0,-6],[-4,-21],[-2,-5],[-3,-2],[-2,-4],[-5,19],[-1,2],[1,7],[-1,6],[2,-1],[1,4],[3,-1]],[[3888,1999],[2,-2],[2,1],[2,-2],[2,3],[3,2]],[[1227,6396],[4,-2],[0,-4],[2,-7],[-2,-2],[0,-10],[-6,-11],[0,-10],[0,-5],[-3,4],[-3,-4],[-5,6],[-1,10],[-3,3],[4,14],[-3,5],[0,5],[2,5],[2,1],[1,-3],[6,3],[1,5],[4,-3]],[[3187,2408],[-1,0],[0,7],[-6,1],[0,2],[1,12],[0,10],[2,2],[2,15]],[[3185,2457],[3,-4],[3,0],[4,-6]],[[1384,6903],[2,10],[2,4],[3,-5],[1,0],[2,-6],[3,-5],[4,-2],[6,-2],[1,-5],[2,5],[4,-1],[5,0],[1,-9],[2,-3],[2,2],[2,-4],[0,-5],[1,-6],[3,-5],[-1,-6],[-2,0],[2,-11],[-1,-4],[0,-7],[-1,-5],[0,-4],[2,-1],[1,-7]],[[1430,6821],[-1,-8],[-1,-6],[0,-7],[1,-12],[-3,-1],[-1,-3],[1,-8]],[[889,8290],[-1,-6],[-1,-10],[0,-4],[-2,-15],[2,-1],[2,-11],[-3,-1],[-8,-16],[-2,1],[-2,-5],[-3,-4],[-1,3],[3,6],[1,6],[2,4],[-3,4],[-2,10],[1,6],[1,8],[-2,5],[4,10],[0,5],[4,0],[4,4],[3,-1],[3,2]],[[3120,6472],[-5,-22],[-1,1],[-6,15],[-9,25],[3,6],[1,11]],[[3103,6508],[2,-2],[3,0],[1,-2],[6,-11],[2,-9],[2,-7],[1,-5]],[[3121,6520],[-1,-7],[2,-7],[1,-7],[-1,-4]],[[3122,6495],[-3,2],[-4,-1],[-5,12],[-7,4]],[[3103,6512],[2,13],[2,-1],[0,6],[11,-7],[3,-3]],[[3124,6492],[-3,-6],[3,-9],[-3,-6]],[[3121,6471],[-4,15],[-2,7],[5,2],[4,-3]],[[2000,4516],[6,-3],[5,2],[7,8],[2,0],[4,-6],[5,-3],[-3,-16],[-4,-17],[-1,-7],[0,-14],[-2,0],[-2,-9],[0,-5],[2,-6]],[[2019,4440],[2,-9],[0,-11],[0,-10],[-1,-8]],[[2020,4402],[-3,-2],[-3,-5],[-8,3],[2,12],[0,7],[-2,-4],[-4,2],[-3,-2],[-3,2],[-3,-4],[-2,2],[-3,-1],[-3,1],[0,7],[-3,7],[3,13],[-3,6],[2,9],[-1,10],[3,6],[0,29],[-4,10],[0,12]],[[1982,4522],[0,5],[4,6],[2,-6],[3,1],[2,-6],[4,-2],[3,-4]],[[3961,1932],[0,-10],[0,-20],[1,-10],[-3,3],[-3,-11],[-2,4],[-6,2],[1,11],[-1,5],[-3,2],[2,15],[2,5]],[[3949,1928],[1,0],[4,3],[2,3],[0,5],[2,-1],[1,-6],[2,0]],[[46,9999],[2,-5],[3,-9],[1,0],[4,-14],[4,-10],[4,0],[-1,18],[3,-2],[2,8],[-2,2],[-1,5],[2,4],[3,-2],[3,-6],[1,-6],[1,-7],[2,-7],[2,-3],[1,-12],[-1,-10],[-2,0],[-3,10],[-2,-1],[1,-13],[-1,-11],[-3,-8],[-2,1],[-4,4],[-4,0],[-1,4],[-3,12],[-1,19],[-3,7],[-1,-1],[-1,5],[-3,9],[-1,10],[1,9]],[[3364,2196],[2,-4],[3,-1],[1,3],[0,-13],[2,-5],[2,-17],[-1,-3],[-3,-4],[0,-7],[-2,-5],[-3,-1],[-1,7],[-2,-1],[-1,11],[0,8],[-1,6],[1,14],[-2,10],[4,6],[1,-4]],[[4831,6172],[0,-4],[2,0],[4,-4],[2,0],[2,-7]],[[4841,6157],[-1,-5],[-2,1],[0,-7],[-2,-6],[-3,-4],[-1,-3],[-2,-2],[-1,-4],[1,-5],[-1,-5],[-2,-5],[-4,-1],[-2,-3],[-3,-18],[-4,1],[-2,11],[-3,-1],[0,8],[-2,6],[2,8],[1,18],[-4,8],[-1,4],[-2,0],[-3,6],[-1,7],[-4,-1],[-2,5],[-1,12],[-1,13],[-2,7],[1,18],[1,13],[3,18],[7,6],[4,7],[1,4],[3,13],[1,19],[6,7],[4,13],[2,2],[3,0],[2,-4],[4,-12],[1,-15],[4,1],[2,3],[2,0],[3,-4],[2,-10],[0,-12],[-2,-4],[-2,0],[-2,-6],[2,-6],[0,-11],[-1,-8],[-4,-9],[0,-6],[-1,-19],[2,-14],[-1,-6],[-2,-1],[-3,-7]],[[1258,6174],[1,-2],[2,-7],[0,-4],[-3,-5],[3,-6],[0,-6],[-1,-4],[-2,-31],[1,-27],[2,-10],[-1,-3],[3,-10],[0,-5],[-2,-2]],[[1261,6052],[-2,-2],[-1,3],[-2,-1],[-3,11],[-4,7],[-1,0],[-2,9],[-3,1],[-2,-6],[-2,0],[-1,4],[-3,1],[1,8],[1,9],[0,7],[1,13],[-3,8],[0,6],[-1,6],[3,4],[0,9],[-1,8],[1,7],[1,4]],[[1238,6168],[3,4],[1,6],[1,2],[3,-4],[1,2],[5,-1],[2,3],[1,-4],[3,-2]],[[3361,2319],[-2,3],[-3,0],[0,-4],[-1,-3],[-4,0],[-3,-10],[-3,-1],[-1,-3],[-3,1],[-2,4],[-4,0]],[[3325,2406],[4,-5],[5,-5],[5,0],[4,6],[3,-3],[3,3],[1,-2],[2,3],[6,7]],[[2435,2951],[2,-6],[0,-10],[-1,-2],[-1,-14],[1,-1],[0,-7],[0,-5],[2,-3],[-1,-6],[0,-4],[-1,-11],[2,2],[3,-5],[3,-6],[-1,-7],[-2,-6],[-2,0],[-2,-7],[1,-8],[-6,-2],[-2,-4],[0,-8],[-3,2],[-2,-3],[-3,6],[-4,3],[0,8],[2,7],[0,5],[-4,-2],[-1,4],[-2,-8],[-2,5],[-4,0],[-2,-5],[-2,4],[0,6],[2,8],[-1,10],[0,7],[4,3],[2,12],[2,7],[3,4],[2,1],[2,5],[2,12],[-1,17]],[[2420,2949],[2,-3],[6,-1],[3,5],[2,-1],[2,2]],[[823,7525],[-3,4],[-3,10],[0,7]],[[817,7546],[5,0],[0,-3],[3,-13],[-2,-5]],[[3013,7005],[5,14],[3,-2],[4,9],[4,13],[2,8],[3,17],[1,10],[1,18]],[[3036,7092],[9,1],[9,-1],[3,2],[2,5],[0,-6],[3,2],[-1,6],[3,1],[0,4],[2,-1],[3,4],[1,-4],[2,0],[1,-10],[0,-7],[2,-3],[3,-1],[0,-6]],[[1202,6029],[0,3],[4,2],[2,8],[6,1],[2,3],[1,5],[2,0],[2,3],[3,13],[7,4],[3,-5],[-1,-8],[-3,-5],[0,-12],[1,-3],[1,-8],[-3,-2],[-2,3],[-3,0],[-2,6],[-9,-7],[-7,-7],[-3,3]],[[7908,6045],[1,-8],[-1,-7],[2,-4],[-1,-5],[-2,-1],[0,-8],[2,-3],[1,-10],[2,-3],[1,-7],[1,-19],[1,-2],[0,-9],[1,-10],[-2,-1],[-3,-5],[-4,1],[-8,1],[-3,3],[-2,-1],[-7,5],[-1,4],[-6,-1]],[[7880,5955],[0,7],[2,1],[2,6],[0,6],[-4,4],[-2,7],[-3,2],[0,9],[0,10],[-2,9],[-3,5],[2,4],[2,-2],[2,2],[7,6],[2,0],[5,5],[3,1],[0,4],[6,4],[4,-1],[5,4],[0,-3]],[[7866,5986],[1,-3],[-1,-5],[-3,-2],[1,8],[2,2]],[[675,8154],[-2,-5],[-3,-2],[-5,-6],[1,-8],[-1,-8],[3,-18],[3,-10],[1,-4],[0,-16],[1,-18],[1,-7],[-1,-5],[-2,-2],[-3,1],[-1,-11]],[[2587,2432],[3,-6],[1,1],[3,-3],[2,1],[0,-8],[0,-4],[1,-9],[-1,-10],[-2,-7],[-3,3],[-4,-7],[-4,-1],[-2,5],[-3,-4],[0,6],[2,5],[6,2],[-1,9],[-1,4],[0,12],[1,1],[1,10],[1,0]],[[1363,5177],[-1,18],[-3,70],[-3,11],[-2,11]],[[3836,2255],[0,-6],[1,-10],[4,-3],[3,2],[2,-1],[2,10],[3,0],[0,5],[3,2],[2,-3],[2,2],[4,-7],[1,-7],[4,-21],[3,2],[4,-6],[2,-15],[0,-13],[-3,-9],[-1,-11]],[[3872,2166],[-3,-2],[-5,2],[-8,4],[-2,-3],[-2,-4],[-2,0],[-2,5],[-3,2],[-1,-3],[-5,-6],[-3,0],[-1,-3]],[[3445,2034],[-3,-3],[-2,-6],[0,-4],[-2,-4],[-3,0],[0,4],[-2,5],[-1,5],[-3,-2],[-2,12],[-2,6]],[[2551,2813],[-6,-2],[-6,0],[1,5],[-2,2],[0,6],[-7,-1],[-4,1]],[[2527,2824],[-6,2],[0,7],[-3,5],[-1,-9],[-6,6],[-3,10],[0,6],[6,8],[1,5],[2,3],[0,6],[5,0],[-1,7],[1,6],[2,3],[1,0],[1,9],[2,-7],[6,7],[1,4],[3,1]],[[2530,2746],[0,7],[-1,4],[3,10],[-1,8],[0,4],[-2,18],[1,4],[-1,8],[-1,8],[-1,2],[0,5]],[[2065,7006],[-3,-2],[-2,6],[-3,-1],[1,10],[2,4],[-1,3],[-3,11],[-4,1],[-1,4],[-2,1],[0,12],[1,5],[4,-5],[2,6],[-6,0],[-1,4],[-1,2],[-2,4],[-1,-1],[-2,9],[1,7],[2,-2],[4,2],[6,2],[1,-2]],[[2053,7031],[2,-4],[4,-3],[-2,-4],[-2,0],[0,-5],[-2,4],[-4,3],[-2,-2],[-1,7],[3,3],[4,1]],[[4913,8540],[1,-1],[7,-10],[3,-3],[0,-6],[-1,-12],[1,-13],[-1,-3],[-1,-18],[0,-13],[-1,-26],[0,-5],[-1,-6],[-2,-1],[-3,3],[-2,10],[-1,10],[-2,0],[-4,7],[-3,9],[-7,12],[-1,13],[-3,10],[-1,9],[1,16],[0,4],[3,8],[3,8],[3,-2],[8,3],[4,-3]],[[2891,2168],[-3,-2],[-1,2],[-3,-6],[1,-6],[-4,-8],[3,-6],[-2,-4],[1,-5],[-1,-15],[-2,-4],[-1,1],[-6,0],[-4,-3],[-2,-9],[-2,0],[-3,24],[1,10],[-2,0],[-1,9],[-1,7],[0,13],[-3,5],[0,5],[2,2],[0,11],[-2,6],[1,3],[4,1],[1,8],[3,3]],[[904,8503],[1,-4],[-2,-5],[2,-6],[3,5],[1,-4],[-1,-6],[-1,-3],[1,-11],[1,-4],[-3,-3],[-1,2],[-5,0],[-3,-3],[1,-8],[-1,-4],[-3,3],[-1,7],[3,4],[-2,8],[0,13],[1,4],[2,-3],[1,3],[2,-5],[3,9],[-2,6],[3,5]],[[3062,2464],[6,-6],[6,1],[1,2]],[[3075,2461],[-2,-12],[-1,-13],[-3,0],[0,-3],[-2,-4],[-3,0],[-2,5],[-5,1]],[[7023,7020],[3,-2],[3,-6],[5,-7],[2,-5],[1,-10],[0,-10],[0,-6],[-1,-7],[-2,-3],[-1,-7],[-3,0],[-4,-4],[-6,2],[-1,5],[-1,8],[-2,7],[0,18],[2,12],[2,4],[3,11],[0,0]],[[7040,6792],[3,-2],[3,-9],[1,-9],[-4,-9],[-4,0],[-3,5],[-1,8],[1,10],[4,6]],[[6819,7304],[2,-4],[3,-2],[1,-6],[-3,-6],[-1,-19],[-2,5],[-2,11],[-3,4],[-1,0],[0,7],[1,7],[4,6],[1,-3]],[[7021,7047],[3,-7],[0,-5],[-1,-5],[-3,-1],[-2,9],[3,9]],[[6764,7088],[4,-3],[-3,-7],[-1,10]],[[7104,6501],[0,5],[0,12],[2,6],[2,10],[1,14],[-1,6],[-1,10],[0,4],[-4,-1],[-1,7],[2,5],[1,5],[-2,9],[0,9],[0,5],[1,18],[2,5],[0,13],[2,8],[0,13],[1,5],[3,17],[-1,10],[-2,14],[-1,3],[-3,1],[-2,-2],[-4,2],[-4,-3],[-1,7],[-4,1],[-3,2],[0,9],[1,6],[-1,6],[-3,1],[-3,5],[-2,1],[-1,6],[0,6],[-1,0],[0,8],[-1,6],[-1,14],[1,9],[-2,17],[-5,8],[0,4],[-2,7],[0,4],[2,9],[-2,23],[3,11],[0,14],[2,16],[0,7],[-1,5],[1,10],[-1,5],[2,7],[4,8],[6,2],[0,4],[-1,5],[1,4],[3,2],[1,5]],[[7041,6955],[0,-5],[2,2],[2,-2],[5,-2],[1,-8],[0,-6],[1,-3],[0,-5],[-1,-15],[0,-6],[-2,-11],[-5,-16],[-4,-3],[-6,5],[-2,8],[0,5],[-1,15],[1,9],[2,8],[2,11],[0,6],[0,7],[3,6],[2,0]],[[7038,6853],[3,0],[0,-6],[-1,-4],[-3,-3],[-2,1],[1,9],[2,3]],[[7032,6946],[3,-4],[0,-4],[-2,-3],[-2,5],[1,6]],[[6481,7338],[2,-2],[-1,-6],[0,-6],[5,-12],[1,-5],[5,3],[1,-5],[-2,-7],[-2,-12],[-1,-6],[-1,-5],[-2,-10],[0,-8],[-1,-5],[-6,-2],[-2,8],[-2,1],[-2,6],[-3,4],[-3,1],[-2,-7],[-3,5],[-1,16],[1,11],[2,7],[5,10],[2,3],[2,-6],[2,3],[1,7],[0,8],[1,6],[2,4],[2,1]],[[8211,3210],[2,3],[2,11],[1,0],[-4,-36],[1,-11],[2,-12],[1,-17],[-3,-7],[-2,5],[2,6],[-2,6],[-3,-12],[-2,2],[-3,12],[-1,4],[-2,9],[0,7],[0,10],[2,1],[0,5],[0,9],[4,11],[1,7],[3,13],[3,2],[-1,-14],[-1,-12],[0,-2]],[[8044,3366],[0,-6],[-1,-11],[-1,-7],[-1,-10],[-6,-6],[-2,-5],[-3,10],[2,21],[5,15],[1,-1],[4,5],[2,-5]],[[8108,3243],[3,-7],[2,3],[0,-9],[1,-4],[3,-1],[3,7],[1,-8],[-4,-6],[-1,-8],[-3,-3],[-4,2],[0,10],[-2,9],[-2,4],[0,6],[1,5],[2,0]],[[8096,3208],[3,-2],[1,-6],[1,-1],[4,3],[0,-9],[1,-3],[2,-9],[0,-5],[-4,-10],[-2,-1],[-1,11],[0,17],[-1,5],[-4,-1],[-2,8],[2,3]],[[8200,3237],[2,-4],[-1,-6],[-3,-3],[-2,2],[-3,-3],[-2,1],[-3,8],[1,3],[2,-2],[1,4],[2,0],[6,0]],[[8082,3127],[0,-17],[-1,-9],[-3,-2],[-2,8],[0,7],[0,7],[2,5],[4,1]],[[8203,3253],[-2,3],[1,7],[2,6],[1,-3],[-1,-9],[-1,-4]],[[8044,3452],[0,-11],[-2,2],[-1,4],[3,11],[0,-6]],[[8109,3196],[2,-3],[1,-4],[-2,-3],[-3,7],[2,3]],[[8198,3207],[-1,-4],[-2,-3],[-1,5],[3,7],[1,-5]],[[8040,3206],[0,-8],[-2,4],[1,11],[1,-7]],[[8199,3251],[-1,7],[1,3],[1,-5],[-1,-5]],[[8192,3292],[2,-6],[-3,-3],[0,7],[1,2]],[[8195,3295],[2,-8],[-2,-1],[-1,7],[1,2]],[[3334,1915],[7,-7],[1,0],[2,-5]],[[3653,4418],[-5,4],[-3,5],[-2,6],[2,8],[3,14],[2,17],[2,26],[1,14],[0,20],[-1,23],[-2,31],[-2,27],[0,7],[1,19],[2,8],[-1,11],[1,6],[1,9],[1,11],[1,20],[-1,16],[-1,4],[0,9],[-5,23],[-5,16],[-2,17],[-2,11],[-5,12],[1,7],[-3,5],[-6,-10],[-2,-6],[-3,-12],[1,-5],[2,-7],[4,-6],[-2,-10],[-6,-3],[-7,-7],[-5,-11],[-2,-6],[-3,-3],[-7,-11],[-1,-7],[-1,12],[-2,7],[-3,9],[-3,6],[-4,12],[-4,7],[-2,4],[-4,3],[-3,2],[-1,4],[-3,5],[-5,-10],[-1,1],[-4,6]],[[3554,4788],[3,19],[1,35],[-1,15],[1,19],[0,15],[1,15],[3,33],[-1,3],[-4,1],[-7,12],[-10,5],[0,14],[-2,8],[-2,22],[0,25],[1,32],[0,44],[-5,0],[1,15],[2,6],[6,0],[3,3],[0,16],[4,-1],[4,0],[-3,18],[6,7],[3,-10]],[[3558,5159],[5,-12],[7,-7],[9,2],[4,-1],[5,2],[4,-4],[5,-3],[4,3],[5,5],[0,19],[0,11],[1,12],[5,25],[8,9],[5,12],[5,17],[7,36],[10,57],[1,12],[5,46],[1,57],[-1,22],[-2,93],[-3,11]],[[3648,5583],[9,-19],[3,0],[2,-12],[4,-4],[1,-8],[0,-8],[1,-5],[-2,-10],[4,-11],[1,-10],[1,-4],[9,-9],[1,0],[2,-18],[0,-8],[-2,-19],[0,-8],[2,-16],[2,-10],[4,-19],[9,-23],[6,-8],[3,-8],[4,-22],[-2,-16],[-4,-1],[-4,-14],[-5,-24],[-3,-21],[0,-6],[-4,-23],[0,-8],[-1,-16],[0,-21],[0,-10],[1,-10],[2,-5],[6,-2],[4,-29],[0,-9],[3,-26],[-1,-14],[-2,-25],[-7,-32],[-1,-31],[-1,-23],[-2,-22],[-2,-18],[0,-12],[-3,-17],[1,-29],[3,-13],[8,-23],[6,-25],[0,1],[0,-25],[-2,-45],[-11,-74],[-6,-51],[-7,-56],[-8,-41],[-4,-16],[-13,-74]],[[3944,4696],[-6,4],[-7,10],[-3,5],[-1,5],[-4,7],[-1,3],[-1,13],[-2,5],[-2,0],[-4,-27],[-1,-7],[-3,-7],[-3,-2],[0,-3],[-8,-29],[-1,-9],[1,-7],[4,-9],[2,-4],[8,-5],[-8,-20],[-8,-19],[-6,-12],[-8,-11]],[[3882,4577],[-7,59],[-2,17],[-5,55],[8,63],[5,63],[-19,30],[-10,19],[-10,15],[-18,23],[-6,15],[-15,25],[-6,20],[-2,17],[-1,32],[-2,56],[-1,4],[-4,4],[0,20],[-2,17],[-4,0],[0,36],[-8,0],[0,42],[-3,2],[-3,7],[-2,-1],[-3,12],[-8,40],[0,60],[0,11],[-2,34],[-1,18],[-2,3],[-1,5],[1,7],[-1,6],[-1,12],[-3,3],[-1,3],[0,9],[-7,11],[-1,10],[-1,7],[-11,37],[-11,31],[-4,26],[0,17],[1,16],[8,29],[2,25],[2,24],[0,27],[-1,31]],[[1409,6031],[-3,14],[-5,8],[-3,4],[-3,4],[0,5],[-1,6],[-2,0],[-1,10],[-2,5],[-6,8],[-3,5],[-1,7],[-5,16],[-6,12],[-2,-1],[-3,6],[-7,-2],[-3,11],[-3,3],[-3,4],[-1,4],[-2,9],[-3,12],[-3,7],[-4,5],[-1,-1],[-3,5],[-2,8],[-3,6],[-4,-6],[-4,5],[-1,4],[0,8],[-2,5],[-2,11],[-2,12],[0,6],[1,2],[-4,16],[4,7],[-1,12]],[[1416,6438],[2,-6],[2,-2],[1,-9],[2,-14],[3,-8],[2,-3],[2,-6],[1,-9],[1,-3],[2,-9],[3,2],[4,-9],[4,4],[1,-8],[3,0],[3,-4],[3,-2],[3,-11],[3,-7],[0,-9],[4,-2],[0,-5],[2,-6],[-3,-8],[0,-5],[4,-3],[3,-4],[2,-1],[3,-9],[2,0],[3,4],[2,-3],[1,-7],[2,-8],[3,0],[2,7],[5,-2]],[[1503,5972],[-3,-10],[0,-5],[-1,-12],[-2,0],[-3,-8],[-6,-2],[-1,-7],[-2,-2],[-2,1]],[[3204,5978],[-3,6],[2,6],[0,4],[-2,5],[-2,-1],[-1,-5],[-1,0],[-1,4],[1,8],[-2,12],[-4,3],[-3,-3],[-3,6],[-1,8],[-6,6],[1,5],[-1,4],[0,17],[6,0],[2,-2],[0,5],[3,11],[2,2],[1,5],[-2,2],[0,4],[-2,2],[-2,8],[-1,4],[-1,2],[-1,4],[0,1],[-1,-1],[-1,-7],[-3,-3],[-3,0],[-1,4],[-2,-2],[-2,-5],[-2,2],[-1,7],[1,9],[0,7],[-6,1],[-3,-1],[-1,4],[-3,1],[-1,4],[-1,-3],[-2,4],[-1,-1],[-2,7],[-3,0],[-2,5],[-2,-5],[-2,1],[-2,-2],[-6,-3],[-3,5],[-3,8],[-3,15],[-5,0],[-3,-3],[-3,1],[-2,-4],[-5,1],[-2,-3],[-5,-1],[-2,-3],[-5,8],[-1,4],[0,8],[-5,11],[-3,-1],[1,-6],[-2,-4],[-5,-1],[-2,2],[-2,4],[-2,9],[-3,13],[-1,12],[0,23],[0,17],[-1,21],[-1,7],[-2,16],[1,8],[5,-7],[4,-1],[2,3],[-8,9],[0,7],[-2,6],[0,8],[-4,11],[1,9],[3,3],[3,5],[3,12],[4,3],[2,2],[2,-1],[1,1],[1,3],[4,3],[3,-6],[3,-10],[6,-10],[1,1],[-6,11],[-3,13],[-5,8],[-2,8],[0,11],[0,10],[1,14],[-1,17],[0,7],[1,2],[-2,6],[0,11],[-4,10],[0,8],[2,24],[0,15],[3,0],[8,-9],[5,-1],[5,-3],[5,-6]],[[3120,6472],[1,-1]],[[3124,6492],[-2,3]],[[3121,6520],[-1,9],[-1,5],[0,6],[2,8],[-3,12],[0,8],[0,9],[-2,8],[1,45],[0,6],[2,10],[5,12]],[[3124,6658],[10,1],[3,-1],[3,-3],[3,-2],[3,-7],[2,-3],[0,-4],[-2,-3],[1,-10],[-1,-5],[0,-16],[3,-5],[0,-7],[2,-10],[0,-6],[-2,-11],[0,-14],[5,-20],[0,-4],[-2,-5],[-2,-14],[1,-9],[-2,-7],[5,0],[2,5],[3,3],[-1,5],[3,3],[1,-9],[2,11],[2,5],[2,-1],[0,7],[-2,-2],[-1,10],[2,-2],[2,3],[1,-6],[2,1],[2,-4],[3,1],[-1,6],[4,4],[5,0],[-2,5],[2,6],[4,1],[2,6],[4,0],[4,2],[3,5],[2,4],[3,-9],[1,0],[2,6],[3,2],[4,-3],[3,3],[4,0],[5,-3]],[[3229,6558],[-2,-10],[0,-13],[1,-5],[-2,-8],[-4,0],[0,-3],[1,-12],[1,-23],[1,-5],[2,-5],[3,-8],[1,-8],[4,-12],[2,-2],[-1,-7],[1,-10],[5,-8],[2,4],[0,-12],[1,-12],[0,-18],[0,-8],[2,-10],[-1,-7],[4,-11],[0,-6],[-3,-10],[-4,-7],[-1,-3],[1,-6],[3,-7],[0,-6],[-4,-1],[-1,-3],[-1,-4],[0,-20],[1,-8],[3,-5],[6,-5],[1,-7],[-1,-2],[-3,3],[0,-5],[3,-2],[1,-4],[1,-6],[-1,-7],[-2,-4],[1,-6]],[[3095,6116],[3,-2],[5,-16],[4,-6],[8,-5],[3,-2],[2,0],[2,3],[3,1],[3,-2],[4,-7],[7,-16],[3,-3],[8,6],[1,3],[5,1],[3,-6],[3,0],[0,-9],[5,-6],[2,0],[2,-7],[3,-2],[1,-5],[2,-3],[3,-1],[4,-4],[0,-6],[3,-7],[4,3],[4,-4],[1,-10],[-1,-7],[1,-5],[3,0],[2,5],[2,-6],[-3,-3],[0,-6],[2,-7],[-4,-3],[-1,-8],[0,-32],[-5,-8],[-2,-7],[-1,-9],[-4,7],[-4,3],[-1,9],[-3,5],[-2,-3],[-2,4],[0,4],[-1,12],[-2,8],[-1,13],[-2,7],[-2,-2],[-3,2],[-1,5],[-3,3],[-1,-1],[-3,4],[-2,0],[-11,7],[-2,1],[-3,4],[-1,3],[-4,-8],[2,-13],[1,-4],[-3,-13],[-3,-9],[-2,0],[-5,4],[-4,4],[-2,-1],[-4,2],[-4,7],[-5,12],[-6,19],[-3,13],[0,7],[-1,14],[1,19],[0,29],[0,12],[0,16],[2,3]],[[3068,6388],[3,-1],[4,-4],[3,2],[2,-2],[2,-5],[-3,-4],[-1,-3],[-3,0],[-2,-2],[-4,-1],[-3,-13],[-6,-4],[-2,-3],[0,-11],[4,-11],[0,-16],[-1,1],[-2,6],[-4,16],[-2,9],[-1,14],[0,17],[1,6],[3,-2],[4,8],[1,-1],[3,3],[4,1]],[[3145,6136],[2,1],[2,-7],[2,0],[2,-4],[5,-1],[1,-5],[5,-1],[3,2],[0,-4],[-1,-11],[-1,-5],[-6,-9],[-5,4],[-4,1],[-2,3],[-3,4],[-2,7],[2,1],[2,-3],[1,4],[-3,6],[0,5],[-5,11],[3,4],[2,-3]],[[3079,6438],[1,-6],[1,-6],[-1,-13],[0,-10],[-1,-10],[-3,5],[-1,4],[-4,11],[0,6],[-3,9],[0,10],[-1,8],[4,16],[4,11],[2,-13],[-1,-8],[3,-14]],[[3119,6142],[2,-3],[3,-1],[4,-7],[2,-3],[8,-11],[5,-10],[-1,-2],[-3,6],[-3,2],[-1,-4],[-2,4],[-5,-3],[-4,10],[-3,4],[-2,-3],[-2,11],[1,9],[1,1]],[[3154,6094],[6,-4],[2,-5],[-4,-10],[-3,2],[-3,0],[-8,-2],[-3,0],[-2,4],[3,5],[3,-1],[0,7],[2,3],[5,0],[2,1]],[[3183,6094],[5,-2],[2,-2],[0,-5],[-4,0],[-1,-2],[0,-4],[-1,0],[-3,4],[-1,-7],[-3,-1],[-1,3],[-4,-2],[0,3],[-2,6],[-4,-2],[0,5],[2,1],[2,-1],[1,3],[3,1],[1,-1],[3,-1],[5,4]],[[3167,6071],[3,-6],[3,-2],[3,0],[1,-5],[1,-13],[0,-5],[-2,-2],[-1,6],[-4,3],[0,6],[-4,1],[-3,4],[1,16],[2,-3]],[[3137,6110],[5,-5],[0,-5],[2,0],[3,-5],[-2,-5],[0,-6],[-3,0],[-2,-2],[-1,9],[-3,5],[-1,0],[-2,8],[-3,5],[2,2],[3,-3],[1,4],[1,-2]],[[3185,6103],[1,-8],[-3,-1],[-3,-2],[-5,-1],[-1,2],[-3,-1],[-7,-3],[-2,-3],[-2,4],[5,8],[5,-2],[2,5],[2,-2],[4,1],[3,3],[1,4],[1,3],[0,-3],[1,-2],[1,-2]],[[3068,6403],[7,-6],[3,-9],[-3,-3],[-6,6],[-3,-1],[-6,3],[-1,4],[3,11],[2,0],[4,-5]],[[3190,6084],[1,-3],[-2,-3],[-3,-7],[0,-9],[-3,3],[-4,-1],[-7,3],[0,6],[4,4],[1,-3],[3,0],[2,8],[2,-4],[1,1],[0,5],[2,-1],[3,1]],[[3139,6134],[1,-5],[2,0],[2,-4],[2,-10],[-3,-3],[-3,6],[-7,10],[1,4],[5,2]],[[3067,6419],[0,-12],[-2,2],[-4,9],[-1,1],[1,11],[2,6],[2,2],[0,-8],[2,-11]],[[3082,6538],[6,-9],[3,-7],[1,-3],[-4,0],[-2,3],[-7,7],[0,6],[3,3]],[[3122,6121],[2,-3],[3,-7],[0,-2],[-4,1],[-3,-2],[-1,1],[-2,7],[4,7],[1,-2]],[[3075,6398],[-4,3],[-3,8],[0,12],[2,-4],[3,-10],[2,-5],[0,-4]],[[3165,6087],[1,-5],[3,2],[3,-6],[0,-3],[0,-6],[-2,-1],[-4,8],[-1,11]],[[3164,6075],[-1,-6],[-3,8],[4,9],[1,-3],[1,-5],[-2,-3]],[[3105,6156],[2,-4],[-6,-7],[1,8],[3,3]],[[3454,2591],[-1,-9],[1,-2],[1,-7],[1,-8],[2,-3],[1,-8],[2,-8],[0,-12],[-2,3],[-1,-10],[4,-4],[1,-10],[3,1],[3,-29],[0,-11],[1,-7],[-3,-6],[-6,-6],[-4,-8],[-9,0],[1,-12],[0,-3],[-4,1],[-4,-16],[1,-7],[-2,-4],[0,-3],[-3,-2],[-2,4],[-2,-4],[0,-8],[1,-10],[-2,-2]],[[3302,1788],[-6,10],[-5,8],[-7,9],[-15,17],[-5,5],[-6,7]],[[3258,1844],[1,2],[5,-5],[3,12],[0,6],[2,6],[0,5],[1,2],[0,10],[1,6],[4,4],[3,12],[2,4],[2,2],[0,7],[4,10],[0,19],[2,13],[-3,7],[-2,7],[4,9],[1,6]],[[3288,1988],[4,-1],[2,-2],[5,3],[3,-4],[2,2],[6,-3],[2,6],[3,-2],[0,-9],[1,-1],[-1,-11],[1,-14]],[[3316,1952],[-2,0],[-6,-5],[0,-5],[-2,-1],[-1,-14],[0,-17],[3,-9],[1,-4],[-2,-4],[1,-6]],[[2907,2326],[1,6],[-1,12],[1,12],[-2,8],[0,5],[1,16],[0,12],[3,11],[1,18],[0,7],[0,14],[-1,8],[1,5],[-1,10],[3,15],[-1,4],[0,6]],[[6230,517],[-1,3],[2,5],[2,1],[3,5],[2,4],[1,-2],[5,4],[4,16],[1,11],[1,6],[-1,5],[-3,4],[-4,-1],[-4,3],[-4,8],[-4,-6],[-3,2],[-2,5],[-4,-5],[-3,-1],[-2,-9],[-1,-6],[-3,0],[-2,6],[-1,10],[2,15],[-1,11],[-1,18],[1,5],[-1,6],[1,5],[3,11],[4,0],[1,4],[2,-4],[3,4],[2,10],[2,6],[1,8],[0,13],[0,14],[-1,7],[-4,13],[4,6],[3,2],[1,10],[0,13],[1,10],[-2,17],[-1,14],[0,12],[5,8],[1,6],[5,8],[2,14],[4,3],[2,6],[5,3],[1,4],[1,10],[1,5],[-1,10],[1,4],[4,-4],[3,2],[3,6],[1,6],[5,0],[3,7],[2,5],[1,11],[2,5],[2,-1],[4,4],[1,5],[0,8],[1,4],[3,2],[2,7],[1,8],[2,8],[3,5],[4,-2],[4,1],[2,5],[1,-6],[5,-14],[2,-7],[4,-14]],[[6321,947],[0,-7],[2,-2],[1,-4],[2,-2],[2,-5],[3,-4],[1,-4],[2,2],[2,-3],[3,-12],[2,-5]],[[6341,901],[1,-6],[1,-6],[-3,-5],[-3,10],[-3,4],[-2,8],[-3,-1],[-2,2],[-1,-6],[2,-6],[3,-13],[0,-8],[3,-4],[1,-10],[-3,-7],[-2,4],[-3,3],[-3,-9],[-3,-7],[-4,-4],[3,-14],[0,-5],[-1,-6],[-4,-5],[-3,-6],[1,-12],[2,-5],[2,-9],[3,-1],[0,-18],[-1,-8],[-3,-6],[-1,-7],[2,-7],[1,-13],[2,-4],[1,-6],[-2,-11],[0,-9],[1,-10],[0,-8],[0,-3],[0,-9],[-1,-5],[-1,-12],[1,-6],[0,-9],[0,-9],[2,-5],[3,-2],[3,0],[1,-6],[2,0],[2,-5],[1,-9],[3,-5],[-1,-2],[-3,2],[-1,-3],[2,-10],[2,-2],[5,-9],[3,-12],[2,-4],[-1,-7],[0,-7],[2,-1],[1,-5],[-2,-7],[3,0],[-1,-7],[2,-1],[0,-7],[-1,-4]],[[6348,499],[-4,0],[-4,4],[-3,1],[-7,-4],[-8,-11],[-1,-7],[-3,-7],[0,-9],[-2,-4],[-6,-8],[-3,-6],[-1,-8],[-2,-7],[-4,-1],[-5,1],[-3,-1],[-3,-4],[0,-6],[-7,-3],[-4,-4],[-5,-8],[-2,-8],[-3,-1],[-7,-5],[-5,-8],[-2,0],[-2,4],[-3,1],[-3,-4],[-10,-7],[-5,6],[-4,4],[-3,-1],[-6,-4],[-2,-7],[-1,1],[-2,8],[-3,5],[-2,1],[-1,6],[-4,1],[-2,3],[-2,-1],[-4,-7],[-4,-3],[-3,-6],[-4,-3],[-2,3],[0,4],[2,6],[-1,6],[3,7],[2,12],[2,3],[2,11],[-3,12],[0,17],[8,4],[1,4]],[[6181,528],[2,-4],[1,-10],[0,-4],[1,-11],[3,0],[1,6],[4,-6],[0,-6],[-1,-6],[-4,-1],[-3,-6],[-1,1],[-3,-7],[-1,-6],[-3,-8],[-3,1],[0,11],[-1,-1],[-4,4],[-1,-3],[1,-4],[0,-10],[1,-3],[2,-1],[2,-12],[-2,-8],[2,-10],[-2,-4],[-3,3],[1,-9],[3,-4],[-1,-11],[-2,-4],[-4,3],[-1,13],[-2,4],[-5,0],[-2,-7],[-2,-13],[-3,4],[-2,12],[0,7],[1,11],[-2,6],[4,16],[3,7],[4,3],[4,14],[3,17],[0,1],[3,23],[4,3],[4,4],[4,5]],[[6177,458],[2,-6],[-2,-3],[-1,5],[1,4]],[[4410,6486],[6,7],[1,5],[3,8],[1,6],[5,14],[1,-4],[3,-3],[4,4],[0,4],[6,5],[1,6],[-1,9],[3,13],[-1,11],[3,10],[2,8],[1,1],[2,-3],[6,0],[4,3],[10,0],[8,7],[8,-4],[5,0],[2,7],[7,-5],[8,1],[2,2],[3,-2],[6,10],[0,6],[-2,5],[3,4],[3,2]],[[4523,6623],[8,6],[8,4],[4,-4],[0,-22],[2,-18],[6,-14],[9,-14],[4,-12],[4,-6],[0,-6],[-1,-8],[-4,-14],[-5,-13],[-2,-11],[2,-22],[2,-4],[8,-23],[9,-32],[7,-14],[5,-8],[4,-6],[4,-10],[4,-10],[2,-5],[10,-15],[4,-6],[14,-6],[-3,-43],[-3,-11],[-4,-20],[1,-7],[3,-6],[4,0],[1,-2],[0,-6],[-1,-9],[-1,-3],[1,-5],[2,4],[3,-3],[1,-7],[1,-21],[2,-22],[8,-36],[4,-19],[8,-36],[7,-16],[5,-8],[5,-5],[-4,-17],[-1,-10],[1,-10],[3,-2]],[[4674,6010],[-1,-7],[-5,-18],[-2,-18],[-3,-15],[-1,-6],[-5,-9],[0,-4]],[[4657,5933],[0,-1],[-8,-3],[-6,-4],[-3,-5],[-2,-4],[-4,-19],[-2,-6],[-3,-3],[-10,1],[-2,-4],[-4,-24],[-4,-14],[-8,0],[-3,-6],[-3,-6],[-3,-9],[-4,-1],[-3,8],[0,14],[-2,17],[-1,2],[-4,-8],[-2,-7],[-3,-2],[-4,3],[-2,-2],[-4,1],[-3,2],[-3,5],[-4,1],[-3,-3],[-4,-7],[-3,-1],[-3,1],[-8,7],[-4,7],[-4,-4],[-3,-5],[-2,-8]],[[4743,5889],[2,14],[2,5],[4,4],[1,7],[3,10],[7,10],[5,17],[2,4],[-3,11],[-5,11],[-3,12],[-4,10],[2,12],[-8,8],[-11,4],[-8,0],[-6,2],[-6,6],[-7,-2],[-3,-6],[-5,-18],[-4,-24],[-5,2],[-6,10],[-3,7],[-3,5],[-3,2],[-4,-2]],[[4523,6623],[-4,38],[-4,23],[-3,4],[-2,8],[-1,7],[1,12],[3,13],[1,19],[0,12],[-4,14],[-20,51],[-7,13],[2,11],[1,16],[-2,8],[-4,2],[-1,3],[-4,1],[-5,10],[-1,6],[-8,26],[-4,12],[-2,10],[-6,12],[-4,9],[0,7],[0,15],[0,16],[5,19],[4,19],[2,22],[1,16],[1,37],[0,19],[0,14],[-1,13],[0,10],[-3,24],[-3,14],[-3,9],[0,8],[4,10],[2,10],[0,6]],[[4454,7251],[7,3],[7,5],[5,7],[1,-2],[7,3],[5,-2],[3,-5],[5,-1],[4,-5],[2,2],[2,-3],[1,2],[3,-3],[3,0],[2,2],[1,5],[0,12],[0,9],[-3,10],[0,4],[2,9],[0,6],[4,1],[2,2],[4,11],[3,-8],[1,7],[5,14],[-1,5],[0,8],[0,7],[2,2],[2,6],[3,2],[4,8],[1,4],[1,4],[9,5],[2,7],[-1,4],[1,9],[3,6],[5,-1],[3,-1]],[[4564,7411],[17,-22],[5,-3],[6,-5],[2,-6],[-2,-26],[1,-10],[3,-12],[0,-18],[-2,-18],[-1,-16],[-3,-7],[-1,-5],[2,-11],[2,-14],[1,-11],[-4,-17],[0,-5],[3,-10],[0,-17],[0,-5],[-3,-9],[-5,-1],[-5,-3],[-4,-6],[1,-14],[0,-5],[-2,-9],[2,-8],[-1,-11],[-5,-12],[1,-5],[0,-13],[-1,-10],[5,-28],[-2,-4],[-4,-3],[-1,-9],[-2,-12],[-4,-14],[1,-6],[2,-4],[2,-3],[6,-1],[2,-2],[7,-16],[1,-7],[3,-2],[4,-1],[1,-3],[1,-6],[-1,-9],[1,-3],[4,-3],[5,-1],[8,-3],[2,-4],[1,-14],[1,-8],[4,-17],[5,-10],[2,-8],[2,-12],[-1,-5],[-3,-6],[-2,-6],[-1,-19],[1,-9],[3,-12],[-1,-24],[8,-9],[5,-10],[6,-20],[4,-6],[3,-3],[6,-2],[5,-6],[1,-8],[4,-15],[3,-17],[1,-11],[0,-39],[-1,-26],[0,-22],[-2,-23],[-1,-24],[0,-8],[6,-3],[8,1],[5,-1],[16,-3],[10,0],[8,-1],[2,3],[2,5],[1,9],[-1,10],[0,19],[2,6],[11,34],[4,13],[5,18],[1,2],[3,11],[4,17],[2,8],[2,10],[6,21],[3,15],[2,11],[0,18],[-1,22],[0,9],[-2,15],[0,5],[2,7],[1,11],[-2,23],[3,21],[6,11],[3,-1],[4,-19],[7,-47],[9,-32],[7,-20],[8,-29],[4,-13],[2,-12],[1,-23],[-5,-51],[-2,-5],[-1,-27],[1,-12],[4,-10],[5,-6],[15,-24],[5,-14],[8,10],[3,-1],[0,-7],[4,-5],[3,1],[0,-3]],[[4859,6521],[0,-3],[1,-2],[1,-3],[0,2],[1,-2],[0,2],[1,-2],[1,-6],[1,-4],[0,-1],[0,0],[0,0],[1,0],[0,-1],[2,-1],[0,-1],[0,-2],[1,0],[1,1],[0,1],[1,-2],[0,0],[0,0],[1,-1],[0,-2],[2,-3],[-1,-5],[2,-4],[1,0],[0,-2],[1,0],[1,-2],[0,-3],[2,1],[3,3],[2,2],[3,3],[0,-9],[-4,-8],[-2,-12],[-1,-10],[-2,-16],[-1,-12],[-2,-16],[-1,-12],[-2,-2],[-3,-6],[-1,-6],[1,-13],[2,-18],[3,-13],[2,-3],[-1,-8],[1,-23],[2,-5],[1,-5],[-2,-8],[-2,3],[-2,1],[0,-7],[-2,-4],[0,-9],[2,-4],[-1,-4],[-2,-1],[1,-4],[1,0],[5,-7],[-1,-10],[-2,-8],[-1,-4],[0,-7],[-2,-13],[-3,-7],[0,-5],[-4,-4],[-2,-4],[-2,-6],[-2,-4],[-8,-6],[-5,7],[0,-2],[-5,-4],[-4,1],[-6,5]],[[4841,6157],[2,-9],[2,-24],[0,-20],[-2,-16],[-1,-10],[-2,-38],[-2,-8],[-3,0],[-2,-18],[1,-5],[-1,-38],[-2,-3],[-8,-9],[-5,-10],[-5,-14],[-3,-15],[-2,-5],[-3,-8],[-5,-26],[-4,-14],[-3,-14],[-3,-8],[-4,-5],[-2,-7]],[[4890,6518],[-1,-9],[2,-7],[1,-9],[-1,-4],[-2,0],[-3,-7],[-2,2],[-3,-7],[-3,0],[-1,2],[0,1],[-1,0],[0,2],[-1,0],[-1,5],[0,2],[0,7],[-1,-1],[-1,1],[0,-1],[-1,2],[0,0],[-1,2],[-1,-2],[0,2],[-1,0],[0,2],[-1,1],[-1,-1],[0,1],[-1,0],[0,2],[0,1],[-1,7],[-1,3],[-1,-1],[0,1],[-1,-1],[0,2],[-2,2],[0,2]],[[4859,6520],[4,1]],[[4848,6082],[1,-6],[1,-8],[0,-14],[5,-12],[2,-15],[2,-8],[1,-13],[4,-11],[0,-7],[-4,-9],[-3,3],[0,-5],[-3,-10],[-3,3],[-4,18],[-1,12],[2,5],[5,5],[1,3],[0,7],[-1,7],[-5,9],[2,5],[-1,14],[-2,-6],[1,-5],[-1,-9],[3,-6],[4,-14],[-2,-3],[-2,3],[-2,-1],[-3,2],[-1,17],[-2,2],[0,9],[2,8],[-1,9],[-1,16],[1,6],[1,11],[2,13],[1,-5],[1,-6],[0,-14]],[[4849,6133],[0,-13],[2,-9],[2,0],[2,-8],[-1,-1],[0,-3],[1,-2],[0,0],[1,-1],[2,-14],[1,-1],[1,2],[3,-8],[-1,-4],[-1,-6],[-1,-2],[1,-8],[-1,-4],[0,-5],[3,2],[3,-24],[2,-12],[2,-3],[3,-1],[1,-11],[-1,-2],[0,0],[-1,-1],[0,0],[-1,1],[1,2],[-1,1],[-1,-2],[-1,-4],[2,-5],[-2,-4],[-1,2],[-2,13],[-3,12],[-1,8],[-1,5],[-3,7],[-1,6],[-1,12],[-1,5],[-3,3],[-1,8],[1,7],[-3,13],[-1,17],[-2,14],[-1,13],[-1,5],[0,11],[3,-3],[2,-8]],[[4879,6092],[2,-6],[2,2],[2,-3],[4,-9],[2,-4],[2,1],[4,4],[3,0],[3,-1],[4,-4],[4,3],[2,-9],[0,-7],[-1,-9],[-3,-7],[-3,3],[-5,-1],[-2,-2],[-8,8],[-1,3],[-2,6],[-1,5],[0,0],[-3,-1],[-1,3],[-1,0],[-3,0],[-3,2],[-1,7],[1,1],[1,2],[0,1],[0,1],[-1,2],[0,0],[0,1],[0,1],[0,2],[-1,0],[1,4],[3,1]],[[4900,6207],[2,1],[3,-4],[1,-5],[0,-13],[0,-9],[-2,-11],[-5,-12],[-4,0],[-3,-3],[-3,4],[1,17],[-5,4],[2,2],[0,7],[4,3],[-2,8],[0,0],[2,-1],[1,1],[1,-1],[1,-2],[0,2],[4,14],[2,-2]],[[4899,6247],[3,-6],[-1,-2],[0,-4],[-2,2],[0,-7],[2,2],[6,1],[0,-9],[-3,-5],[-3,-1],[-5,-4],[-6,-6],[-3,-6],[-8,-9],[-3,-1],[-1,-6],[-1,1],[0,-1],[0,-2],[0,-7],[0,-3],[-4,1],[1,8],[-2,5],[2,7],[2,4],[5,11],[4,5],[4,11],[3,6],[3,2],[5,12],[2,1]],[[4893,6300],[0,0],[3,-15],[-3,-6],[3,-5],[-4,-15],[-2,-13],[-3,-6],[-3,-14],[-3,-9],[-4,-4],[-2,-1],[0,8],[0,5],[3,8],[3,27],[3,13],[3,7],[4,19],[2,1]],[[4882,6179],[0,-4],[1,-2],[6,-3],[0,-3],[-1,-8],[-6,0],[-2,-4],[0,-5],[2,-3],[-1,-5],[-3,-6],[-2,11],[-3,3],[0,11],[-2,2],[-1,-6],[-4,0],[-2,-5],[-1,5],[-3,0],[1,6],[2,4],[7,6],[3,-1],[3,1],[2,6],[4,0]],[[4914,6260],[1,-2],[0,-12],[-1,-11],[-4,-10],[-2,1],[-1,8],[-6,-1],[-2,-3],[1,6],[1,-2],[0,1],[0,3],[1,1],[0,2],[-3,7],[9,17],[3,1],[3,-6]],[[4854,6159],[-2,-6],[1,-4],[0,-4],[2,1],[-1,2],[1,1],[0,-1],[2,0],[0,-2],[1,-2],[0,0],[1,3],[0,3],[1,-2],[-1,-3],[0,-1],[0,-1],[1,-2],[0,-1],[1,-1],[1,1],[1,-3],[0,-3],[-3,1],[-1,-8],[-9,8],[-8,22],[3,9],[5,-2],[4,-5]],[[4885,6313],[1,-1],[0,-10],[-3,-21],[-3,-16],[-2,-9],[-1,-8],[-1,-1],[-3,4],[1,6],[-2,15],[2,5],[0,5],[2,0],[2,-4],[1,0],[1,7],[0,8],[-2,6],[2,8],[3,6],[2,0]],[[4860,6153],[-1,0],[0,-2],[1,0],[1,-6],[4,-6],[1,3],[2,0],[2,-7],[8,-3],[2,-5],[1,-7],[1,-7],[-1,-8],[-1,0],[-2,8],[-5,7],[-2,0],[0,5],[-2,5],[-3,5],[-3,-1],[-1,6],[0,1],[-2,-2],[0,3],[-1,1],[0,2],[1,1],[0,3],[-1,1],[0,0],[0,-4],[-1,-2],[-1,1],[1,5],[-3,-2],[0,1],[-1,0],[0,-1],[-2,5],[4,3],[2,3],[2,0],[0,-2],[0,-2],[0,-2]],[[4887,6144],[2,2],[1,2],[11,-7],[1,-4],[-2,-16],[-3,-1],[-4,1],[-2,9],[-3,0],[0,8],[-5,1],[0,2],[3,10],[0,-6],[1,-1]],[[4881,6066],[2,-2],[2,0],[1,1],[1,-1],[1,-3],[2,-7],[-1,-6],[2,-1],[5,-5],[3,-3],[1,-3],[-3,-8],[-4,-2],[-2,3],[-3,6],[-3,8],[-1,9],[-3,4],[-2,11],[2,-1]],[[4858,6126],[1,-4],[1,12],[1,-1],[4,2],[3,-5],[0,-6],[2,0],[1,-5],[2,-2],[-2,-12],[-2,3],[-2,-2],[2,-4],[0,-4],[-1,-2],[-2,6],[-1,0],[-4,9],[-4,11],[1,4]],[[4867,6092],[2,-3],[3,-8],[2,-8],[-1,-3],[1,-10],[4,-9],[0,-7],[-4,9],[-4,6],[-4,14],[-4,8],[-1,5],[2,11],[4,-5]],[[4863,6070],[3,-7],[1,-18],[2,-3],[2,1],[2,-4],[1,-13],[-2,-10],[-3,-2],[-1,9],[-4,25],[-2,1],[0,10],[-2,2],[3,9]],[[4878,6105],[-1,-2],[3,-9],[-4,-1],[-2,-6],[1,-2],[1,2],[0,-2],[0,-2],[0,-1],[1,0],[0,-3],[-1,-2],[-1,-1],[-4,13],[-4,4],[0,3],[2,-1],[0,2],[0,6],[3,1],[1,11],[4,-8],[1,-2]],[[4888,6196],[2,-7],[-3,-4],[0,-6],[-3,-5],[-1,2],[0,5],[-1,2],[-2,-3],[-3,0],[-1,-3],[-2,-2],[0,4],[0,7],[1,0],[0,0],[1,5],[2,-1],[4,5],[2,1],[4,0]],[[4886,6117],[1,-2],[4,-1],[1,3],[2,-6],[0,-11],[-5,-3],[-4,1],[-3,4],[0,6],[3,9],[1,0]],[[4850,6132],[4,-5],[5,-12],[3,-18],[-2,1],[-2,-1],[0,4],[-3,5],[-4,8],[0,6],[-2,1],[0,12],[1,-1]],[[4885,6136],[2,1],[0,-7],[3,-2],[1,-6],[-1,-7],[-3,2],[-2,8],[-2,-3],[1,-5],[-1,-3],[-2,3],[-1,9],[-1,8],[1,3],[5,-1]],[[4841,6037],[2,-7],[0,-6],[2,-18],[-2,-14],[-3,-1],[-1,9],[1,10],[1,9],[-1,8],[1,10]],[[4880,6064],[0,-7],[4,-6],[2,-18],[-3,3],[-3,9],[-2,10],[-4,7],[1,7],[4,-3],[1,-2]],[[4875,6046],[5,-17],[-1,-7],[-3,8],[-1,1],[-1,12],[-2,3],[-4,-1],[-1,9],[0,8],[8,-16]],[[4873,6160],[-2,-3],[2,-7],[3,-3],[0,-4],[-1,-7],[-2,3],[-2,-3],[-2,5],[1,3],[-1,1],[-1,1],[0,3],[-1,6],[2,-1],[2,8],[2,-2]],[[4857,6163],[-2,5],[4,3],[3,5],[1,5],[2,4],[4,3],[1,-8],[-7,-11],[-5,-6],[-1,0]],[[4896,6202],[-2,-7],[-1,1],[-4,0],[-1,2],[0,1],[3,6],[4,4],[1,-7]],[[4838,6019],[1,-3],[-2,-8],[1,-3],[1,-18],[-2,-3],[0,13],[-1,17],[2,5]],[[4859,6096],[2,1],[0,-4],[-1,-9],[-2,-2],[0,4],[0,5],[-2,5],[-1,1],[-1,2],[0,3],[2,2],[2,-2],[-1,-5],[2,-1]],[[4862,6153],[1,-5],[6,-3],[0,-3],[-6,2],[0,3],[-3,2],[0,2],[0,1],[0,2],[0,3],[2,-4]],[[4890,6300],[0,-2],[-3,-15],[-2,-4],[-1,5],[3,16],[3,0]],[[4839,6029],[2,-9],[-1,-4],[-2,3],[-2,-1],[0,7],[3,4]],[[4882,6024],[3,-4],[1,-6],[-2,-3],[-4,8],[2,5]],[[4884,6155],[1,-2],[-1,-6],[-2,-6],[-1,1],[1,5],[0,2],[0,3],[2,3]],[[4872,5998],[-1,-3],[1,-1],[0,0],[1,1],[0,-2],[1,-1],[-1,-3],[1,-8],[-3,3],[0,3],[0,3],[-2,2],[1,4],[2,2]],[[4835,6002],[1,-8],[0,-9],[-2,1],[0,14],[1,2]],[[4892,6249],[0,6],[3,9],[0,-6],[-3,-9]],[[4867,6156],[0,-5],[-2,-2],[0,6],[2,1]],[[4903,6209],[-3,-1],[2,7],[1,-6]],[[4887,6145],[-1,6],[2,1],[1,-3],[0,-3],[-2,-1]],[[5210,7116],[1,-6],[-2,-8],[2,-10],[-5,-23],[0,-4],[-2,-3],[-4,-9],[-1,-4],[-4,-7],[-1,0],[-2,-6],[1,-4],[-4,-9],[-2,1],[-3,3],[-2,-3],[-4,-14],[-2,-4],[-1,-5],[-2,-5],[1,-3],[-5,-12],[-2,4],[-6,-1],[-2,2],[-4,8],[-3,-1],[-2,-2],[0,7],[-3,11],[-4,5],[-3,-1],[-2,-5],[-3,-1],[-2,1],[-8,-21],[-4,2],[-6,-4],[-4,5],[-6,2],[-4,5],[-1,3],[-1,-2],[-7,8],[-2,-5],[-2,3],[-2,-5],[1,-6],[-3,-1],[-2,-6],[-3,-3],[-4,0],[-4,4],[-1,4],[0,6],[1,6],[-5,7],[-7,2],[-7,4],[-10,4],[-8,6],[-11,7],[-5,2],[-8,7],[-3,5],[1,14],[-1,7],[-3,2],[-3,0],[-3,6],[-1,7],[1,8],[-4,8],[1,11],[-2,10],[0,14],[-8,12],[-1,6],[-4,8],[-2,1],[-3,4],[-2,-4],[-1,-9],[3,-6],[0,-4],[4,-6],[1,-6],[1,-9],[2,-1],[1,-9],[2,-7],[1,-2],[1,-12],[2,-3],[-1,-13],[1,-6],[2,-2],[-1,-9],[2,-6],[2,-15],[3,-5],[3,-16],[-1,-4],[2,-12],[-2,-9],[1,-6],[2,-2],[0,-13],[-2,-2],[-5,-2],[-6,-1],[-2,6],[0,5],[-6,5],[-2,3],[-2,19],[-2,-2],[-3,-1],[-4,-6],[0,-6],[-5,0],[-4,-3],[-4,-4],[-6,-12],[-4,-6],[-4,-8],[-2,-8],[-1,-9],[-3,-7],[-2,-11],[-1,-8],[0,-16],[1,-7],[-1,-12],[-5,-1],[-3,-4],[-1,-12],[0,-4],[-2,-6],[0,-9],[-2,-5],[-1,-11],[-3,-9],[1,-3],[-7,-16],[-1,-9],[1,-13],[1,-5],[1,-6],[-2,-9],[-4,-7],[-3,0],[1,6],[-2,4],[-2,-3],[1,-6],[1,-9],[-3,-18],[0,-16],[-2,-9],[-2,2],[-2,-3],[1,-8],[1,-11],[-3,-5],[0,-8],[2,-4],[-3,-6],[2,-5],[1,-10],[-3,-6],[-2,2],[-1,-5]],[[4859,6520],[0,1]],[[4564,7411],[6,19],[1,11],[0,7],[-2,5],[0,4],[4,11],[4,13],[1,4],[6,7],[3,-6],[3,4],[1,5],[-1,4],[2,6],[0,9],[2,3],[0,9],[3,13],[-1,4],[1,12],[1,4],[1,15],[1,7],[2,15]],[[4986,7126],[5,-14],[0,-6],[2,-20],[-2,-1],[-2,9],[-2,8],[-1,2],[-1,8],[-1,7],[-2,9],[0,4],[3,-2],[1,-4]],[[4999,6947],[2,-5],[0,-6],[-1,-7],[-2,0],[-2,4],[-1,8],[1,3],[3,3]],[[4997,7057],[1,-15],[-2,-1],[-1,10],[0,8],[1,1],[1,-3]],[[5000,7038],[2,-4],[-1,-4],[-2,5],[1,3]],[[1154,8012],[0,-9],[-3,-23],[0,-9],[-2,-9],[0,-8],[-1,-11],[1,-14],[1,-38],[2,-18],[1,-12],[2,-8],[2,-13],[3,-14],[2,-11],[2,-1]],[[1164,7814],[-8,1],[-25,-1],[-1,-10],[-10,0],[-6,-1],[-4,-19],[-5,-26],[-2,-6],[-3,0],[-6,-12],[0,-19],[0,-13],[-3,-7],[0,-4],[-4,-7],[8,-8],[2,-4],[-4,-21],[-2,-6],[-6,0],[0,3],[-1,25],[-2,-6],[-1,-5],[-1,-1],[-6,5],[-5,0],[-3,-7],[-3,0],[-4,-8],[-1,-12],[-1,-4],[-4,-7],[0,-36],[0,-7],[1,-10],[-1,-6],[-4,-4]],[[1049,7571],[0,7],[-3,12],[-2,18],[-1,3],[2,10],[-2,12],[5,6],[0,10],[0,6],[2,18],[0,6],[-3,8],[2,3],[2,10],[-2,1],[-3,-2],[0,5],[-2,1],[-3,-6],[-2,5],[-2,-4],[-3,-3],[0,-3],[-5,-3],[-1,-13],[-2,-2],[-4,-8],[-2,-20],[-6,5],[3,19],[-1,15],[1,4],[-1,8],[-1,7],[0,6],[-4,0]],[[1011,7712],[0,5],[2,5],[0,9],[4,5],[4,3],[2,2],[2,10],[1,7],[3,6],[1,6],[3,1],[1,13],[1,13],[2,1],[7,-1],[18,0],[7,5],[7,8],[-4,27],[-1,2],[-1,6],[2,13],[2,21],[5,19],[1,7],[4,19],[2,12],[0,3],[3,17],[0,7],[4,17],[3,8],[1,13],[3,11],[0,10],[0,13],[-1,14],[0,8],[-1,22],[-1,12],[-1,19],[-1,4],[0,14]],[[1095,8128],[8,-18],[2,-22],[0,-10],[-1,-9],[0,-14],[2,-16],[1,-19],[2,-8],[5,-1],[-1,17],[-2,25],[0,26],[2,12],[2,8],[2,5],[4,6],[5,1],[5,-3],[1,-1],[0,-6],[2,-24],[1,-8],[3,-8],[6,-11],[0,-7],[1,-6],[7,-19],[2,-6]],[[1111,8015],[-2,1],[-1,28],[-1,14],[2,0],[0,-10],[2,-19],[0,-6],[0,-8]],[[1164,7814],[-1,-24],[-6,-28],[-1,-15],[-3,-26],[0,-32],[-1,-32],[1,-21],[-1,-10],[-1,-6],[-4,-3],[-2,-7],[0,-13],[0,-5],[0,-12],[1,-8],[3,-6],[7,-4],[5,-1],[0,-26],[-3,-16],[-4,-12],[0,-6],[5,-1],[5,-7],[3,3],[4,-4],[2,4],[1,-6],[0,-9],[-1,-4],[-1,-9],[2,-3],[0,-6],[-1,-10],[-1,-4],[2,-12],[1,-3],[-1,-11],[2,-10],[0,-6],[1,-6],[-1,-9],[-2,-14],[-3,-2],[-2,-4],[-3,0],[-11,2],[0,9],[-2,1]],[[1153,7380],[0,14],[-2,9],[-5,4],[-3,6],[-3,4],[-2,3],[-3,5],[-3,7],[-2,4],[-2,8],[-6,7],[-3,9],[1,5],[-2,6],[-2,1],[-2,12],[-2,3],[-4,19],[-2,7],[-5,12],[-3,2],[-3,-2],[-2,-13],[-5,-22],[-3,-12],[-5,-6],[-6,-3],[-3,13],[-3,23],[-2,16],[-4,1],[-3,-15],[-5,-18],[-3,-14],[-4,9],[-3,12],[-1,1],[-9,14],[-1,8],[-7,8],[0,5],[-3,5],[-1,7],[-2,4],[0,11],[-1,5],[-1,10],[2,9],[5,5],[4,1],[3,-2],[4,-10],[4,0],[1,-2],[3,1],[3,-6],[2,1]],[[1082,8196],[0,-6],[1,-9],[0,-14],[0,-14],[-2,-16],[-2,-7],[1,-7],[4,-4],[2,3],[5,7],[4,-1]],[[1011,7712],[-2,-5],[-3,4],[-1,4],[-4,-1],[0,-10],[2,-6],[0,-9],[-1,-1],[-3,0],[-2,4],[-2,6],[-4,9],[-1,0]],[[990,7707],[-2,8],[-2,11],[1,9],[-3,8],[-4,1],[-1,6],[-1,10],[-2,1],[-6,-1],[-3,4]],[[967,7764],[-5,-1],[-4,7],[-3,9],[-2,3],[0,6]],[[953,7788],[3,10],[2,10],[-1,6],[2,3],[3,1],[8,10],[2,5],[3,1],[1,2],[4,-3],[4,3],[-1,5],[3,8],[-1,14],[1,8],[2,2],[1,-2],[4,1],[1,3],[0,9],[-6,4],[-7,8],[-2,15],[2,17],[1,17],[-2,5],[2,7],[-2,4],[-2,-10],[1,-13],[-1,-4],[1,-4],[0,-5],[-3,-2],[-6,14],[-12,24],[1,4],[6,22],[0,23],[2,5]],[[1092,8147],[2,-2],[0,-6],[-5,-7],[0,7],[1,5],[2,3]],[[1736,4049],[-1,5],[-2,2],[-2,11],[-3,4],[-2,5],[-2,1],[-5,9],[-1,2],[1,10],[-1,6],[0,5],[3,6],[5,-6],[3,7],[3,2],[1,6],[3,7]],[[1779,4444],[1,-7],[5,0],[9,-1],[5,-3],[6,-1],[2,-7],[1,0],[2,-5],[8,-2],[1,2],[8,1],[2,5],[4,7],[8,0],[4,-4],[0,-20],[1,-5],[1,-11],[1,-13],[3,0],[2,3],[0,3],[0,24]],[[1853,4410],[4,-2],[4,1],[7,13],[5,9],[8,-16],[1,0],[3,-6],[10,-15],[2,-1],[4,0],[0,-4],[3,-4],[-2,-8],[1,-17],[-4,-5],[-2,-4],[2,-8],[3,-1],[0,-5],[1,-8],[-4,0],[-3,-4],[3,-12],[1,-11],[2,-2],[-1,-8],[-4,-3],[-1,-7],[-2,0],[-1,-4],[2,-11],[-3,-12],[-2,-4],[0,-9],[1,-5],[-1,-7],[-1,-10],[0,-18],[-4,-9],[-3,3],[-3,-7],[-2,-7],[-3,-4],[-1,-4],[3,-5],[0,-6],[-4,-9],[-1,-4],[-4,0],[-1,-6],[0,-4],[-2,-14],[1,-11],[-1,-8],[-2,-4],[-2,-13],[-1,-3],[-1,-8],[-2,-8],[-1,6],[-8,1],[-1,-5],[-2,-7],[-6,17],[-3,-6],[-3,-27],[0,-8],[-17,-31],[-12,-17]],[[3555,5721],[6,2]],[[3561,5723],[11,-39],[5,-9],[10,-7],[11,2],[9,2],[3,-4],[6,-12],[8,-19],[11,-17],[8,-22],[2,-9],[3,-6]],[[3558,5159],[2,8],[0,29],[-1,12],[-2,3],[-2,-1],[-3,19],[0,6],[-2,1],[-8,0],[-4,1],[-6,5],[-2,9],[-4,0],[-3,3],[-4,12],[0,6],[0,9],[-2,1],[-1,6],[-2,4],[-5,0],[-2,-5],[-18,-32]],[[3726,2304],[1,0],[2,7],[2,0],[1,5],[5,9],[2,0],[1,5],[-1,7],[1,11],[-3,1],[2,15],[-1,9],[0,5],[-1,8],[-1,16],[0,12],[-1,5],[-4,3],[-2,8]],[[3729,2430],[3,5],[2,0],[5,5],[0,3],[5,2],[2,-4],[4,1],[3,3],[3,1],[1,-3],[3,2],[4,5],[3,-4],[2,1],[1,3],[3,-7],[4,-1],[3,3],[2,4],[5,-3],[1,-3]],[[3772,2177],[-2,-1],[-3,-8],[0,-3]],[[1942,3612],[3,-8],[10,2],[9,4],[2,6],[2,-1],[1,-9],[4,-5],[4,-4],[5,1],[5,-2],[2,2],[5,17],[1,16],[5,4],[3,-5],[4,-9],[6,4],[1,4],[1,7],[2,-2],[0,-5],[3,-7],[2,-2],[3,6],[3,5]],[[2028,3631],[2,-5],[2,2],[5,0],[0,-1],[5,2],[2,-4],[1,-17],[4,-9],[0,-10],[1,-5],[3,3],[2,3],[3,1],[4,-6],[0,-7]],[[2062,3578],[0,-10],[1,-4],[-1,-12],[-1,-3],[1,-7],[3,-4],[4,0],[1,4],[7,-5],[1,-11],[2,-9]],[[2080,3517],[-1,-4],[-3,-3],[-1,-6],[-6,-16]],[[2069,3488],[-9,-14],[-3,-9],[-3,-2],[-5,-8],[-1,-5],[-6,1],[-1,-8],[2,-12],[-2,-15],[-1,-2],[-1,-11],[-1,-24],[-1,-22],[-1,-5],[-7,-26]],[[2029,3326],[-3,7],[0,9],[-4,4],[-3,12],[-3,8],[-2,10],[-4,8],[-1,14],[-7,24],[-4,9],[-7,3],[-6,5],[-3,5],[-5,11],[-2,5],[-3,8],[-1,7],[1,8],[-1,4],[-5,10],[-3,1],[-3,4],[-3,-6],[-2,7],[2,7],[1,10],[0,6],[-2,12],[-3,4],[-3,7],[-2,4],[-4,2],[-3,10],[-2,-3],[-3,4],[-5,5],[-1,3],[-4,-2],[-3,9],[-4,15],[-1,4],[-2,2],[-2,5],[0,18],[-3,-3],[-2,-12],[0,-20],[-5,-6],[-3,9],[-1,7],[-3,1],[-2,4],[-4,3],[-4,1],[-8,-11],[0,-5],[-2,-4],[-1,0]],[[1876,3589],[-1,2],[-3,3],[-6,2],[-6,-1]],[[1902,3684],[2,1],[2,-12],[5,1],[5,-5],[-1,-3],[0,-9],[4,0],[2,-4],[3,-12],[0,-12],[2,-9]],[[2219,3335],[-2,7],[-2,4],[-2,5],[-2,3],[-1,4],[-3,3],[-12,6],[0,11],[3,5],[3,14],[2,2],[1,-7],[2,-3],[3,-1],[0,10],[-2,8],[-1,10],[0,11],[3,8],[2,-1],[1,4],[3,3],[2,4],[6,5]],[[2223,3450],[0,-5],[4,1],[4,-1]],[[2231,3445],[1,-15],[2,-7],[1,-1],[1,-6],[2,7],[4,6],[-1,-8],[2,-9],[3,-3],[0,5],[3,3],[0,4],[3,4],[2,-1],[1,2],[7,0],[0,-4],[-4,0],[0,-6],[2,0],[3,-4],[0,-5],[7,1],[0,-21],[-4,-5],[-2,2],[-3,1],[1,-19],[1,4],[9,0],[3,11],[1,-1],[0,-7],[2,-2],[1,-7],[3,0],[4,-14],[1,-5],[-2,-8],[0,-26],[1,-6],[-1,-11],[0,-8],[-2,-3],[1,-13],[2,0],[0,8],[3,6],[6,2],[2,-2],[1,3],[1,-6],[-1,-13],[-1,-5],[7,-2],[4,-3],[0,-3],[0,-26],[1,-4],[3,-2],[2,-5],[-1,-6],[1,-6],[1,-2],[2,-6],[0,-7],[3,-2],[1,9],[3,-2],[0,-5],[4,-3],[2,1],[0,7],[2,0],[2,6],[1,-1],[0,-10],[3,-5],[3,1],[5,20],[2,4]],[[2348,3211],[3,-3],[0,-5],[-2,-17],[-1,-21],[-2,-21],[-1,-6],[-2,-10],[0,-11],[2,-10],[-2,-16],[0,-11],[0,-6],[-2,0],[-1,-17],[-2,-5],[-2,-8],[-2,-9],[-3,-5],[-1,-10],[-4,-5],[1,16],[-1,9],[0,4],[-2,6],[-4,-1],[-2,7],[-3,-1],[-2,2],[-4,-2],[-2,2],[-3,0],[-2,3],[-2,9],[-2,6],[0,7],[-1,2],[0,14],[1,5],[1,10],[-1,7],[-7,18],[2,16],[-2,2],[0,-4],[-2,4],[-2,-2],[-1,-12],[-2,-2],[-1,6],[-3,10],[-1,0],[-4,5],[-2,2],[0,5],[-2,-1],[-9,14],[-2,1],[-1,9],[-3,6],[-2,9],[-1,9],[-2,4],[0,7],[-2,11],[-3,6]],[[2280,3006],[2,-4],[1,-10],[-2,-10],[-1,-3],[-3,-3],[-5,5],[0,5],[1,12],[2,6],[2,3],[3,-1]],[[2286,3049],[1,-1],[-1,-6],[3,0],[-2,-5],[-1,-14],[-5,-4],[-1,1],[0,7],[-2,2],[3,6],[-1,5],[1,5],[3,-3],[2,7]],[[2268,2880],[2,0],[2,-10],[-1,-5],[-3,-4],[-4,2],[-2,5],[0,6],[4,1],[2,7],[0,-2]],[[2250,2893],[-1,4],[2,4],[2,9],[1,4],[4,3],[-1,-11],[-3,-6],[-4,-7]],[[2263,2894],[-2,6],[2,7],[2,-8],[-2,-5]],[[2342,3048],[1,-5],[-2,-3],[-2,2],[1,5],[2,1]],[[2269,2913],[3,-5],[-2,-12],[-1,17]],[[2338,3029],[-3,-9],[-1,-2],[1,11],[3,0]],[[2223,3450],[-4,8],[-2,2],[-1,12],[-6,8],[-1,-9],[-5,-3],[-1,-6],[-3,1],[-5,-3],[-2,-3],[-3,1],[3,12],[-2,3],[-1,-7],[-2,-3],[-1,-6],[-4,-9],[-1,-5],[-2,-9],[-1,-6]],[[2179,3428],[-1,-7],[-5,-10],[-5,-2],[-3,-5],[-1,3],[-4,-8],[-5,-5],[-3,0],[0,7],[-3,7],[-3,-5],[-4,11],[0,6],[-1,5],[-7,8],[-4,10],[-2,6],[-2,1]],[[2126,3450],[0,7],[-2,2],[0,9],[-4,-5],[-2,5],[-1,5],[-3,-2],[-3,1],[-1,-2],[-2,-11],[-2,-6],[-5,-1],[-1,-2],[-3,1],[-2,4],[-3,7],[-3,1],[-4,-3],[-1,4],[-4,1],[-1,7],[-4,12],[-3,4],[-3,0]],[[2080,3517],[2,-9],[4,-6],[6,-3],[1,4],[5,1],[1,-2],[3,-1],[1,2],[1,7],[1,4],[5,-1],[1,7],[7,5],[2,5],[4,-3],[-1,16],[4,5],[5,10],[2,0],[5,7],[1,4],[3,0],[1,-4],[-5,-10],[1,-4],[5,7],[5,2],[1,5],[-1,11],[1,3],[3,13],[0,4],[3,3],[4,2],[3,-3],[2,1],[3,-6],[2,-8],[1,-7],[3,-1],[1,1],[2,7],[2,-1],[2,11],[0,11],[1,8],[-1,13],[4,5],[3,18],[2,8],[2,7],[4,22],[1,6],[-1,6],[1,14]],[[2198,3713],[3,7],[1,6],[0,8],[-1,4],[1,5],[3,-1],[4,19],[0,6],[0,9],[1,3],[4,1]],[[2214,3780],[3,2],[0,-3],[-1,-11],[2,-3],[6,-1],[3,3],[2,7],[4,1],[4,10],[0,6],[1,2],[1,7],[5,9],[1,7],[3,1],[2,13],[4,7],[3,1],[1,2],[2,-1],[2,3],[2,-1],[2,5],[5,5],[3,1],[1,-3],[3,8],[1,-7],[5,-1],[1,-6],[3,-4],[-1,-5],[8,2],[1,-8],[2,-1],[1,11],[2,1],[1,-5],[4,2],[1,11],[0,7],[2,4],[2,0],[0,-3],[-1,-9],[1,-4],[2,0],[2,5],[2,1],[1,8],[4,-4],[1,-3],[-1,-10],[2,-3],[2,-7],[2,2],[1,-5],[3,0],[1,8],[2,0],[1,-6],[2,2],[1,-5],[-1,-3],[1,-7],[2,-1],[2,3],[2,-5],[1,-13],[-1,-6],[-2,2],[-3,-11],[1,-5],[-1,-3],[1,-7],[2,-2],[2,-5],[0,-5],[3,2]],[[2348,3759],[1,-7],[-1,-10],[1,-1],[0,-13],[-2,-3],[-1,-10],[1,-5],[-1,-3],[2,-5],[-2,-4],[-2,-1],[-2,2],[-1,6],[-1,-1],[-2,4],[-1,-2],[-2,4],[-2,0],[-2,-8],[-2,-1],[-2,7],[-4,-3],[-2,-4],[-2,0],[0,-12],[-1,-10],[-3,1],[-3,-7],[1,-7],[-4,-12],[1,-6],[-1,-9],[-2,-4],[-4,4],[-1,-2],[-2,-7],[-1,-9],[-2,-1],[-1,3],[-5,4],[-1,-1],[-1,-5],[-2,-2],[-6,3],[-1,-6],[-4,-5],[-2,3],[-2,-1],[-2,-5],[-5,7],[-2,-6],[-5,-11],[0,-4],[2,-8],[0,-9],[1,-7],[-2,-2],[-5,2],[-1,-2],[-4,-1],[-3,6],[-3,-7],[-1,-7],[-1,-11],[7,-2],[2,-2],[0,-10],[-3,-1],[-3,-8],[-4,-5]],[[2348,3759],[3,5],[1,11],[2,0],[1,-6],[2,-2],[0,-12],[-1,-8],[1,-5],[4,-3]],[[2361,3739],[2,-10],[-3,-15],[-1,-13],[-1,-25],[0,-15],[1,-25],[3,-18],[3,-11],[2,-11],[0,-7],[-1,-5],[-4,-6],[-1,-5],[-2,-21],[-2,-31],[0,-13],[1,-17],[0,-11],[0,-17],[0,-15],[0,-22],[1,-22],[-1,-7],[-2,-7],[-3,-9],[-2,-8],[-2,-12],[0,-7],[0,-27],[1,-55],[0,-19],[-1,-5],[-1,-15],[0,-8],[1,-11],[-1,-3]],[[2062,3578],[3,10],[-1,4],[4,14],[1,6],[1,4],[1,10],[2,5],[0,5],[1,7],[-1,9],[12,3],[1,-4],[2,4],[1,10],[4,20],[-1,3],[2,10],[-1,1],[-2,10],[-2,1],[-1,9],[2,4],[0,7],[-4,4],[-1,4],[2,9],[4,7],[1,0],[2,15],[2,5],[3,2],[1,7],[4,2],[1,4],[0,10],[1,5],[-1,5],[0,5],[4,1],[4,-2],[4,-4],[3,-8],[2,1],[2,-5],[8,1],[0,8],[2,3],[2,-3],[5,6],[3,9],[2,1],[4,-6],[6,11],[3,2]],[[2159,3829],[3,0],[2,2],[1,-14],[3,-6],[0,-7],[2,-7],[-2,-4],[2,-9],[0,-4],[1,-12],[0,-15],[3,-1],[3,-4],[1,0],[5,-15],[2,-2],[1,-7],[2,-2],[5,-1],[3,-4],[2,-4]],[[3284,7110],[8,-9],[5,-1],[4,-1],[3,-6],[1,-12],[2,-5],[-2,-3],[-1,-7],[-1,-3],[-1,-8],[1,-5],[3,-1],[1,-6],[1,-10],[7,-11],[0,-4],[-5,-10],[-4,0],[-1,-2],[-3,3],[-3,-7],[-2,0],[-1,-17],[1,-9],[2,-13],[0,-4],[2,-6],[6,-10],[3,-7],[0,-9],[1,-7],[-3,-19],[0,-8],[-2,-5],[-1,-12],[1,-11],[1,-8],[2,-5],[3,5],[2,-1],[0,-7],[-1,-3],[0,-14],[-5,-6],[-4,-2],[-3,-5],[1,-12],[1,-5],[0,-9],[-3,-2],[-2,3],[-1,-11],[-2,-2],[-2,-5],[0,-8],[5,-8],[5,0],[0,-8],[-2,-4],[-2,-13],[-2,-3],[-3,2],[-3,-3],[-2,-13],[1,-11],[-3,-4],[-1,-5],[0,-8],[3,-24],[-1,-4],[-2,-7],[1,-17],[-4,-7],[-3,5],[-4,-2],[-4,2],[-4,-3],[-1,-7],[-2,-9],[-1,-5],[-3,-5],[-4,-2],[-8,2],[-2,-2],[-5,-10],[-2,-8],[0,-11],[-1,-5],[-3,-5],[-5,-2],[-2,-6]],[[3124,6658],[-5,5],[-9,2],[-9,0],[-4,-2],[-3,8],[-7,2],[-3,6],[2,14],[2,6],[4,-2],[-1,12],[6,-2],[7,7],[1,4],[2,3],[3,1],[-1,17],[-1,10],[-5,14],[-2,4],[-1,5],[-3,5],[-3,-1],[0,4],[-2,7],[-3,-2],[0,12],[1,7],[2,9],[0,6],[2,15],[1,6],[3,7],[2,3],[2,5],[1,11],[-2,11],[-3,5],[-1,7],[-3,-5],[-4,4],[-4,0],[-2,4],[-2,3],[-2,9],[-4,0],[-3,8],[-2,0]],[[704,9043],[0,-5],[-2,-6],[1,-7],[0,-21],[1,-11],[1,-1],[-2,-9],[-2,0],[-3,-3],[-4,-1],[-2,-5],[-2,2],[-4,-11],[-1,-2],[3,-5],[-1,-8],[1,-5],[-1,-12],[0,-4],[3,8],[2,2],[1,-3],[2,9],[2,3],[4,2],[3,-1],[2,-4],[3,-1],[4,-7],[2,-4],[1,-8],[1,-9],[3,-1],[4,1],[1,2],[5,-3],[5,2],[3,-5],[2,-7],[3,-5],[0,-4],[7,0],[4,-3],[3,-4],[2,-6],[3,1],[3,-2],[3,-4],[-1,-8],[1,-8],[1,0],[2,-9],[-1,-3],[1,-14],[3,0],[2,-6],[3,-3],[1,-5],[6,-2],[1,3],[6,-3],[1,-2]],[[706,8976],[2,-1],[1,-4],[0,-15],[-4,-5],[-3,5],[-1,1],[0,9],[2,6],[-1,3],[4,1]],[[694,8949],[0,-6],[-2,-2],[-2,1],[2,6],[2,1]],[[9473,4059],[-1,-11],[-3,-14],[-6,-5],[-10,2],[-10,-1],[-10,5],[-8,-1],[-11,-5],[-7,2],[-13,20],[-16,11],[-8,1],[-12,0],[-14,-1],[-16,-5],[-8,-1],[-6,-5],[-6,3],[-5,11],[-5,-2],[-8,-4],[-4,-2],[-8,-9],[-5,-7]],[[9273,4041],[4,31],[2,20],[2,17],[9,26],[6,10],[6,10],[6,2],[7,0],[6,4],[8,4],[3,11],[0,35],[0,10]],[[9332,4221],[6,10],[7,6],[9,4],[16,1],[13,-4],[9,6],[9,9],[8,24]],[[9409,4277],[6,-1],[13,-5],[3,17],[5,-1],[5,5],[5,2],[7,11],[6,1],[7,-1],[9,2]],[[9475,4307],[0,-3],[0,-15],[1,-19]],[[2502,2510],[1,-4],[-7,-14],[-4,-2],[-5,-6],[-2,-8],[-2,-1],[0,-11],[-1,-4],[0,-9],[-3,-8],[0,-3],[-2,-4],[-1,-5],[-2,-3],[0,-5],[1,-9],[-2,-5],[0,-6],[1,-7],[0,-8],[1,-6]],[[2475,2382],[-1,-4],[-3,-3],[-1,-3],[-3,2],[-1,-4],[-5,7],[-1,-3],[-5,-2],[0,5],[-1,5],[-4,2],[-1,-3],[-3,4],[0,3],[-2,5],[-2,-1],[-2,4],[2,3],[0,6],[-2,4],[-8,11],[-3,2],[-5,1],[-3,4],[-2,2],[-1,3],[-5,4],[-4,6],[-2,11],[-2,4],[-4,11],[-7,7],[-7,4],[-7,1],[-7,-1],[-5,-3],[-3,-6],[1,-6],[-3,-4],[0,3]],[[2363,2463],[0,11],[-1,11],[-3,10],[1,7],[3,8],[0,9],[2,7],[-1,2],[2,10],[4,-3],[3,9],[0,5],[2,5],[-1,7],[2,10],[0,17],[-2,3],[0,14],[2,5],[1,6],[1,0],[1,7],[3,3],[0,6],[1,7],[2,1],[-1,7],[2,3],[0,6],[-1,6],[2,5],[1,9],[2,4],[1,10],[1,2],[2,7],[0,6],[3,6],[1,5],[3,0],[2,3],[2,-2],[2,-7],[2,-3],[4,5],[1,11],[3,15],[-1,3],[-1,7],[2,8],[-1,10],[4,3],[3,6],[0,7],[2,7]],[[2425,2789],[6,1],[4,-2],[1,-5],[-1,-5],[2,-3],[2,6],[2,3],[2,0],[2,-5],[3,3],[2,-7],[2,1],[1,-5],[1,0],[3,-5],[0,-4],[5,-1],[4,5],[1,-2],[6,2],[2,-2]],[[2475,2764],[2,-7],[4,-3]],[[1502,4889],[2,4],[5,-2],[2,5],[6,2],[3,-9],[5,-11],[5,-5],[4,-2]],[[1534,4871],[1,-15],[1,-5],[4,-5],[4,-4],[1,-7],[2,-4],[0,-13],[1,-5],[0,-6],[3,-3],[3,-9],[4,-3],[3,-10],[3,1],[4,-7],[0,-10],[1,-1],[1,-13],[0,-17],[1,-3],[1,-13],[3,-7],[6,-1],[5,-11],[3,-7],[6,6],[4,2],[1,4],[4,3],[3,-5],[7,-2],[3,-9],[3,-6],[2,-7],[3,-9]],[[1625,4670],[0,-14],[0,-15],[1,-4],[0,-8],[0,-8],[-1,-6],[0,-4],[3,-2],[1,-2],[-3,-8],[-1,-7],[2,-12]],[[1627,4580],[-2,-14],[0,-8],[3,-7],[-1,-6],[-2,-4],[-3,3],[-6,0],[1,-5],[-2,-10],[-4,-7],[-2,0],[-5,2],[-1,-2],[-2,-14]],[[6266,1654],[2,-5],[2,-2],[1,6],[3,2],[5,-2],[5,-19],[-2,-6],[-5,-4],[-4,-6],[-5,-1],[-3,-5],[-1,3],[-6,4],[-4,-2],[0,-4],[-3,-2],[-5,-10],[-3,-15],[0,-8],[-2,-8],[-2,-4],[-4,-15],[0,-5],[-1,-8],[-5,-11],[-5,0],[1,9],[-1,5],[-5,-1],[-7,-18],[-6,-11],[-3,-8],[2,-10],[4,-9],[1,-5],[0,-8],[1,-4],[-1,-8],[-3,-5],[-5,-11],[-1,2],[-3,-2],[-2,4],[-2,6],[-1,15],[-1,6],[-3,1],[-3,-4],[-2,-5],[-1,2],[-3,-4],[0,-9],[-3,-9],[-2,-7],[-4,-5],[-4,0],[-7,12],[-2,15],[-2,-1],[-4,9],[-4,-9],[-2,-5],[-3,3],[-4,-1],[-3,3],[-2,-1],[-1,-6],[-3,2],[1,10],[-3,9],[2,5],[2,-2],[2,1],[4,12],[3,3],[3,12],[2,-1],[3,11],[2,12],[6,17],[3,3],[6,5],[1,6],[2,3],[3,-1],[3,1],[3,2],[0,4],[2,2],[4,5],[2,7],[-2,6],[-7,16],[-3,1],[-3,2],[-1,-3],[-6,-1],[-1,-3],[-2,2],[-2,-3],[-1,5],[5,4],[-1,6],[4,11],[3,2],[2,4],[3,-2],[1,-6],[3,-4],[0,6],[3,-5],[3,2],[3,11],[3,4],[6,3],[4,1],[3,-3],[2,1],[0,-7],[-3,-3],[1,-6],[-2,-6],[0,-6],[-2,-4],[-1,-7],[-3,-3],[-2,-14],[-2,-14],[4,4],[5,-9],[3,-1],[4,3],[3,6],[3,12],[-2,3],[0,8],[-3,-1],[0,4],[0,12],[2,-1],[4,2],[0,-8],[-1,-5],[0,-5],[2,1],[1,4],[4,9],[1,6],[-1,6],[0,12],[-2,4],[-3,3],[0,13],[2,-3],[3,4],[3,0],[3,-4],[0,-6],[0,-7],[-3,-2],[5,-4],[5,-1],[2,4],[1,6],[2,1],[-4,8],[1,5],[2,0],[1,2],[4,2],[1,3],[4,11],[4,8],[2,2],[6,-6],[1,-4],[3,-8],[3,-1],[0,-6]],[[1142,6487],[-1,7],[3,7],[6,2],[2,8],[2,13],[3,6],[1,3],[-2,5],[-1,7],[-2,14],[2,9],[-1,10],[1,4],[0,6],[1,10],[4,10],[1,6],[-2,15],[-2,8],[-1,10],[0,10],[-2,12],[-1,8],[-2,8],[1,3],[2,8],[2,11],[1,7],[-5,17],[-2,6],[0,5]],[[1150,6742],[4,3],[6,-10],[3,3],[3,0],[6,9],[3,11],[4,-4]],[[1268,6307],[-2,-6],[-3,-1]],[[1263,6300],[-3,-2],[-4,1],[-3,3],[-1,-8],[-4,-3],[-3,4],[-6,9],[-4,3],[-2,7],[-2,1],[-2,-4],[0,-8],[-3,-4],[-10,0],[-1,5],[0,17],[-4,2],[-1,7],[1,4],[-2,6],[-1,1],[-3,-1],[-3,-1],[-1,3]],[[2080,6511],[3,-4],[5,-13],[2,-5],[2,-2],[1,-5],[3,-6],[3,-13],[0,-4],[-4,-4],[-3,3],[-1,5],[-1,-4],[1,-8],[2,0],[4,-10],[2,2],[-2,9],[2,5],[4,-1],[2,-7],[1,-9],[1,-3],[2,-8],[4,-5],[1,-5],[0,-11],[1,-8],[3,-8],[5,0],[2,-7],[5,1],[3,5],[-2,7],[-1,18],[3,7],[0,5],[5,-12],[2,-10],[2,-10],[3,-4],[1,-13],[2,-7],[4,-7],[3,-8],[4,-9],[5,-6],[2,-1],[3,3],[2,-2],[-2,-6],[1,-8],[-3,-2],[0,4],[-4,4],[-3,-1],[-3,9],[-4,1],[-4,-6],[1,-13],[2,-6],[3,-2],[-2,-8],[-3,7],[-5,0],[0,2],[-3,5],[-3,-2],[-1,-3],[-4,7],[-1,4],[0,7],[-2,-3],[-3,8],[-2,1],[0,5],[-1,7],[-3,1],[-1,-3],[-4,6],[0,12],[-2,3],[-1,-2],[-3,8],[-5,8],[-4,-1],[-8,-6],[-3,-8],[-8,-9],[-6,3],[-2,-2],[0,-3],[-4,-6],[-4,-9],[-1,0],[-3,4],[0,4],[0,5],[-1,6],[-6,1],[-2,-4],[-7,6],[-1,8],[1,8],[-1,6],[0,10],[6,5],[0,9],[2,1],[2,-2],[1,6],[-2,6],[1,3],[2,-2],[5,4],[0,2],[1,17],[0,10],[1,9],[-1,8],[-1,5],[-1,14],[0,7],[1,3],[3,0],[2,-4],[2,1],[1,5],[3,3],[-1,9],[1,7],[2,-7],[4,-7]],[[2059,6306],[0,-6],[4,-7],[5,0],[3,-5],[0,-12],[3,-11],[2,-6],[1,-11],[3,-7],[3,-4],[1,-7],[-2,-9],[0,-4],[-1,-3],[-3,0],[-3,-6],[-5,-19],[-2,-12],[-2,-9],[-2,-18],[0,-5],[-1,-17],[-2,-2],[-4,5],[-1,5],[-3,4],[-2,8],[-1,8],[-2,7],[-2,-4],[-4,-3],[-2,-4],[-1,-14],[1,-3],[-2,-7],[-1,-8],[1,-7],[-5,-9],[-1,0],[-2,7],[-2,8],[0,6],[0,9],[0,10],[-1,1],[-1,19],[-1,6],[-2,18],[-2,0],[-2,3],[-5,14],[-6,13],[0,8],[2,0],[1,7],[0,8],[1,5],[0,8],[1,4],[1,15],[3,0],[4,5],[2,8],[1,17],[1,-4],[0,-6],[1,-6],[1,-9],[-3,-6],[-2,-11],[2,-4],[0,-4],[2,-6],[3,3],[-2,12],[1,4],[0,8],[2,-1],[1,-5],[2,-2],[2,3],[2,-6],[7,8],[1,7],[2,4],[-1,13],[2,2],[0,7],[3,4],[1,-4],[6,5],[1,-3]],[[2068,6647],[4,-14],[3,-5],[3,-13],[3,-6],[1,-6],[3,-6],[1,-7],[5,-17],[4,-11],[3,-11],[2,-5],[3,-9],[3,-1],[2,-6],[-3,-13],[-3,3],[-6,11],[-1,6],[-6,15],[1,2],[-1,6],[-5,-3],[-10,25],[0,5],[-4,10],[-4,16],[-2,7],[1,3],[3,-6],[1,2],[-5,9],[-3,8],[-2,12],[1,5],[2,-4],[2,-6],[4,-7],[-2,12],[2,-1]],[[2042,6599],[4,-5],[4,-11],[1,-7],[2,-2],[4,-10],[1,-10],[2,-3],[1,-5],[-2,-15],[2,-15],[-3,1],[-8,20],[-2,9],[-2,3],[-4,14],[-1,-1],[-4,13],[4,0],[3,-8],[1,12],[-4,6],[-1,8],[2,6]],[[2026,6730],[0,-3],[8,-10],[1,-2],[3,-4],[1,-4],[5,-4],[1,-7],[3,-4],[-3,-3],[-4,5],[2,-9],[0,-4],[-5,-2],[0,6],[-2,0],[0,8],[-3,-3],[-2,3],[-4,13],[0,3],[2,5],[-3,7],[-1,7],[1,2]],[[2056,6343],[3,-3],[0,-6],[1,-7],[-1,-7],[-5,-1],[-2,-3],[-2,1],[-5,-1],[-1,1],[-2,7],[-3,2],[-1,6],[1,7],[4,1],[4,-4],[4,4],[2,0],[3,3]],[[2029,6692],[5,-4],[3,-9],[-1,-8],[-3,2],[0,-4],[-2,3],[0,6],[-3,3],[-3,7],[-1,6],[0,7],[5,-9]],[[2026,6586],[1,-2],[0,-14],[-3,2],[-2,13],[-2,-2],[-3,8],[2,4],[-1,10],[0,1],[5,-11],[3,-9]],[[1995,6293],[2,-3],[7,-1],[0,-11],[-2,-1],[-2,2],[-3,2],[-1,-3],[-2,0],[-2,8],[3,7]],[[2004,6626],[2,-12],[0,-7],[-3,-8],[-2,5],[-2,0],[-2,2],[4,12],[-1,3],[4,5]],[[1996,6275],[4,-3],[2,3],[2,-5],[-2,-3],[0,-12],[-2,-1],[-3,1],[-1,12],[-1,0],[1,8]],[[2066,6762],[1,-4],[3,1],[3,-2],[0,-7],[-2,3],[-2,-6],[0,-11],[1,-13],[-1,-2],[-1,6],[0,6],[-3,28],[1,1]],[[2033,6603],[2,2],[1,-5],[3,-13],[1,-8],[-1,-3],[-2,8],[-2,3],[-1,7],[-2,7],[-2,8],[2,0],[1,-6]],[[2123,6533],[1,-7],[-5,2],[-2,-3],[-3,2],[-1,6],[1,2],[4,-2],[2,1],[1,7],[2,-8]],[[2137,6483],[3,-8],[3,-5],[-1,-7],[-2,5],[-2,2],[-1,5],[-1,1],[-1,6],[2,1]],[[1990,6305],[2,-6],[-4,-7],[-3,3],[0,6],[3,7],[2,-3]],[[2022,6708],[1,-2],[1,-6],[-1,-7],[-4,-3],[2,8],[0,4],[-2,10],[3,-4]],[[2119,6419],[-4,6],[-3,21],[3,-6],[3,-14],[1,-7]],[[2058,6564],[-3,6],[-5,12],[1,7],[2,-1],[3,-13],[1,-4],[1,-7]],[[2063,6589],[1,-5],[0,-5],[-3,4],[-1,8],[2,3],[1,-5]],[[2070,6522],[2,-11],[-4,-4],[-1,1],[-2,7],[4,4],[1,3]],[[2106,6474],[2,-1],[0,-8],[-2,2],[-1,4],[1,3]],[[2056,6721],[1,-6],[-3,-2],[-1,3],[2,8],[1,-3]],[[2066,6535],[-3,-9],[-1,-3],[-2,5],[2,5],[4,2]],[[2004,6312],[1,-2],[0,-10],[-2,1],[-1,4],[1,7],[1,0]],[[2232,5829],[2,-1],[4,-10],[-1,-4],[-3,8],[-2,7]],[[2050,6654],[3,-2],[1,-5],[-2,-2],[-2,9]],[[2047,6735],[-1,-4],[-3,-3],[0,6],[4,1]],[[2076,6550],[-6,14],[1,4],[4,-13],[1,-5]],[[2012,6305],[1,-9],[-2,-3],[-1,0],[0,9],[2,3]],[[2049,6745],[3,-1],[-1,-5],[-2,6]],[[2068,6539],[3,-7],[-1,-4],[-3,9],[1,2]],[[2062,6550],[-4,7],[2,5],[2,-8],[0,-4]],[[1990,6289],[2,-5],[0,-7],[-2,3],[-1,8],[1,1]],[[2027,6679],[2,-1],[-1,-7],[-2,5],[1,3]],[[2137,6466],[-2,2],[0,8],[2,-5],[0,-5]],[[2037,6775],[1,-5],[-1,-4],[-1,5],[1,4]],[[2055,6734],[4,-8],[-2,-2],[-2,10]],[[2062,6543],[2,-6],[-2,0],[0,6]],[[2116,6559],[0,-7],[-2,1],[0,5],[2,1]],[[2025,6673],[4,-4],[-1,-4],[-3,8]],[[2049,6593],[-3,7],[1,2],[3,-6],[-1,-3]],[[2153,6433],[2,-4],[-1,-4],[-2,0],[1,8]],[[2047,6679],[0,-4],[-1,-3],[-1,4],[2,3]],[[2228,5798],[2,-8],[-2,0],[0,8]],[[4577,1452],[-1,11],[0,6],[-3,10],[-3,6],[-1,6],[1,9]],[[4570,1500],[1,0],[5,5],[1,-6],[4,4],[6,-3],[3,0],[1,5],[1,4],[3,-3],[2,2],[0,-5],[4,1],[2,-3],[2,-6],[3,-1],[2,13],[2,3],[3,0],[4,1],[3,4],[2,6],[5,3],[2,3],[2,6],[2,2]],[[4635,1535],[0,-4],[-4,-14],[-4,-12],[2,-11],[2,-10],[-1,-12],[-2,-5],[-1,-9],[-2,-8],[-6,-6],[0,-8],[-3,-9],[-4,-2],[-7,-8],[-1,-4],[-4,-2],[1,-11],[1,-4],[2,-16],[-4,-3],[-2,1],[1,-8],[1,-13],[-1,-4],[0,-5],[-1,-3],[-3,-3],[-3,4],[-2,-8],[2,-13],[-1,-1],[-2,-12],[-3,-9],[0,-3],[-3,-13],[-2,-9],[2,-7],[1,-7]],[[4584,1264],[-5,-3],[-1,-6],[-4,1],[-2,-1],[-1,9],[3,4],[2,-1],[1,4],[-2,3],[-3,-1],[-1,-4],[-2,2],[-3,-1],[-2,-3],[1,-6],[2,-5],[0,-3],[-2,-4],[1,-5],[-1,2],[-2,-3],[-4,10],[-5,15],[-4,6],[0,7],[-3,4],[-2,0],[-1,-6],[-2,2],[-2,6],[-2,0],[-5,7],[-2,-3],[-3,1],[1,5],[-3,2],[-2,7],[1,8],[-2,13],[1,7],[2,6],[1,8],[2,4],[4,-5],[-1,-6],[1,-4],[2,-4],[2,-7],[2,3],[2,-7],[2,-3],[2,5],[2,-1],[1,3],[1,7],[5,11],[5,3],[3,-7],[1,-6],[2,0],[3,7],[0,6],[2,2],[1,-8],[1,-4],[-3,-3],[2,-9],[1,3],[2,-4],[0,8],[2,7],[3,6],[-2,2],[-3,-1],[0,4],[2,23],[1,8],[-1,12],[2,15]],[[4546,1347],[-1,-8],[2,-5],[-1,-5],[-2,15],[2,3]],[[4635,1535],[2,1],[6,-3],[2,2],[0,-6],[2,-1],[3,-7]],[[4650,1521],[-1,-5],[1,-6],[-1,-10],[-4,-11],[0,-17],[-1,-8],[0,-18],[-1,-24],[1,-22],[1,-3],[-1,-13],[1,-5],[3,-6],[1,4],[3,-2],[1,-5],[2,-2],[1,-10],[1,-5],[1,-2],[0,-7],[1,-6],[-3,-7],[-2,-3],[0,-7],[-2,-2],[0,-18],[-3,-3],[-3,-6],[0,-7],[3,-14]],[[4649,1271],[-2,1],[-2,-6],[2,-5],[0,-6],[3,-9],[-2,-5],[-1,-11],[1,-7],[-1,-3],[-4,-7],[-1,10],[-1,8],[3,9],[-1,4],[-2,-4],[-6,4],[3,-14],[-6,11],[-5,1],[-3,7],[-3,-1],[0,-7],[-1,-1],[-4,4],[-1,-6],[-2,-2],[-5,8],[-3,0],[-2,-5],[-4,-1],[-2,10],[-1,11],[1,2],[-3,7],[-2,-4],[-4,1],[-2,-3],[-2,2]],[[4650,1521],[4,7],[-1,2],[2,9],[0,4],[-2,3],[2,6],[2,11],[3,5],[1,10],[2,5],[1,29],[0,5],[4,15],[1,1]],[[4669,1633],[1,-4],[2,-2],[5,1],[4,-5],[5,-3],[4,-4],[2,-4],[2,-1],[3,1],[6,-5],[2,-3],[1,-6],[2,-3],[3,-12],[7,-11],[-1,-3],[2,-9],[0,-17],[-3,-10],[0,-17],[-3,-6],[-3,-7],[-5,-13],[0,-5],[4,-6],[-3,-5],[-1,-9],[0,-10],[2,-6],[-2,-9],[-6,-13],[-2,-7],[0,-3],[-1,-9],[-5,-20],[-2,-5],[-2,-14],[-1,-7],[-4,-13],[0,-9],[-2,-7],[-4,-10],[-1,-4],[-3,-3],[-2,-14],[-1,-3],[-2,3],[0,-6],[2,1],[1,-5],[-1,-9],[0,-7],[2,-6],[1,2],[-1,6],[0,3],[3,-2],[2,2],[1,5],[2,0],[0,-13],[2,0],[4,-5],[4,3],[0,-8],[-3,-1],[-1,-11],[-9,-10],[-1,2],[-1,13],[-2,0],[0,-7],[-3,-10],[-5,-6],[-8,1],[1,10],[2,2],[1,16],[1,6],[1,8],[2,3],[1,3],[-2,5],[-1,2],[-2,-3],[-2,2],[-2,-3],[-3,3],[-4,-17]],[[4718,1594],[5,-15],[-1,-5],[-3,4],[-3,8],[-1,6],[3,2]],[[4713,1610],[3,-9],[-1,-6],[-3,8],[-1,3],[0,6],[2,-2]],[[4570,1500],[-1,8],[-1,6],[5,18],[1,7],[1,-1],[4,2],[5,5],[1,6],[-2,13],[7,-2],[3,6],[2,7],[3,-1],[2,3],[3,9],[0,8],[1,4],[2,1],[4,14],[3,7],[7,13],[4,4],[1,-1],[2,5],[4,5],[7,7],[1,-2],[3,2],[4,-4],[4,1],[3,-3],[2,0],[2,-4],[5,1],[4,-5],[3,-6]],[[4569,1564],[-1,9],[1,4],[1,0],[1,-8],[-2,-5]],[[4574,1566],[-1,0],[0,9],[2,-4],[-1,-5]],[[4581,1563],[-2,-1],[-1,4],[2,5],[1,-8]],[[3975,1596],[-4,7],[-8,6],[-9,3],[-9,-1],[-9,-5],[-3,0],[-3,2],[-4,1],[-2,-7],[-4,0],[-8,-8],[-7,-8],[-2,-5],[-2,-12]],[[3901,1569],[-5,10],[-1,4],[2,8],[-2,5],[-3,0],[-4,20],[1,2],[3,8],[0,9],[-1,13],[-1,10],[-1,7],[0,10],[0,12],[2,11],[1,7],[1,7],[-1,8],[1,6],[-4,4],[-1,6],[0,6],[2,6],[0,5],[3,6],[2,8],[0,4],[-2,5],[3,2],[1,10]],[[3897,1788],[4,-2],[3,4],[4,11],[4,-2],[2,-3],[5,-11],[2,-13],[2,5],[0,7],[2,5],[7,0],[2,-6],[5,9],[3,-1],[6,13],[1,3],[2,3],[5,21],[-1,7],[5,-3],[3,-3],[5,4],[0,-10],[1,-6],[8,1],[3,-1],[4,-16],[1,-11],[2,-6],[1,-7],[1,-11],[-1,-8]],[[5438,4513],[2,1],[0,12],[-1,9],[-2,9],[1,8],[-2,15],[-2,6],[-3,2],[-1,8],[-3,3],[-1,6],[1,9],[2,7],[0,5],[-1,10]],[[5428,4623],[2,8],[3,1],[-2,8],[1,9],[0,10],[2,3],[1,14],[0,10],[2,7],[4,2],[0,7],[5,3],[-1,8],[2,3],[2,-1]],[[5481,4708],[2,-4],[3,-1],[2,-18],[-1,-16],[0,-10],[-1,-9],[0,-11],[3,-4],[5,-1],[2,-4],[8,-7],[4,-5],[2,-1],[3,-3],[1,-5],[0,-5],[1,-6],[0,-7],[2,-9],[2,-2],[2,2],[1,-8],[-3,-6],[-1,-5],[1,-7],[-2,-7],[0,-5],[2,-12],[-1,-15],[-1,-10],[1,-3],[1,-26],[-3,-9],[-1,-19],[1,-5],[-3,-6],[2,-14],[3,-7],[0,-10],[1,-6],[2,-5],[1,-20],[-1,-10],[1,-7],[-2,-5],[0,-13]],[[5520,4342],[-3,0],[-11,8],[-5,-1]],[[5501,4349],[-5,2],[-6,12],[-1,4],[-8,17],[-2,0],[-3,-2],[0,5],[-2,3],[-1,9],[0,9],[-1,7],[-2,3],[0,16],[-2,5],[-5,-2],[-3,1],[-4,8],[-3,0],[-1,2]],[[5441,4761],[-1,9],[1,6],[-5,11],[-4,5],[-1,6],[-2,9],[-2,9],[-3,1],[-1,2],[-2,7],[-1,8],[2,9],[0,5],[-2,4],[-2,11],[-3,0],[-1,2],[-5,1],[-4,7],[-2,9],[0,5]],[[5403,4887],[1,2],[5,2],[0,5],[3,2],[3,-4],[4,6],[3,1],[6,5],[2,4],[4,2],[7,-1],[4,6],[1,-4],[3,1],[2,12],[2,5],[2,-3],[4,-1],[2,-5],[0,-5],[-1,-9],[2,-8],[4,-4],[2,-8],[1,-6],[1,-9],[3,-1],[4,-14],[1,-2],[4,-12],[2,-1],[7,-30],[-1,-13],[-1,-4],[3,-4],[1,-5]],[[5493,4787],[0,-7],[-7,-14],[0,1],[-5,-5]],[[5646,4834],[-3,4],[2,5],[3,-1],[2,8],[2,-3],[1,3],[0,7],[1,2],[1,9],[1,-2],[5,3],[1,4],[0,8],[1,5],[2,-2],[2,3],[0,5],[2,5],[-2,5],[-2,10],[-4,3],[-2,-3],[-3,3],[0,9],[0,9],[3,1],[-1,4],[-3,-3],[-2,5],[0,-10],[-2,-5],[-3,-2],[-4,7],[-2,-1],[-4,1],[-1,4],[-5,1],[-1,-3],[-3,2],[-1,8],[-2,3],[-6,-2],[0,-6],[-2,-1],[-4,5],[0,5],[-2,2],[0,5],[-3,6],[-3,-1],[-4,-4],[-2,5],[-5,-2],[-1,-9],[-4,1],[-3,-4],[-5,0],[-5,-5],[-1,-6],[-2,-3]],[[5573,4931],[-2,10],[-2,17],[1,13],[-3,8],[-1,0],[0,6],[-2,6],[-1,10],[-2,7],[0,8],[-5,33],[0,5],[-2,2],[-1,7],[-1,0],[-3,9],[0,11],[0,8],[-1,1],[-2,8],[-2,0],[3,15],[-1,14],[-1,3],[-3,6],[-1,8],[-3,12],[-2,1],[-2,11],[-1,9],[4,9],[0,13],[3,3],[1,8],[0,12],[0,3],[3,13],[-1,10],[-1,17],[2,5],[-2,7],[-1,5],[1,5],[2,6]],[[5544,5295],[4,-12],[0,-2],[8,-25],[2,-8],[4,-7],[3,-9],[3,-6],[10,-17],[2,-5],[5,-7],[3,-6],[4,-2],[3,-5],[8,0],[3,8],[8,4]],[[5614,5196],[6,0],[14,-6],[6,-3],[6,-6],[3,-5],[1,-5],[5,-6],[1,-3],[3,5],[4,0],[6,-4],[2,-3],[2,-7],[5,-16],[3,-14],[3,-8],[2,-8],[2,-4],[5,3],[5,5],[2,-3],[8,-3],[6,-4],[3,-6],[14,-9],[6,-4],[1,2],[6,1]],[[5744,5085],[4,-8],[7,-6],[2,-14],[1,1],[2,-4],[3,-2],[0,-3],[4,-3],[3,-11],[5,-1],[5,4],[2,0],[3,-4],[1,-6],[2,-12],[2,-9],[3,1],[4,-4],[2,7],[2,-4],[5,-20],[2,-11],[4,-12],[5,-8],[1,-4],[-1,-7],[3,-7],[0,-7],[-3,-13],[-3,-4],[-1,-6],[-1,-17],[-2,-9],[-1,-4],[-4,-7],[1,-22],[-1,-5],[-3,-3],[-2,3],[-2,-4],[-4,-13],[1,-17],[3,-4],[0,-6],[-1,-8]],[[5403,4887],[-1,11],[-2,11],[-1,2],[0,21],[1,12],[-1,7],[0,7],[-1,5],[-2,1],[-4,-10],[-3,-2],[-2,-6]],[[5387,4946],[-3,8],[-5,6],[-5,16],[-5,9],[-1,5],[0,7],[3,17],[1,15],[-1,5],[-5,11],[-2,8],[1,9],[3,12],[2,12],[-1,7],[-3,13],[-2,11],[0,6],[-1,5],[-3,-4],[-2,8],[-2,0],[-1,6],[-5,13],[2,9],[-2,16],[1,6],[5,5],[3,10],[1,4]],[[5360,5201],[4,0],[3,7],[0,2],[5,10],[0,7],[2,2],[1,5],[2,-1],[2,6],[0,5],[2,9],[2,3],[3,5],[2,-2],[2,6],[1,5],[0,5],[1,7],[-1,8],[2,6],[6,4],[2,6],[2,8]],[[5403,5314],[-1,-5],[3,-11],[4,-6],[2,1],[3,12],[1,-2],[2,1],[2,4],[0,8],[2,6],[2,3],[1,14],[4,2],[1,4],[4,1],[6,-6],[2,-5],[8,2],[3,-4]],[[5452,5333],[3,-3],[1,-8],[1,-4],[4,-5],[3,-1],[3,-4],[4,-4],[4,0],[3,2],[3,0],[2,2],[7,0],[2,-2],[2,-5],[6,-7],[4,-5],[2,2],[1,16],[2,12],[1,11],[2,17],[1,6],[0,4],[2,29],[5,0],[2,-10],[5,-13],[1,-1],[5,-15],[1,-9],[2,-5],[0,-9],[4,-16],[4,-13]],[[5573,4931],[-1,-1],[-3,-8],[-3,-1],[-3,3],[-2,0],[-1,-3],[-5,-2],[-1,-5],[1,-6],[-4,-15],[-3,-5],[-1,-11],[-3,-7],[-7,-9],[-2,-11],[-6,-12],[-7,-8],[-3,-3],[-2,-5],[-2,0],[-2,-6],[-3,-2],[-2,0],[-2,-4],[-1,-5],[-3,-4],[1,-3],[-2,-6],[-8,-5]],[[3649,2096],[4,-7],[0,-11],[1,-2],[4,-1],[1,-4],[-2,-16],[0,-6],[-1,-4],[-4,4],[-2,-2],[-1,-7],[-1,-10],[-1,-13],[-1,-4],[0,-11],[0,-1],[-1,-16],[-3,-10],[-3,-10],[0,-6],[-1,-7],[-2,-5],[-2,-7],[-1,-9],[0,-8],[0,-10],[0,-5],[5,-12]],[[3638,1896],[-1,-2],[-3,1],[-2,-6],[-3,-1],[-3,3],[0,4],[-1,6],[-3,4],[0,6],[-2,3],[-2,2],[-1,-4],[-3,1],[-1,-2],[-4,-3],[-4,-1],[-1,-8],[-4,-6],[-6,3],[0,-2],[-3,0],[-8,5],[-2,4],[-5,7],[-2,-4],[-1,3]],[[3573,1909],[0,6],[0,9],[2,19],[2,1],[3,9],[3,3],[1,6],[-1,8],[3,9]],[[3586,1985],[-2,-4],[-4,-1],[0,6],[0,5],[-4,2],[-2,10],[4,6],[-1,6],[1,3],[0,5],[3,13],[3,3],[2,12]],[[3586,2051],[3,-1],[0,-3],[2,0],[4,9],[4,3],[4,12],[4,17],[1,4],[2,0],[3,4],[2,6],[2,1],[-1,7],[4,11],[1,6]],[[3354,2049],[-6,-12],[-3,-11],[-1,-3],[-3,-9],[-6,-13],[-4,-5],[-1,-3],[-4,-9],[-2,-2],[-1,-6],[-2,-4],[-2,-9],[-3,-11]],[[3288,1988],[-3,8],[-1,4],[0,9],[-2,5],[-3,16],[-2,3],[-2,-5],[-3,3],[-2,0],[0,7],[-3,15]],[[3267,2053],[0,3],[1,19],[1,3],[0,6],[3,14],[-2,4],[-1,10],[1,0],[1,15],[3,14]],[[3274,2141],[1,1],[3,-2],[6,-2],[6,4],[2,-1],[3,3],[2,-2],[4,2],[1,-4],[2,1],[2,-4],[1,6],[1,1],[1,4],[3,3],[3,-7],[6,11],[5,5],[2,7],[-1,3],[2,10]],[[3329,2180],[3,-3],[3,-1],[2,-3],[3,-2],[0,-5],[1,-6],[1,0],[3,-7],[1,-7],[0,-7],[1,-12],[1,-4],[2,-11],[3,-11]],[[3517,2002],[1,3],[4,1],[3,2],[3,5],[3,2],[4,-3],[3,0],[2,10],[3,2],[3,-2],[1,3],[5,6],[4,2],[-1,8],[3,9],[3,-1],[3,2],[5,6],[1,4],[3,3],[2,0],[2,3],[2,-3],[5,1],[2,-7],[0,-7]],[[3573,1909],[-4,1],[-7,-1],[-8,-3],[-5,0],[-1,-4],[-4,2],[-3,-6],[-3,2]],[[3538,1900],[-2,2],[0,5],[3,12],[-2,11],[-2,5],[-2,-5],[-3,-2],[-2,3],[-1,-6],[-3,6],[-2,2],[-1,9],[-2,1],[-2,5],[-3,0]],[[4359,6409],[-5,-14],[-2,-1],[-2,4],[-6,-1],[-2,1],[-1,7],[-1,-3],[-5,-2],[-2,-5],[-4,0],[-2,5],[2,12],[-3,17],[1,10],[0,7],[1,3],[-1,6],[-2,5],[0,6],[-1,13],[-3,12],[0,15],[-1,16],[1,1],[0,8],[-1,5],[-3,4],[-3,0],[-3,8],[-3,4],[-2,-5],[-2,0],[-3,9],[-1,1],[0,15],[-1,6],[3,10],[1,2],[1,13],[-3,6],[1,4],[2,1],[3,11],[0,7],[1,10],[1,5],[2,-4],[4,5],[1,19],[3,7],[0,9],[3,9],[4,8],[4,4],[3,0],[1,-8],[2,1],[4,5],[3,-5],[3,4],[3,1],[3,-8],[0,-8],[3,-1],[1,5],[0,5],[5,8],[2,7],[2,5],[3,4],[2,9],[2,1],[1,24],[1,5],[-1,5],[-4,10],[-1,1],[-1,7],[-2,4],[-3,18],[-3,14],[-4,9],[-2,9],[-2,11],[-2,7],[-1,7],[-1,6],[-1,14],[-1,6],[-2,29],[0,3],[-1,14],[-2,12],[-3,8],[-2,6],[-2,0],[-2,6],[-3,0],[-2,3],[-2,-7],[-3,-4],[-3,-7],[-4,-6],[-4,5],[-2,5],[-4,-2],[-1,-4],[-3,-4],[-3,-6],[-4,2],[-3,-2],[-3,-8],[-5,-7],[-3,1],[-2,4],[-3,-4],[-2,1],[-3,-9],[0,-8],[-3,-4],[-1,-5],[-2,-2],[-1,-9],[-3,0],[-1,-5],[-3,-1],[-5,-4],[-5,3],[-1,-6],[2,-15],[-1,-7],[-2,-7],[0,-4],[-2,-3],[-4,4],[-2,1],[-2,2],[-2,-1],[-4,-5],[-3,-7],[-2,-3],[0,-19],[-1,-5],[-5,-5],[-2,1],[-3,9],[-2,2],[-3,9],[-4,1],[-6,5],[-1,-4],[-3,0],[-2,3],[-3,-2],[-2,-4],[-2,2],[-2,-6],[-6,4],[-2,5],[-2,1],[-1,9],[0,7],[-1,12],[-3,-3],[-3,2],[-2,3],[0,5],[4,5],[1,6],[-1,14],[-3,5],[-1,6],[-2,2],[-1,4],[-3,0],[-1,5],[1,5],[-1,5],[-3,1],[-2,-3],[-2,4],[-2,-5],[-2,0],[-1,-5],[-3,-3],[0,-4],[-6,1],[-2,-5],[-2,-7],[-5,9],[-2,1],[-3,-6],[-3,2],[-4,-4],[-4,2],[-2,-2],[-3,-7],[-1,2],[-1,9],[-6,2],[-2,1]],[[4171,7341],[4,4],[0,5],[3,8],[1,6],[2,2],[4,-1],[7,5],[2,8],[3,2],[3,6],[4,3],[2,-1],[1,2],[2,0],[2,5],[0,10],[4,3],[2,-7],[6,-9],[3,-6],[1,1],[3,-8],[2,0],[3,-6],[3,-1],[3,-12],[3,-3],[3,0],[4,-4],[0,5],[3,4],[1,10]],[[4255,7372],[2,-4],[1,-7],[3,-5],[4,-2],[1,-6],[-1,-7],[2,-1],[-1,-13],[0,-3],[2,0],[1,-5],[4,-12],[2,0],[1,4],[3,-3],[1,-10],[2,-3],[3,-13],[-3,-19],[3,-8],[1,0],[6,-6],[-1,-4],[5,-12],[4,-14],[3,-6],[4,-6],[4,-9],[2,14],[5,11],[4,-1],[5,-9],[1,-6],[2,-3],[3,2],[6,7],[1,0],[2,-6],[0,-15],[2,-3],[2,-15],[2,-4],[6,-3],[3,4],[4,-1],[0,-3],[3,1],[7,7],[4,-8],[1,2],[6,-2],[1,-7],[2,-3],[0,-6],[-1,-8],[1,-4],[3,-4],[6,-2],[5,-7],[8,0],[1,2],[1,9],[4,-3],[2,1],[4,0],[4,3],[2,3],[1,16],[4,4],[3,13],[0,6],[2,4],[-1,9],[-2,8],[1,10],[2,1],[2,16],[2,6],[6,6],[6,9],[3,2]],[[2861,2329],[-3,-4],[-3,10],[0,6],[-3,5]],[[2852,2346],[2,4],[2,7],[0,4],[2,8],[2,14],[0,4],[2,8],[4,5],[2,7],[2,3],[0,7],[-2,15],[-3,5],[1,7],[-4,12],[0,7],[-1,6],[-2,-2],[-1,5],[0,10],[-2,3],[4,13],[-2,5],[1,7],[-4,2],[3,18],[-3,5],[-1,5],[-5,3],[-2,4],[-1,7],[-2,2],[-1,7],[-2,0],[-4,5],[-2,6],[-2,9],[-1,-1]],[[5219,4755],[6,-10],[3,-3],[1,-5],[5,-3],[1,-2],[-4,-6],[1,-9],[-2,-6],[-4,-7],[0,-3],[2,-8],[0,-11],[0,-10]],[[5228,4672],[-6,11],[-7,-1],[-5,-3],[-2,1],[-3,3],[-3,-12],[1,-12],[-1,-6],[2,-4],[-1,-9],[-2,0],[-7,-6],[-2,-6],[-1,-11],[2,-10],[2,-4],[-1,-11],[1,-23],[1,-11],[-2,-8],[-1,-10],[1,-11],[1,-12],[1,-3],[0,-12],[0,-4],[-1,-6],[6,-17],[2,-8],[0,-8],[2,-6],[1,-11],[2,-4],[2,2],[5,-21]],[[5215,4419],[-2,-8],[-1,-11],[-3,5],[0,4],[-2,3],[-3,-4],[-1,1],[-2,-11],[-2,-1],[-1,7],[-1,10],[-2,2],[-2,7],[-3,17],[1,6],[-2,1],[-2,8],[0,14],[0,4],[-2,8],[0,6],[-2,10],[-2,7],[-1,7],[0,7],[1,13],[-2,6],[0,8],[3,8],[0,10],[-2,4],[-1,17],[0,1],[-3,11],[2,8],[1,6],[-3,17],[1,6],[-3,4],[-2,10],[-2,2],[-2,5],[-2,8],[-1,10],[0,12],[2,3],[1,-3],[3,3],[4,-6],[4,5],[2,16],[2,13],[0,6],[-1,6],[-2,2],[0,10],[5,21],[0,6],[2,14]],[[5187,4780],[1,-5],[2,-1],[5,2],[7,8],[2,-7],[4,2],[1,-2],[3,0],[3,-11],[0,-6],[4,-5]],[[6521,1008],[4,-11],[3,-3],[1,-3],[-1,-13],[1,-4],[3,-8],[1,-6],[2,-4],[-1,-9],[1,-5],[0,-11],[0,-1],[1,-17],[-3,-11],[-2,0],[-3,-6],[-4,-10],[-5,-13],[-3,-15],[-1,-23],[0,-20],[-1,-7],[-8,-19],[-2,-6],[-4,-1],[-6,-9],[-10,-23],[-2,-10],[-3,-12],[-2,-8],[-1,0]],[[6476,720],[0,5],[-2,4],[-1,5],[1,10],[1,12],[2,25],[2,10],[0,7],[-4,3],[-3,11],[2,9],[-1,4],[-2,7],[-2,2],[-3,0],[-3,-10],[-4,-10],[-3,-5],[-3,1],[-2,3],[-7,3],[-2,5],[0,6],[-2,8],[0,6]],[[6440,841],[2,2],[4,-1],[1,-2],[5,0],[1,2],[-1,8],[1,5],[7,4],[0,-4],[4,-2],[0,17],[-3,3],[-1,12],[0,5],[2,8],[5,7],[0,5],[3,-2],[0,7],[1,8],[0,5],[0,11],[-4,7],[1,3],[4,10],[2,1],[2,9],[-1,6],[-1,5],[3,5]],[[3791,1908],[1,6],[4,0]],[[3820,1916],[3,-2],[3,-11],[6,-4],[3,-1],[0,-5],[3,-1],[4,-4],[2,0],[3,-7],[2,4],[2,0],[1,-5],[0,-5],[1,-7],[4,-4],[2,-8],[1,0],[2,-14],[2,-12],[3,-8],[4,-1],[3,-8],[4,1],[7,-8],[2,3],[2,-3],[2,1],[4,-3]],[[3895,1804],[-1,-3],[0,-5],[2,-6],[1,-2]],[[3901,1569],[-2,-2],[-3,-9],[0,-6],[-1,-4],[-5,-4],[-1,1],[0,7],[-1,1],[-2,-5],[2,-8],[-3,0],[-1,-2],[-3,-1],[-1,7],[-3,-6],[0,7],[-4,15],[-2,-2],[-2,-16],[-2,1],[-1,-4],[-4,4],[0,6],[-2,0],[-1,-4],[0,-7],[-5,-8],[-3,-1],[-5,2],[-1,-5],[-3,-1],[-4,-10],[-1,2],[-2,-3],[-3,2],[-1,5],[-3,3],[-2,-3],[-1,8],[-3,2],[-2,0],[-3,6],[-5,3],[-5,0],[-3,4],[-2,-5],[-8,5],[-6,-2],[-1,6],[-1,-1],[-3,6],[-5,0],[-1,3],[-4,0],[-1,13],[-2,3]],[[3844,1524],[3,-3],[0,-14],[-2,-3],[-3,6],[-2,0],[0,7],[3,6],[1,1]],[[4255,7372],[1,12],[3,3],[-1,7],[3,9],[-1,4],[-3,6],[2,19],[1,7],[2,2],[4,6],[2,0],[2,7],[2,0],[3,5],[3,14],[2,2],[1,13],[1,16],[-1,13],[2,5],[0,6],[-2,8],[0,7],[-1,5],[2,7],[0,7],[-1,7],[-3,5],[2,10],[5,7],[0,8],[-2,6],[3,1],[1,4],[2,3],[5,-11],[5,-2],[2,2],[-1,6],[2,7],[3,3],[-1,7],[4,3],[1,-1],[4,1],[3,4],[0,5],[2,2],[0,4],[-3,10],[-2,-1],[-1,6],[0,15],[4,10],[1,16],[3,2],[-1,7],[-3,1],[-2,7],[-4,-6],[-3,-4],[-4,-1],[0,5],[-2,5],[-1,10],[4,2],[-1,7],[-2,6],[2,6],[1,3],[2,11],[-2,9],[-2,0],[-1,6],[-2,1],[-7,-2],[-4,-6],[-1,11],[0,6],[2,12],[-1,6],[4,1],[6,5],[1,13],[2,6],[0,9],[3,8],[4,-10],[1,2],[4,3],[3,6],[3,-3],[4,0],[1,-3],[2,0],[5,15],[3,0],[3,3],[0,6],[-3,8],[-1,9],[3,21],[2,5],[5,-12],[1,2],[2,6],[1,2],[3,0],[1,8],[1,2],[1,6],[2,1],[0,7],[3,2],[1,-2],[4,1],[2,-2],[2,3],[-1,10],[2,10],[1,0],[1,8],[3,1],[1,7],[3,5],[3,0],[6,3],[3,-7],[2,6],[3,3],[3,7],[2,7],[-2,6],[2,3],[0,10],[-3,-4],[-3,4],[-2,7],[1,4],[-4,10],[-2,4],[0,5],[-2,3],[-1,7],[-2,2],[-2,-4],[-1,1],[-3,-6],[-1,-7],[-3,1],[-2,-2],[-1,2],[0,8],[-3,3],[-1,6],[0,5],[3,0],[2,7],[0,7],[1,4],[-2,13],[0,8],[-3,4],[3,15],[5,8],[2,7],[1,4],[-1,5],[0,8],[3,9],[-3,8],[-2,-2],[-2,1],[-4,7],[-3,3],[3,6],[3,3],[3,9],[1,1],[1,9],[3,1],[-1,11],[1,6],[-1,6],[3,11],[6,4],[4,14],[3,2],[1,-1],[4,3],[0,8],[2,4],[-1,6],[3,9],[3,10],[1,12],[5,-9],[0,-8],[2,0],[2,-5],[-1,-5],[1,-5],[0,-6],[1,-4],[4,0],[1,3],[4,-1],[2,4],[2,-4],[3,3],[1,5],[2,3],[2,8],[3,1],[0,5],[6,2],[4,-4],[1,5],[2,2],[2,11],[1,4],[1,8],[-1,2],[-1,12],[1,5],[0,4],[3,5],[0,9],[2,6],[3,0],[3,6],[0,5],[0,6],[-2,0],[-3,6],[-2,1],[-2,3],[-1,5],[0,9],[0,6],[2,2],[1,9],[-2,1],[0,11],[2,12],[1,2],[-1,9],[0,12],[2,0],[2,5],[-2,17],[2,11],[1,3],[2,14],[3,9],[0,8],[2,10],[3,-4],[2,2],[1,-5],[0,-10],[2,-8],[4,7],[0,3],[2,3],[1,5]],[[4487,8540],[4,-6],[3,-13],[2,-2],[1,8],[2,13],[4,4],[3,2],[4,-1],[1,10],[7,0],[2,4],[-1,11],[3,3],[3,-4],[1,3],[3,-3],[1,-9],[6,-1],[3,3],[3,11],[3,3],[3,5],[5,5],[2,4],[2,18],[-4,15],[-2,11],[0,6],[1,8],[-5,10],[0,8],[-5,23],[3,21],[1,16],[3,4],[1,10],[0,5],[-1,4],[-3,4],[-1,3],[0,19],[-3,3],[1,12],[0,9],[3,4],[-2,7],[1,7],[-1,11],[3,15],[4,6],[0,16],[0,6],[2,10],[0,13],[1,6],[-1,15],[-1,12],[1,9],[1,6],[2,-3],[1,-6],[2,-5],[3,-3],[5,0],[1,-6],[3,3],[4,7],[2,2],[3,11],[5,-4],[2,1],[2,5],[5,-6],[4,0],[-1,-12],[4,-3],[1,-4],[4,-3],[4,3],[2,-8],[1,-11],[3,-2],[5,-2],[1,7],[2,3],[3,-5],[1,1],[3,7],[2,-3],[2,-8],[4,-6],[-1,-9],[1,-6],[3,-9],[2,2],[3,-3],[-2,-5],[1,-8],[-1,-13],[1,-9],[1,-3],[4,-20],[1,-3],[1,-12],[2,-8],[1,-5],[3,-9],[1,-7],[3,-6],[0,-8],[2,-8],[0,-11],[3,-10],[2,-2],[3,3],[2,-3],[3,-10],[2,-3],[5,1],[1,-1],[1,-12],[1,-4],[6,-1],[4,3],[7,4],[6,-3],[6,1],[3,-6],[2,-9],[0,-9],[5,-11]],[[4727,8660],[0,-9],[1,-3],[1,-6],[-3,-18],[0,-4],[-3,-3],[-1,-8],[1,-3],[-2,-10],[0,-9],[-1,-2],[0,-12],[-2,-4],[-3,-1],[-2,-5],[-1,-4],[3,-11],[0,-6],[-1,-7],[3,-8],[5,-6],[-1,-7],[4,-10]],[[6871,2040],[2,-4],[0,-5],[-1,-6],[1,-9],[1,-5],[4,-4],[2,-5],[3,1],[1,-3],[1,-5],[2,-5],[1,0],[2,-3],[1,-11],[2,-1],[2,3],[2,0],[3,3],[5,-3],[2,2],[2,0],[1,2],[2,-4],[-1,-9],[2,-5],[3,-10],[0,-8],[2,-11],[-4,-11],[-2,-1],[-3,8],[-5,-2],[-3,-2],[-4,1],[-3,-2],[-3,3],[-3,-5],[-2,1],[-3,-7],[-2,0],[-3,-9],[-2,2],[-6,-5],[-2,-5],[-2,0],[-2,-8],[-2,0],[-2,-5],[-3,-1],[-3,-5],[-3,-16],[-3,-4],[-1,-13],[-2,-6],[-2,-11],[1,-6],[-3,-20],[-3,-10],[-2,-3],[-4,12],[-5,13],[-4,2],[-4,-5],[-2,3],[-2,-1],[-3,5],[-3,2],[-2,4],[-4,0],[-4,-4],[-2,3],[-6,-2],[-2,0],[-5,-5],[-7,2],[-4,0],[-1,1],[-2,8],[-3,6],[-1,1],[-3,5],[-5,-3],[-4,4],[-4,0],[-4,-3],[-4,-1],[-2,-4],[-2,0],[-6,-6],[-1,-5],[-6,4],[-2,-3],[-2,-6],[-3,-7],[-3,-2],[-1,-2],[-4,-3],[-2,-6],[-2,-8],[-11,-10],[-2,-7],[0,-6],[-2,-1],[-2,7],[1,8],[2,6],[3,13],[1,5],[1,27],[-2,4],[0,10],[-2,10],[2,6],[2,-1],[0,6],[4,6],[3,8],[3,4],[1,11],[-1,3],[-3,5],[1,10],[3,0],[4,5],[1,5],[3,3],[-1,5],[5,21],[1,6],[-1,6],[3,11],[4,0],[2,5],[2,-2],[3,-12],[2,-2],[2,4],[1,-5],[1,-6],[2,-3],[3,3],[3,-4],[1,-4],[3,-1],[2,2],[4,-4],[3,-1],[6,-8],[2,3],[3,-4],[3,0],[1,2],[2,6],[3,4],[5,11],[3,1],[1,-3],[4,2],[2,-4],[3,2],[6,-2],[2,8],[3,4],[2,0],[3,6],[3,11],[-1,3],[4,3],[2,7],[3,-6],[2,2],[2,-1],[3,8],[2,9],[1,4],[2,5],[5,0],[2,3],[2,0],[4,7],[4,-2],[3,2],[1,-2],[4,2],[5,7],[3,2]],[[7534,1904],[3,-2],[9,-4],[7,-8],[3,-2],[2,1],[7,-3],[1,-5],[3,-3],[1,-6],[3,-2],[-2,-4],[-1,-4],[0,-8],[1,-11],[4,-10],[-1,-12],[-2,-8],[-3,-3],[-2,-9],[-2,-8],[-1,-13],[-2,-3],[-3,-25],[-4,-3],[-5,-4],[0,3],[-3,0],[-7,7],[-2,6],[-2,3],[-3,7],[-2,14],[-3,12],[-2,0],[-2,5],[-3,14],[-3,4],[0,10],[-3,4],[-2,7],[2,9],[1,6],[-1,12],[0,9],[1,6],[3,8],[3,4],[2,2],[4,4],[6,3]],[[7124,1716],[5,0],[1,-3],[5,-1],[3,-4],[5,1],[6,-8],[5,1],[1,-7],[2,-3],[5,0],[2,2],[5,1],[8,-5],[5,2],[5,5],[5,-1],[5,-9],[0,-8],[-6,-9],[-4,-5],[-2,-3],[0,-10],[-4,-9],[-1,-16],[-1,-3],[-9,2],[-4,5],[-5,1],[0,7],[-3,8],[-5,3],[-5,1],[-3,-2],[-5,2],[-2,4],[-8,5],[-5,8],[-2,12],[0,12],[-1,6],[-4,8],[0,7],[6,3]],[[7303,2332],[4,-5],[3,-8],[1,-5],[2,-3],[1,2],[5,-3],[3,-4],[0,-6],[-1,-6],[-2,-6],[-7,-5],[5,-15],[-1,-7],[-3,-7],[-2,-13],[-2,0],[-3,2],[-5,6],[-7,18],[-1,1],[-2,7],[-3,-2],[-4,11],[-1,4],[2,12],[3,7],[3,4],[6,15],[6,6]],[[7037,2076],[-1,-5],[2,-5],[2,8],[2,-7],[3,0],[2,-6],[4,-4],[5,7],[1,-3],[0,-11],[1,-5],[-1,-7],[0,-9],[-3,-8],[-2,-1],[-5,-6],[-1,1],[-6,-3],[0,-13],[-1,-6],[-3,-8],[-4,-3],[-3,4],[-3,-1],[-4,13],[1,9],[1,3],[2,7],[6,2],[1,4],[-1,6],[-2,4],[0,8],[-1,15],[2,15],[2,5],[4,0]],[[7217,1655],[1,-5],[0,-6],[1,-12],[0,-5],[2,-8],[-7,-6],[-7,1],[-5,-1],[-1,2],[-4,1],[-5,4],[-4,3],[-1,4],[0,6],[3,12],[0,6],[0,5],[8,-6],[1,1],[4,0],[2,2],[3,2],[2,3],[4,0],[3,-3]],[[7359,1669],[3,1],[6,-3],[5,-1],[6,3],[7,-13],[7,-7],[1,-4],[0,-10],[-3,-6],[0,-5],[-3,1],[-3,5],[-3,3],[-3,7],[-2,5],[-4,0],[-1,-3],[2,-9],[-3,-1],[-7,5],[-1,2],[-4,2],[-2,4],[-8,13],[0,4],[2,3],[8,4]],[[7104,1686],[1,-3],[4,-2],[4,-7],[1,0],[2,-10],[-1,-8],[-2,-5],[-3,-2],[-2,3],[-4,-5],[-3,-2],[-4,-7],[-8,0],[0,6],[-6,6],[1,6],[5,6],[4,13],[3,2],[2,6],[3,3],[3,0]],[[6992,1769],[4,1],[1,-4],[0,-6],[2,-2],[0,-18],[1,-12],[2,-2],[0,-8],[-5,-3],[-3,-1],[-8,2],[-2,1],[-1,6],[1,4],[-2,22],[0,7],[5,10],[0,3],[5,0]],[[7588,1719],[-1,-15],[-1,-4],[-5,-4],[-3,-5],[-3,-13],[-2,-12],[-4,-10],[-2,-4],[-3,1],[-1,4],[4,10],[2,17],[2,9],[2,7],[5,7],[4,3],[3,11],[3,3],[0,-5]],[[7499,1871],[2,-3],[2,-7],[3,-3],[1,-6],[0,-8],[3,-4],[1,-8],[-2,-4],[0,-7],[-4,-14],[-4,4],[-2,7],[0,5],[1,17],[-1,8],[2,7],[-3,11],[1,5]],[[6678,1797],[2,-11],[3,-7],[0,-10],[-1,-7],[-4,-19],[-1,7],[0,15],[-1,8],[0,5],[0,13],[0,6],[2,0]],[[7504,2542],[1,-7],[-1,-4],[0,-7],[-2,-6],[-2,-4],[-6,4],[0,6],[1,10],[2,6],[2,-3],[5,5]],[[7534,2057],[0,-3],[3,-11],[2,-2],[4,4],[2,-2],[-2,-10],[-4,0],[-2,-3],[-1,4],[-5,7],[-1,3],[2,13],[2,0]],[[7417,2396],[4,-2],[2,-6],[-1,-9],[-1,-4],[-3,-2],[-2,1],[-2,5],[0,6],[0,8],[3,3]],[[7619,1924],[5,-5],[-1,-14],[-2,-2],[-4,11],[-2,2],[-2,-3],[-1,5],[1,5],[3,-2],[3,3]],[[7605,1957],[2,-6],[1,-15],[2,-7],[-6,1],[1,5],[-2,2],[-2,10],[1,4],[3,6]],[[7083,2029],[1,-3],[0,-7],[2,-1],[0,-9],[-4,-7],[-1,5],[1,6],[-1,9],[-2,16],[1,6],[3,-15]],[[7335,1683],[2,-3],[3,1],[1,-11],[2,-1],[0,-9],[-2,-1],[-1,3],[-1,15],[-2,1],[-2,5]],[[7320,1679],[1,1],[2,-5],[3,-3],[-2,-7],[-4,3],[-2,12],[2,-1]],[[7606,2786],[3,-1],[2,-7],[0,-5],[-3,-1],[-1,2],[-3,9],[2,3]],[[7290,2160],[3,-4],[-1,-11],[-2,-2],[-1,8],[1,9]],[[7293,2194],[-2,-11],[-1,8],[2,11],[1,-1],[0,-7]],[[7016,2067],[1,-3],[-1,-8],[-1,-1],[-3,7],[1,4],[3,1]],[[6719,1979],[1,-8],[-3,-3],[-2,0],[0,6],[4,5]],[[6679,1809],[-2,4],[2,11],[1,0],[0,-13],[-1,-2]],[[7187,4312],[-1,-5],[-3,0],[-1,-3],[-4,-4],[-3,-9],[-1,-9],[-2,-2],[-3,-8],[-4,-1],[-3,3],[0,2],[-5,0],[-1,7],[-3,15],[-1,10],[1,7],[-1,16],[5,5],[4,11],[1,8],[2,1],[2,6],[2,1],[1,4],[5,11],[2,6],[2,-2],[3,3],[5,0],[3,5],[2,-3],[5,0],[2,1],[2,-4],[6,2],[3,5],[0,7],[2,8],[2,6],[2,4],[1,7],[2,6],[1,-1],[4,9],[3,4],[4,1],[2,2],[5,-6],[1,-4],[5,3],[1,-2],[2,-13],[-1,-8],[-4,-10],[-2,-4],[2,-13],[5,-6],[1,-7],[-1,-4],[1,-8],[-1,-3],[-3,-2],[-4,3],[-2,0],[-2,5],[-5,4],[-2,-1]],[[7628,4736],[0,-7],[-1,-4],[0,-13],[-1,-6],[1,-8],[-1,-13],[1,-5],[0,-16],[0,-2],[0,-11],[-2,-7],[-1,-11],[1,-4],[0,-9],[-2,-9],[-2,8],[-4,1],[-3,7],[-5,-1],[-14,7],[-7,4],[-3,-2],[1,-19],[-1,-6],[-3,-7],[2,-7],[-2,-15],[-3,-6],[0,-11],[-2,-11],[-4,-9],[0,-9]],[[7573,4535],[-4,3],[-3,0],[-2,5],[-2,1],[-5,-5],[-2,1],[-2,-3],[-4,4],[-2,5],[-2,2],[-4,-2],[-7,-3],[-3,3],[-2,0],[-6,4],[-2,-3],[-2,0],[-2,3],[-1,-1],[-5,5],[-2,0],[-3,-3],[-5,7],[-3,-5],[-3,-9],[4,-10],[2,-10],[1,-2],[1,-6],[2,-6],[2,-2],[1,-9],[3,-20],[-1,-10],[-3,-12],[-3,-2],[-2,1],[-8,8],[-3,1],[-1,4],[-5,7],[-5,5],[-5,6],[-4,0],[-2,3],[-4,-1],[-1,2],[-4,-4],[-2,3],[-2,-2],[-2,3],[-4,-2],[-7,5],[-2,0],[-2,3],[-3,0],[-5,7],[-3,-1],[-2,5],[-3,7],[-3,1],[-1,4],[-3,-2],[-3,7],[-4,3],[-2,0],[-2,4],[-5,-6],[-6,2],[-2,-4],[-2,2],[-3,-3],[-2,1],[-3,-4],[-3,0],[-3,4],[-3,-1],[-2,2],[-2,9],[2,2],[0,5],[3,11],[6,10],[0,5],[0,11],[0,11],[-1,11],[-3,3],[-4,7],[-7,3],[-3,0],[-6,-4],[-1,-9],[-2,-8]],[[7353,4592],[-1,-1],[-2,9],[-7,60],[-5,49],[-4,-1],[-1,7],[-1,13],[1,5],[-2,12],[2,13],[2,5],[0,12],[-2,16],[0,7],[1,5],[-1,3],[0,6],[0,10]],[[7333,4822],[7,-8],[5,-2],[6,0],[7,4],[5,4],[4,1],[4,1],[2,3],[5,2],[4,7],[2,1],[3,5],[3,9],[4,5],[4,1],[3,-8],[1,-7],[0,-15],[2,-6],[-1,-2],[-1,-6],[1,-6],[-2,-11],[0,-5],[2,-1],[2,-18],[7,-10],[1,-4],[3,-3],[2,5],[3,6],[5,-6],[2,0],[-3,11],[0,6],[2,5],[4,-15],[3,7],[1,8],[3,2],[2,5],[4,3],[8,13],[1,3],[7,7],[2,4],[6,24],[-2,9],[3,8],[5,2],[3,-3],[4,5],[5,-2],[3,1],[2,-1],[3,-4],[4,3],[3,-4],[0,13],[1,0],[3,-7],[-1,-4],[2,-5],[7,-5],[2,-1],[5,4],[2,-1],[1,-9],[2,-4],[3,-1],[4,2],[4,-5],[5,0],[5,-9],[6,-7],[5,-2],[1,-2],[1,-13],[3,-11],[3,-4],[3,4],[6,7],[4,-1],[1,-2],[-3,-7],[1,-10],[3,-1],[0,6],[3,5],[1,-12],[0,-5],[7,-9],[2,-1],[2,-6],[9,-9],[3,3],[2,-10],[3,-4],[2,-1],[6,0],[6,6],[2,-1]],[[7269,4431],[5,-4],[2,0],[2,3],[5,-8],[2,-5],[2,-3],[2,2],[4,-17],[2,-11],[-3,-10],[-2,1],[-3,-3],[0,-5],[-4,-2],[-2,6],[-1,-5],[-3,-2],[-6,3],[-2,-4],[-2,-1],[-1,-4],[-3,0],[-3,-4],[-3,1],[0,5],[3,9],[0,7],[-1,7],[3,12],[-1,7],[0,3],[-2,6],[1,4],[2,6],[1,0],[4,7],[2,-1]],[[7296,4442],[2,-3],[3,1],[1,-4],[2,-2],[1,-4],[3,-4],[0,-4],[4,-1],[6,-9],[1,5],[0,3],[0,14],[1,8],[5,-3],[3,-8],[-1,-12],[2,-4],[0,-7],[0,-9],[0,-7],[0,-6],[1,-7],[-1,-12],[-2,0],[-1,8],[-2,2],[-3,9],[-5,7],[-3,1],[-2,-5],[3,-6],[-1,-15],[-3,-7],[-2,4],[-2,7],[0,5],[-4,3],[2,8],[-3,7],[-1,8],[-1,5],[-4,1],[-5,11],[0,8],[3,11],[3,3]],[[7339,4351],[2,-1],[1,5],[1,-2],[2,-5],[1,-13],[-2,-7],[-4,-5],[-4,1],[-2,17],[0,9],[3,6],[2,-5]],[[7592,3842],[0,-8],[3,-16],[-5,-13],[-6,4],[-1,4],[-3,0],[-1,3],[-2,-2],[-1,-5],[-2,5],[0,6],[3,1],[1,-2],[4,1],[2,-2],[5,4],[2,11],[0,7],[1,2]],[[7578,3844],[3,-6],[-1,-12],[-2,1],[-3,2],[0,5],[3,10]],[[7614,3786],[-2,0],[-1,10],[1,4],[3,-4],[-1,-10]],[[7537,3814],[-2,-5],[-2,-1],[2,10],[3,4],[-1,-8]],[[7553,3836],[4,-3],[0,-5],[-2,-4],[-2,11],[0,1]],[[7581,3845],[3,-2],[0,-6],[0,-7],[-2,0],[0,7],[-1,8]],[[7386,4894],[-2,-8],[-2,-1],[0,6],[2,4],[2,-1]],[[7303,4346],[-2,6],[0,7],[1,2],[1,-15]],[[7404,4798],[1,-3],[-2,-5],[-1,5],[2,3]],[[8290,3383],[1,1],[4,-8],[3,-9],[-1,-17],[-2,0],[-2,-9],[-3,-27],[0,-15],[-1,-3],[0,-16],[-1,-3],[-1,-15],[-2,-4],[0,-11],[-2,-19],[-1,-11],[-1,-4],[-3,-16],[-4,-17],[-5,-3],[-3,-6],[-5,-11],[-3,-11],[-2,-12],[-3,-8],[-2,-9],[-3,-8],[-2,-22],[0,-6],[-2,-16],[0,-4],[1,-5],[0,-4],[3,-9],[-2,-3],[0,-9],[-1,-3],[-3,-2],[-2,-10],[-2,-2],[-2,-10],[0,-4],[-3,-13],[-1,-4],[-3,0],[-2,-5],[-1,-6],[-3,-5],[4,21],[1,7],[0,13],[0,8],[3,-4],[1,6],[-2,6],[-1,6],[1,8],[3,4],[-3,7],[1,4],[3,4],[3,11],[-1,5],[4,13],[2,3],[0,5],[-1,3],[0,5],[2,3],[1,21],[-1,1],[1,10],[-1,5],[1,5],[4,10],[0,6],[2,5],[1,-1],[1,-7],[5,5],[1,10],[0,10],[2,3],[-1,6],[1,13],[2,9],[0,5],[2,12],[1,3],[1,7],[0,12],[1,5],[1,19],[1,11],[3,15],[0,14],[4,8],[1,14],[0,5],[1,11],[1,3],[1,14],[3,8],[2,-6],[1,6],[3,6],[1,-8]],[[8193,3181],[0,-15],[-2,0],[1,13],[-1,0],[-1,-5],[0,-11],[6,-1],[0,5],[4,1],[0,-4],[-1,-11],[2,-17],[0,-7],[1,-7],[2,4],[3,0],[1,-7],[-1,-6],[0,-6],[0,-8],[1,-8],[3,2],[0,-5],[3,-3],[1,-9],[0,-21],[1,-6],[-4,-10],[0,-7],[-1,-6],[-1,-22],[-1,-2],[0,-6],[-3,-4],[-2,2],[-2,-3],[-4,-3],[-2,0],[-1,6],[2,11],[-1,3],[2,14],[-2,3],[-2,-1],[0,-9],[1,-11],[-1,-4],[-4,-9],[-1,7],[2,9],[-1,7],[-1,4],[-4,-3],[-2,3],[1,15],[1,4],[0,7],[1,10],[2,1],[1,4],[0,16],[-3,5],[-2,8],[0,5],[1,8],[0,6],[2,2],[2,-2],[0,-11],[2,-16],[0,-7],[2,-10],[0,-6],[-2,-14],[-1,-5],[2,-3],[1,2],[0,13],[2,9],[-3,17],[-1,12],[0,16],[-1,3],[-3,9],[-1,6],[-4,8],[-1,-2],[-1,6],[1,6],[0,6],[-1,10],[-1,-5],[-3,5],[1,7],[0,12],[-2,11],[-3,7],[1,6],[2,-9],[4,-2],[2,-2],[2,-7],[2,0],[2,5],[0,6],[1,4],[3,5],[3,3],[-1,-9],[1,-4],[-1,-8]],[[8141,2965],[-1,-18],[-3,-5],[-2,-2],[-2,1],[-1,13],[3,1],[2,-6],[2,3],[0,7],[2,6]],[[8155,3023],[1,-9],[-1,-3],[-2,-4],[-1,5],[-1,12],[2,9],[2,-1],[0,-9]],[[8154,3056],[3,-2],[1,-9],[2,-2],[0,-5],[-2,-1],[-2,2],[-3,6],[0,5],[1,6]],[[8210,3115],[1,-5],[0,-15],[-3,1],[0,20],[2,-1]],[[8169,3058],[3,-9],[-2,-6],[-2,0],[-1,8],[2,7]],[[8212,3122],[1,-2],[0,-11],[-2,7],[0,6],[1,0]],[[8162,3068],[3,-1],[2,-4],[1,-5],[-2,-2],[-4,9],[0,3]],[[8168,3180],[-1,-1],[-3,6],[4,0],[0,-5]],[[8204,3138],[1,-6],[-1,-4],[-1,7],[1,3]],[[8183,3114],[-1,-8],[-2,3],[1,4],[2,1]],[[7964,2299],[1,-2],[0,-13],[-1,-7],[-2,-4],[-2,-6],[2,-4],[4,3],[3,1],[-1,8],[2,5],[3,1],[3,3],[0,-5],[-3,-6],[5,-1],[-1,-7],[3,-4],[-2,-3],[2,-4],[4,-11],[-1,-6],[-3,-2],[-3,0],[-1,-3],[-3,-1],[-2,2],[-2,-3],[-2,5],[-4,-4],[0,-6],[-1,-5],[-3,-1],[-1,-8],[2,-7],[0,-18],[2,-2],[1,-6],[2,-7],[-2,-5],[0,-5],[2,-2],[0,-7],[4,-1],[0,-3],[0,-10],[-4,0],[-3,-2],[1,-7],[3,1],[-1,-7],[2,-12],[3,5],[5,3],[-1,-6],[-1,-3],[-3,-2],[0,-4],[-3,-2],[1,-6],[-1,-12],[0,-8],[-1,-5],[-2,3],[-2,-4],[4,-3],[-2,-20],[1,-3],[-3,-7],[1,-5],[-4,-14],[1,-4],[-2,-3],[1,-11],[-2,-4],[-1,-10],[-2,-3],[-2,5],[-1,-6],[-3,-4],[1,-5],[-4,-11],[-1,-11],[-2,-10],[-4,0],[-2,-4],[-9,-1],[-2,-7],[2,-4],[-2,-20],[-3,3],[0,4],[-2,-3],[2,-12],[0,-7],[-7,-2],[-3,-9],[0,-6],[-3,0],[-3,-3],[-3,-8],[0,-3],[-2,-4],[-1,-11],[1,-3],[3,-2],[-2,-7],[-2,-1],[-2,2],[-2,-2],[-1,-9],[-2,-5],[1,-4],[3,4],[1,0],[-2,-11],[-2,-1],[2,-15],[-1,-8],[-3,-2],[-2,-9],[-3,-6],[-2,2],[-1,9],[2,13],[2,11],[-1,13],[-2,0],[1,8],[-2,2],[-4,-12],[1,-4],[0,-6],[-3,-3],[0,-3],[-2,-10],[-2,-4],[-1,-5],[-2,-3],[-1,2],[-2,0],[-3,1],[-4,5],[-2,-2],[-1,2],[-4,-2],[-2,-3],[-7,2],[-1,3],[0,16],[2,15],[2,14],[-1,12],[-3,4],[0,8],[-1,2],[-1,-11],[-2,5],[-1,5],[0,6],[0,11],[6,15],[3,-8],[3,-1],[2,6],[1,10],[-1,5],[-3,5],[-3,-3],[-1,9],[4,6],[0,6],[2,2],[2,7],[-1,3],[-4,-3],[-1,13],[-2,1],[-2,4],[1,7],[2,7],[1,7],[3,-3],[1,-5],[5,-9],[1,-7],[2,-2],[3,2],[1,-3],[8,4],[0,6],[-2,0],[-3,6],[-3,-2],[-2,0],[-2,5],[1,6],[-2,4],[-2,4],[-1,4],[2,6],[1,6],[3,29],[1,7],[2,11],[2,4],[2,11],[2,13],[0,13],[2,11],[5,14],[2,0],[4,9],[5,3],[1,6],[2,2],[0,-9],[1,-5],[3,-1],[2,9],[-1,6],[1,5],[3,5],[2,1],[2,4],[-4,12],[3,7],[0,5],[5,10],[4,-4],[2,5],[0,-6],[5,3],[-3,8],[-1,8],[0,7],[2,5],[0,6],[3,0],[1,11],[1,-1],[0,7],[2,8],[3,5],[2,0],[1,-5],[2,3],[3,0],[1,9],[-1,11],[-2,3],[0,20],[1,5],[4,8],[2,-4],[3,0],[1,2],[1,9],[2,1],[8,0],[3,1],[1,4],[4,0]],[[7829,1732],[2,-9],[4,-3],[1,-5],[3,-3],[1,-10],[-1,-6],[-3,-8],[0,-6],[3,3],[3,7],[3,4],[1,7],[3,6],[4,1],[5,-2],[0,-6],[-2,-9],[-4,-10],[-5,-7],[-1,1],[-5,-8],[0,1],[-3,-4],[-5,-10],[-3,2],[-2,-4],[-2,-1],[-1,-3],[-3,-7],[-3,-5],[-2,-1],[-3,5],[-6,-1],[-3,1],[-3,-5],[-5,-4],[-1,-10],[2,-2],[1,-13],[-1,-4],[-4,-5],[-3,-2],[-6,-9],[-1,0],[-2,-6],[0,-7],[-7,-2],[-1,5],[-2,-5],[-3,2],[0,4],[2,8],[3,3],[2,9],[2,4],[-1,3],[5,17],[5,8],[4,11],[3,6],[2,1],[3,-2],[3,1],[2,3],[2,9],[-2,12],[-1,14],[0,7],[2,6],[3,5],[0,-6],[1,-3],[7,2],[1,-6],[1,-1],[3,3],[0,7],[-3,2],[0,7],[4,14],[3,8],[4,1]],[[8023,2304],[1,-5],[2,-12],[3,-11],[1,-7],[3,-4],[1,-6],[0,-15],[2,-2],[-2,-8],[-1,-9],[-2,-4],[-3,-2],[-2,4],[-3,10],[-3,0],[-3,13],[0,13],[-1,4],[-3,3],[-4,5],[-3,1],[-8,1],[-1,-2],[-3,-1],[-3,2],[-3,-4],[-1,-7],[-1,1],[-3,5],[-4,-1],[0,5],[-2,6],[1,11],[5,10],[3,3],[3,-2],[9,2],[4,-1],[4,1],[4,4],[3,1],[6,-2],[1,4],[3,-4]],[[7857,2129],[1,-6],[0,-6],[-4,-8],[-3,-9],[-1,-7],[-3,-5],[-2,0],[-3,-8],[-3,-4],[-1,-4],[-2,-6],[-2,-7],[-2,3],[-2,8],[5,4],[0,8],[-3,0],[0,-5],[-2,0],[-2,-4],[-4,2],[-2,-4],[-3,5],[-3,-1],[-1,8],[0,7],[0,8],[2,13],[2,4],[5,4],[4,1],[1,-2],[4,2],[4,0],[8,3],[7,6],[5,0]],[[7843,1993],[5,-5],[-2,-15],[0,-4],[-2,-6],[-3,-10],[-4,-2],[-4,2],[1,6],[-1,6],[-4,-4],[0,-4],[-2,-4],[0,-4],[3,-8],[-4,-2],[-1,1],[-4,-7],[-2,-2],[-1,3],[-3,-4],[-1,3],[0,9],[1,10],[-2,8],[2,7],[2,0],[7,3],[3,3],[4,8],[2,-2],[2,7],[4,2],[3,0],[1,5]],[[7790,2076],[1,-4],[4,-3],[1,-4],[2,0],[5,-4],[3,0],[2,-3],[4,1],[1,7],[3,3],[1,-1],[2,-5],[-2,-2],[-1,-7],[-4,-5],[6,-10],[-2,-4],[-5,5],[-1,4],[-3,-7],[-1,-5],[-2,0],[-2,-4],[-4,-1],[-1,2],[-4,5],[-2,0],[-3,3],[-3,4],[1,7],[1,14],[0,12],[3,-1],[0,3]],[[7947,2565],[2,-2],[6,-4],[1,1],[1,-12],[-1,-4],[-3,-5],[-2,-8],[-2,5],[-2,4],[-3,-8],[-2,-10],[2,-12],[4,5],[1,-5],[-1,-8],[-4,-9],[-1,4],[-4,-9],[-1,1],[-2,-3],[-1,5],[0,7],[-2,11],[1,8],[2,5],[2,9],[3,8],[1,0],[2,6],[-1,9],[1,5],[3,6]],[[7877,2190],[2,-10],[2,-6],[3,-3],[1,5],[2,-7],[-2,-1],[-2,-4],[-2,1],[-2,-7],[-1,-3],[1,-5],[0,-5],[-3,5],[-3,-2],[-2,5],[-2,0],[-2,4],[1,5],[3,0],[-1,10],[4,-4],[1,4],[0,6],[-1,5],[3,7]],[[8033,2356],[-1,-5],[-2,-14],[-2,-5],[-5,-10],[-4,-1],[0,9],[2,10],[2,3],[3,7],[1,0],[1,7],[5,10],[6,10],[2,-1],[-6,-14],[-2,-6]],[[7928,2448],[4,-2],[1,-5],[-2,-11],[-1,-4],[-3,-11],[-2,-1],[-2,2],[-2,4],[2,10],[0,11],[4,6],[1,1]],[[7929,2252],[-1,-5],[-2,-3],[-3,0],[-3,9],[3,4],[0,6],[2,7],[2,2],[1,-5],[0,-11],[1,-4]],[[7919,2309],[1,-2],[0,-11],[-1,-3],[0,-6],[-3,-1],[-1,8],[1,14],[2,4],[1,-3]],[[7840,1771],[2,-3],[0,-9],[3,-3],[-2,-9],[-3,4],[-1,6],[0,12],[1,2]],[[7852,2064],[2,-5],[2,-7],[-1,-5],[-4,1],[-2,7],[0,6],[3,3]],[[7908,2240],[2,-9],[-2,-1],[-1,6],[-3,-9],[-3,5],[3,5],[1,3],[0,7],[1,3],[2,-10]],[[7841,1940],[2,-6],[-2,-9],[-2,-10],[-3,3],[-1,4],[4,9],[2,9]],[[7818,2061],[2,-7],[-2,-9],[-4,6],[2,3],[2,7]],[[7867,1748],[1,-1],[-1,-11],[-2,-4],[-1,3],[2,12],[1,1]],[[7938,2481],[-1,-10],[-2,-3],[-3,2],[2,7],[4,4]],[[7917,2326],[2,-7],[0,-5],[-3,1],[-1,5],[0,8],[2,-2]],[[7892,2139],[1,-16],[-2,3],[-1,9],[2,4]],[[7884,1754],[-1,-12],[-3,3],[2,12],[2,-3]],[[7823,1930],[2,-2],[-2,-9],[-2,2],[0,7],[2,2]],[[7923,2232],[1,-4],[0,-5],[-2,-1],[-2,6],[3,4]],[[7811,1928],[0,-9],[-2,4],[0,5],[2,0]],[[7782,2086],[2,-3],[1,-7],[-1,-1],[-2,4],[0,7]],[[5219,4755],[0,8],[1,10],[1,3],[-2,11],[-1,10],[1,5],[-2,8],[0,11],[1,8],[0,8],[0,7],[1,4],[-3,16],[1,4],[2,8],[0,5],[3,0],[3,19],[2,8],[3,3],[1,-1],[1,8],[3,5],[1,6],[4,8],[4,-3],[1,-4],[4,-2],[0,5],[4,2],[3,-2],[5,-17],[0,-4],[3,-8],[5,0],[3,2],[6,0],[2,-12],[2,-1],[3,-4],[1,1],[3,-5],[5,-2],[1,1],[3,-12],[5,-9],[2,1],[5,7],[1,0],[7,11],[1,5],[3,-1],[2,2],[4,-2],[6,8],[3,-2],[0,-3],[3,-6]],[[5340,4883],[-1,-6],[2,-3],[-2,-5],[-3,-21],[0,-4],[1,-5],[-1,-5],[0,-12],[1,-4],[0,-6],[-1,-7],[-2,-3],[-1,-7],[1,-6],[1,-9],[2,-3],[0,-6],[2,-9],[-1,-11],[-1,-2],[-1,-12],[3,-14],[0,-5],[2,-5],[0,-7],[2,-10],[2,-2],[3,-7],[3,-18],[0,-11],[-4,2],[-2,3],[-2,-5],[-2,2],[-1,-3],[-3,0],[-2,-2],[-5,-3],[-2,-8],[-2,-12],[-6,-6],[-3,-5],[-3,1],[-1,4],[-4,-1],[-2,7],[-5,-7],[-3,-8],[-2,1],[-3,-2],[1,-8],[3,-12],[7,-9],[2,-11]],[[5307,4576],[1,-6],[0,-10],[1,-5],[-1,-9],[2,-7],[-1,-5]],[[5309,4534],[-1,9],[-3,3],[-2,-1],[-2,8],[-4,2],[-4,6],[-4,2],[-3,6],[-2,3],[-2,4],[-2,2],[-2,6],[-2,12],[1,6],[-1,13],[-2,9],[-3,5],[-2,7],[-1,13],[1,10],[-6,19],[-1,4],[0,9],[-7,-10],[-3,-9],[-2,-1],[-1,-4],[-3,-3],[-3,7],[-1,5],[-4,3],[-3,-7],[-2,0],[-2,-5],[-3,5]],[[9380,5543],[-1,-10],[2,-15],[-3,-10],[0,-7],[1,-4],[2,-22],[-1,-1],[-1,-9],[-2,-1],[1,-22],[-2,-6],[-2,-2],[0,-7],[-3,-16],[0,-20],[1,-11],[1,-20],[2,-8],[7,-6],[5,-4],[7,-6],[1,-5],[2,-5],[3,-1],[0,-6],[-2,-8],[3,-16],[3,1],[0,-4],[2,0],[3,-7],[0,-6],[2,-5],[1,-11],[2,-2],[0,-11],[1,1],[2,-6],[1,-12],[-1,-6],[5,-6],[1,-5],[2,1],[3,-2],[2,4],[1,-12],[3,-2],[2,3],[2,-9],[3,-2],[2,0],[3,-3],[-1,-5],[3,0],[3,-5],[2,-4],[2,-1],[0,-8],[5,-2],[3,-4],[1,0],[10,3],[4,-6],[0,-8],[2,-7],[7,-27],[11,-39],[2,-5],[0,-10],[1,-7],[0,-5],[-2,-2],[0,-10],[-12,-58],[-6,-25],[-3,-16],[11,-16],[20,-28],[9,-13],[15,-21],[6,-9],[16,-22],[29,-43],[1,-3],[-1,-7],[1,-7],[3,-1],[2,-5],[1,-19],[-1,-9],[-4,0],[2,-8],[-1,-9],[0,-7],[-7,-26],[-4,-3],[-3,-6],[-1,-5],[-3,-14],[-3,-7],[1,-5],[-2,-1],[0,-20],[-2,-7],[-3,-3],[2,-20],[1,-3],[0,-10],[2,-4],[-1,-10],[1,-5],[2,0],[1,-7],[3,1],[0,5],[2,4],[3,1],[3,-3],[2,-9],[0,-7],[-3,-2],[0,14],[-2,0],[-1,-5],[0,-8],[2,-9],[0,-7]],[[9577,4535],[-3,-16],[-3,-17],[-10,6],[-3,-5],[-5,-6],[-8,-11],[-3,-1],[-7,-5],[-6,7],[-8,22],[-6,20]],[[9515,4529],[-14,36],[-9,-2],[-9,-12],[-18,-17],[-9,2],[-5,2],[-6,4],[-14,-3],[-6,7],[-3,16],[-2,17],[-3,27],[-3,13],[-11,-2],[-13,-6],[-9,-14],[-1,-3],[-1,-17],[-1,-8],[-4,-4],[-2,1],[-1,7],[-4,6],[-5,-1],[-3,1],[-1,4],[-1,6],[-4,2],[-1,-3],[-2,2]],[[9350,4590],[-4,5],[-1,6],[2,4],[0,11],[-3,9],[0,11],[1,6],[-3,1],[0,4],[-5,7],[-4,5],[-16,6],[-12,-2],[-20,1],[-15,3],[-10,1]],[[9260,4668],[-5,13],[-3,14],[-3,1],[-2,7],[-6,-1],[-1,-3],[-3,1],[-3,4],[-1,-3],[-3,7],[-2,-4],[-2,-1],[-4,6],[-1,6],[0,4],[-4,10],[-1,11],[-2,1],[-4,5],[-2,8]],[[9208,4754],[-1,10],[1,3],[0,7],[-3,-3],[0,7],[1,7],[-3,2],[1,8],[-1,11],[-1,8],[-5,7],[-2,3],[-8,3],[-2,3],[-1,8],[-1,16],[2,2],[0,10],[-5,9],[4,15],[4,13],[-4,8],[-1,4],[-1,8],[1,16],[-1,9],[2,3],[-2,10],[0,3],[-1,4],[-1,8],[-3,10],[-4,0],[-6,6],[0,5],[-4,5],[-1,4],[-4,3],[-3,10],[-1,-2],[-5,6],[0,5],[-2,6],[-3,5],[-2,-1],[-4,7],[-1,6],[-4,3],[1,10],[-1,1],[0,7],[-1,6],[-2,-4],[-2,3],[-2,-4],[-2,4],[-2,1],[-2,-5],[-2,6],[-2,4],[-3,9],[-6,5],[-2,4],[1,3],[0,7],[1,3],[2,-3],[1,8],[2,5],[-3,3],[-1,-2],[-1,11],[1,6],[1,5],[-2,4],[-3,0],[1,5],[1,2],[-2,8],[-2,-1],[-1,12],[-4,10],[-1,6],[-3,0],[-2,2],[-3,10],[0,5],[-1,5],[-3,6]],[[9084,5221],[3,-1],[3,2],[0,-5],[0,-7],[3,3],[1,3],[2,0],[2,5],[7,-1],[2,5],[2,11],[2,-1],[2,7],[-1,7],[1,4],[2,-3],[5,-3],[4,2],[1,0],[4,6],[5,3],[1,5],[3,4],[4,-3],[2,2],[3,-6],[5,1],[0,4],[4,2],[3,-3],[5,13],[2,1],[2,8],[7,6],[1,4],[-1,4],[-3,2],[-1,8],[-2,10],[-2,5],[1,7],[3,0],[1,3],[-3,7],[1,3],[-3,4],[0,8],[-2,6],[-6,2],[-2,16],[-1,5],[-3,0],[-1,10],[-3,6],[0,2],[-4,9],[1,26],[2,8],[5,11],[2,2],[2,-2],[4,7],[9,10],[3,0],[5,-3],[1,9],[5,6],[7,12],[2,5],[3,-3],[2,9],[6,7],[3,4],[6,8],[0,2],[6,10],[3,5],[1,3],[6,11],[0,3],[6,5],[6,6],[1,3],[9,9],[2,1],[2,3],[3,4],[4,6],[3,4],[1,4],[2,4],[6,6],[9,6],[3,-2],[1,2],[0,10],[5,0],[1,-3],[4,4],[2,3],[9,5],[2,-1],[9,0],[1,-4],[3,1],[3,5],[2,1],[1,-7],[3,-11],[1,-10],[2,-6],[1,-7],[5,-2],[4,-17],[3,-6],[5,-11],[4,-7],[7,-9],[6,-4],[6,-4],[4,-1]],[[9145,5410],[2,-2],[1,-6],[2,-3],[-4,-11],[-1,3],[-1,10],[1,9]],[[9163,5323],[5,-6],[-2,-4],[-3,6],[0,4]],[[9475,4307],[10,0],[1,8],[8,3],[10,28],[2,6],[2,2],[-1,19],[0,28],[0,34],[2,31],[5,28],[-2,23],[3,12]],[[9577,4535],[2,1],[3,3],[1,-5],[0,-25],[1,-5],[3,3],[1,8],[-1,4],[1,5],[3,-4],[1,-4],[0,-6],[0,-7],[0,-6],[-1,-5],[-1,-6],[2,-4],[5,-3],[3,5],[1,-2],[1,-13],[2,1],[2,4],[5,4],[4,9],[3,1],[1,-3],[0,-4],[-3,0],[-1,-4],[0,-6],[1,-6],[3,9],[2,-17],[6,-2],[2,12],[2,3],[2,-6],[-1,-11],[2,-6],[7,6],[2,7],[-4,8],[1,8],[1,1],[4,-5],[4,0],[4,-2],[2,-10],[4,2]],[[9659,4462],[0,-9],[-3,-15],[-2,-16],[-2,-11],[-2,-11],[-2,-6],[-3,-19],[-6,-17],[-6,-12],[-1,-17],[-5,4],[-1,3],[-4,2],[-2,0],[2,-12],[-2,-11],[1,-17],[-1,-6],[-3,-7],[-4,-1],[-3,1],[-9,10],[-5,0],[-3,-1],[-4,-3],[-3,-4],[-2,-7],[-2,0],[-2,-3],[-6,-7],[-2,0],[-2,4],[-2,-22],[0,-16],[0,-15],[3,-18],[-16,-15]],[[5387,4946],[-5,-13],[-2,0],[-3,-5],[1,-6],[-2,-4],[0,-14],[0,-2],[-4,-2],[-1,-5],[-4,-3],[-4,-12]],[[5363,4880],[-2,-2],[-3,2],[-3,-1],[-3,2],[-2,-2],[-3,3],[-2,5],[-4,-1],[-1,-3]],[[5187,4780],[2,7],[0,13],[-5,16],[-3,5],[-2,1],[-1,-4],[-6,4],[-4,-6],[-4,-4],[-1,8],[0,11],[1,9],[0,5],[-3,7],[-1,12],[1,10],[1,8],[3,-1],[2,5],[-1,3],[-2,14],[1,7],[0,10],[2,10],[2,1],[1,8],[2,6],[2,12],[1,1],[4,-13],[1,-9],[2,-2],[1,-5],[3,-6],[2,2],[3,6],[2,-1],[4,5],[4,12],[4,-1],[1,8],[3,-1],[2,5],[2,2],[0,7],[3,4],[0,6],[2,1],[2,3],[1,8],[0,17],[0,9],[1,9],[3,3],[5,6],[6,3],[0,2],[4,2],[1,4],[3,1],[1,6],[0,3],[-3,-3],[1,8],[0,17],[1,4],[0,14],[0,10],[-2,15],[-2,11],[0,9],[3,4]],[[5243,5143],[1,6],[2,-2],[2,1],[1,-3],[2,1],[1,-3],[4,1],[1,-5],[1,8],[0,6],[5,4],[1,9],[4,3],[1,6],[1,7],[3,1],[3,9],[2,-1],[2,2],[1,-2],[5,14],[5,-3],[2,4],[1,4],[2,1],[3,-2],[4,5],[2,0],[2,-3],[2,4],[1,6],[2,3],[3,6],[1,9],[1,3],[2,0],[5,-5],[1,2],[21,-2],[5,2],[1,-4],[0,-13],[3,-10],[0,-4],[5,-7]],[[5190,4940],[-1,0],[-2,6],[0,11],[3,5],[1,-9],[-1,-13]],[[4796,5295],[2,-5],[0,-8],[-2,-3],[-2,5],[0,9],[2,2]],[[4855,5287],[-1,4],[0,10],[2,0],[0,-10],[-1,-4]],[[4836,5329],[0,-3],[-3,0],[0,7],[2,1],[1,-5]],[[4834,5380],[-2,5],[1,5],[1,-10]],[[4848,5166],[-2,2],[1,6],[1,-1],[0,-7]],[[4838,5291],[-2,-2],[0,5],[2,1],[0,-4]],[[4852,5322],[-1,-1],[-1,6],[2,1],[0,-6]],[[5243,5143],[-2,7],[1,11],[1,9],[4,14],[0,5],[-2,18],[2,7],[1,10],[2,6],[5,7],[-1,7],[1,5],[0,5],[2,8],[-1,10],[0,7],[2,9],[1,15],[0,5],[3,9],[-2,9],[3,7],[3,3],[3,5],[1,1],[6,10],[1,1],[1,-4],[2,0],[3,4],[1,-7],[1,1],[3,19],[-2,3],[0,7],[2,3],[2,7],[0,8],[0,7],[3,9],[-1,15],[-2,8],[-2,4]],[[5288,5437],[-1,3],[1,8],[2,9],[3,4],[2,8],[2,0],[4,4],[2,11],[4,-3],[2,4],[1,-1],[1,-13],[2,-3],[5,-8],[1,0],[5,-9],[1,-4],[2,2],[5,-7],[2,0],[4,-6],[3,-2],[2,4],[5,-6],[3,-1],[1,-5],[5,-5],[3,3],[6,-3],[1,4],[4,7],[10,8],[2,0],[4,7],[4,1],[2,-7],[3,0],[3,10],[4,4]],[[5403,5455],[-1,-5],[-2,-11],[1,-6],[-1,-3],[2,-16],[2,-6],[-1,-3],[-3,-7],[1,-2],[1,-6],[0,-13],[-1,-9],[2,-6],[-1,-7],[-1,-9],[1,-2],[0,-10],[1,-9],[0,-11]],[[5365,5649],[1,-3],[-3,-12],[-1,-5],[-3,-17],[-1,-9],[2,-3],[-1,-5],[3,-6],[2,-7],[2,0],[3,-16],[4,-7],[0,-5],[-1,-5],[-1,-8],[1,-6],[5,1],[0,-6],[2,-3],[0,-6],[1,-6],[2,-5],[1,-3],[-1,-10],[4,-9],[0,-4],[1,-6],[2,0],[4,-15],[4,-5],[3,3],[2,-1],[1,-5]],[[5288,5437],[0,-5],[-3,3],[-1,7],[-3,3],[1,15],[-3,30],[0,8],[-1,5],[-3,5],[1,8],[-1,8],[1,4],[2,1],[-1,6],[3,1],[-1,11],[0,8],[3,2],[2,7],[0,13],[-1,13],[-2,10],[-1,15],[-1,9],[-3,26],[1,17],[-1,6],[1,11],[1,7],[6,13],[2,6],[-2,20],[-1,10],[-1,1],[-3,14],[2,10],[1,7],[2,15],[3,20],[0,9],[5,-3],[2,6],[2,3],[1,12],[3,1],[1,6],[2,0],[2,8],[0,4],[3,0],[2,6],[2,10],[2,4],[1,8],[0,10],[1,13],[2,13],[4,8],[1,8],[0,8],[3,8],[1,6],[0,13],[1,10],[2,6],[0,4],[3,8],[3,8]],[[978,7176],[1,-1],[2,-12],[3,-7],[1,-5],[1,-10],[2,-1],[2,-3],[1,-14],[2,-13],[4,-8],[0,-7],[-2,-6],[-1,-7],[2,-4],[1,-8],[3,-1],[3,-5],[0,-2],[3,-11],[2,0],[2,5],[2,0],[2,2],[3,1],[2,-4],[3,-7],[0,-5],[2,-7],[2,0],[0,-5],[2,-6],[1,-6],[3,-2],[5,-2],[2,-2],[2,1],[3,-6],[1,-6],[3,-6],[1,-5],[1,0]],[[1050,6991],[1,-6],[-1,-6],[1,-4],[-1,-6],[1,-7],[0,-5],[-3,-2],[0,-3],[-2,-10],[1,-11],[1,-4],[-1,-8],[4,-7],[2,-1],[6,4],[3,-8],[3,1],[1,-17],[2,-9],[-3,-5],[2,-6],[0,-6],[4,-7],[3,-9],[1,-5],[2,-8],[0,-6],[-4,-13],[2,-4],[-1,-4],[-2,-1],[-3,-5],[-5,-16],[-3,-1],[-2,-3],[-6,-1],[-2,3],[-2,-6],[-4,1]],[[1045,6780],[-2,2],[-1,5],[-5,6],[-5,-3],[-4,0],[-3,-14],[-2,-1],[-3,6],[-1,3],[-4,1],[-2,8],[-1,4],[-1,10],[1,6],[-3,8],[-1,1],[0,6],[-2,3],[-3,-4],[-2,-6],[-2,-3],[-3,-1],[-1,-5],[-3,-3],[-4,1],[-2,3],[-4,3],[-3,10],[1,8],[-7,-13],[-4,-4],[-2,-4],[-3,-6],[-2,-7],[-2,-2],[-3,1],[-2,-4],[-2,-13],[-2,-9],[-5,-11],[-1,-11],[-2,-13],[-4,-19],[-3,-14],[-4,2],[-7,0],[-4,-3],[-3,-6],[-2,-9],[-6,-10],[-1,-5],[0,-7]],[[909,6667],[-4,-13],[-1,-9],[-3,7],[-4,5],[0,6],[3,0],[2,7],[0,9],[-1,11],[-2,14],[-2,-1],[-4,4],[-2,5],[2,4],[0,6],[3,9],[0,10],[1,13],[0,20],[-2,16],[-3,20],[-4,-5],[-1,5],[1,10],[2,2],[1,10],[0,9],[-1,7],[-2,16],[-2,9],[-3,2],[0,4],[-2,2],[-1,-6],[-2,0],[-1,11],[1,3],[1,-4],[0,10],[2,2],[-1,5],[-3,3],[2,4],[1,6],[-1,12],[1,7],[-1,10],[-2,13],[0,0],[-2,14],[-3,9],[-1,9],[-1,5],[-5,0],[0,5],[-2,3],[-1,5],[2,4],[-1,19],[-1,7],[-1,17],[-2,16],[-2,10],[-2,21],[-4,24],[-2,32],[-1,10],[-3,18],[-6,30],[-2,12],[1,8],[-5,28],[0,11]],[[833,7274],[2,-5],[3,-5],[1,5],[4,7],[4,-3],[2,8],[2,8],[2,4],[4,0],[1,-7],[2,-1],[0,-9],[5,0],[2,-7],[1,0],[1,-7],[2,-4],[2,2],[1,-13],[1,-1],[0,-14],[3,-6],[0,-6],[4,-9],[15,-18],[-5,-31],[7,0],[2,-4],[3,-1],[1,-3],[1,2],[3,-5],[1,1],[3,-5],[-1,-4],[2,-5],[0,-7],[1,-3],[2,-1],[2,-4],[5,7],[0,8],[1,8],[1,10],[1,-2],[1,-5],[2,-4],[2,-8],[1,-3],[2,-10],[4,-5],[4,-10],[2,3],[4,0],[2,-10],[2,0],[2,-6],[2,-2],[3,-9],[2,-1],[1,12],[-1,16],[2,9],[-1,9],[-2,7],[-2,4],[1,10],[2,6],[1,8],[4,2],[4,4],[3,-1],[1,5],[3,1]],[[829,7257],[-2,-1],[0,6],[2,1],[0,-6]],[[5538,1605],[1,-8],[-1,-6],[-2,1],[-1,-9],[1,-12],[-1,-3],[0,-16],[4,-7],[1,-6],[2,-3],[2,-13],[3,-12],[0,-5],[1,-7],[1,-21],[-1,-7],[-1,-4],[-1,-7],[-3,-6],[0,-6],[-1,-4],[0,-7],[1,-2],[0,-7],[2,-6],[0,-5],[-1,-12],[-1,-4],[-5,-4],[-3,-5],[-1,-8],[-1,-4],[2,-11],[2,-6],[3,-11],[0,-15],[1,-4],[0,-9],[1,-28],[2,-2]],[[5544,1294],[-7,-2],[-4,3],[-2,-1],[-5,3],[-2,-4],[-2,2],[-3,-4],[-3,-2],[-2,6],[-3,-1],[-3,-7],[-4,-3],[-1,-4],[-4,-8],[-3,7],[-5,-6],[-3,4],[-3,-1],[-1,2],[-4,2]],[[5480,1280],[3,7],[-2,11],[4,10],[3,0],[0,3],[4,0],[0,6],[-2,9],[0,3],[5,2],[2,8],[2,5],[0,5],[3,5],[1,14],[0,3],[-3,6],[-1,5],[-2,-3],[-2,2],[0,6],[-3,6],[2,5],[0,6],[-2,4],[1,17],[3,7],[3,1],[1,9],[3,6],[2,-8],[4,2],[0,5],[0,7],[-2,14],[5,6],[1,9],[2,9],[1,13],[1,1],[1,9],[-1,9],[-6,-1],[-5,3],[-2,-5],[-2,-2],[-1,-4],[-4,-4],[-2,7],[0,5],[-2,5],[-1,18],[2,21],[-1,10],[1,7],[0,10],[0,7],[0,11]],[[5494,1612],[2,-3],[8,2],[6,-8],[3,5],[2,0],[2,3],[3,1],[1,5],[0,12],[1,4],[2,2],[3,-4],[2,-12],[0,-8],[2,-3],[2,-5],[5,2]],[[5495,1262],[2,-5],[0,-11],[-4,-7],[-3,-2],[-3,7],[3,16],[3,4],[2,-2]],[[5480,1280],[-1,4],[-2,0],[0,4],[-5,9],[-4,13],[-3,4],[-6,-3],[-4,-1],[-6,-4],[-1,-3],[-5,-3],[-2,-3],[-5,-1],[-2,-2],[-4,0],[-7,-3],[-4,2],[-4,-8],[-1,-6],[-1,-1],[1,-9],[-1,-3],[-6,4],[-1,4],[2,6],[-2,1],[0,18],[-4,0],[-2,5],[-5,2],[-1,6],[-2,-1],[-5,18],[2,2],[-1,5],[1,10],[-2,1],[1,7],[-1,9],[1,18],[2,6],[-1,15],[0,6],[0,13],[-2,3],[2,7],[-1,10],[2,6],[4,5],[1,7],[2,0],[5,9],[1,4],[2,11],[-1,5],[1,7],[-2,8],[0,4],[-2,3],[0,7],[-1,5],[3,3],[2,0],[0,-5],[-1,-4],[0,-9],[6,-5],[1,-5],[2,5],[5,7],[2,-1],[3,15],[3,-1],[-1,-6],[1,-2],[3,-8],[1,-1],[2,8],[2,0],[0,7],[-2,3],[-2,8],[5,6],[-2,3],[3,12],[1,0],[3,-4],[0,-5],[4,6],[1,5],[2,-3],[-3,-4],[-2,-9],[3,2],[1,5],[4,3],[-2,-16],[3,5],[0,-8],[-2,-3],[0,-5],[2,-4],[3,2],[1,0],[2,8],[1,5],[-2,5],[0,14],[1,15],[2,-4],[4,-1],[1,-8],[2,7],[2,12],[3,0],[0,6],[3,19],[4,-2],[1,2],[4,3],[1,4],[3,7],[2,-1],[5,2]],[[5313,1525],[2,-6],[1,-8],[-1,-8],[1,-4],[0,-5],[2,-3],[2,3],[5,-8],[3,5],[3,-6],[3,-1],[0,4],[2,4],[2,-4],[0,-10],[-1,-13],[-3,4],[-1,-8],[2,-5],[0,-5],[0,-8],[1,-7],[-1,-5],[1,-4],[-1,-3],[-3,1],[-2,-3],[-4,2],[0,4],[2,4],[-2,7],[-1,2],[-3,0],[-1,-3],[1,-7],[-3,-4],[0,-3],[-4,-6],[-2,3],[-1,-2],[2,-12],[2,-1],[1,-14],[-4,3],[-4,-12],[-1,-5],[0,-5],[2,0],[0,-9],[3,-1],[-3,-12],[2,-4],[-1,-4],[1,-6],[-2,-3],[-1,1],[-4,11],[-3,5],[-4,-2],[-1,-4],[-1,8],[0,5],[2,9],[3,4],[1,15],[-1,2],[2,7],[-3,8],[1,4],[-2,3],[-2,-1],[-1,8],[2,7],[-2,5],[-1,2],[3,9],[0,6],[3,-1],[2,4],[3,3],[0,10],[1,4],[0,9],[-1,1],[-1,6],[5,10],[-4,10],[0,3],[-1,6],[0,5],[2,-2],[5,-1],[1,12]],[[5351,1420],[3,-4],[3,0],[1,-10],[-1,-17],[3,-17],[2,1],[2,5],[3,4],[0,10],[2,9],[1,9],[1,2],[3,-1],[1,-4],[2,6],[2,-2],[2,3],[3,-2],[2,3],[2,-7],[-1,-5],[0,-10],[-4,-5],[-3,0],[-2,-5],[-2,-5],[1,-5],[-2,-7],[-4,-2],[0,6],[-2,5],[-2,-7],[0,-7],[-3,-11],[1,-5],[3,-4],[2,0],[1,-9],[-1,-4],[1,-8],[-2,-1],[1,-6],[-5,-14],[-5,1],[0,12],[-3,9],[-4,-2],[-4,-12],[-2,5],[0,13],[-2,7],[0,9],[3,4],[1,8],[-1,6],[4,6],[4,-6],[1,2],[-1,10],[0,5],[-5,-5],[-1,5],[3,3],[0,10],[-2,6],[0,9],[-3,6],[0,9],[3,1]],[[5344,1405],[1,-4],[-1,-13],[-3,-1],[-2,4],[-3,-3],[-2,-6],[-2,3],[4,8],[1,-3],[2,11],[1,-1],[2,4],[2,1]],[[5384,1308],[4,-4],[0,-8],[-2,-5],[-2,2],[-2,-1],[-1,6],[3,12],[0,-2]],[[5356,1314],[0,-3],[3,-5],[0,-6],[-2,-1],[-6,2],[1,5],[2,3],[2,5]],[[5400,1553],[3,-4],[-1,-9],[-3,4],[-2,0],[-1,5],[1,4],[2,3],[1,-3]],[[5460,1578],[4,-5],[-4,-5],[-3,3],[-1,6],[4,1]],[[5372,1486],[1,-4],[-1,-3],[-3,0],[0,5],[3,2]],[[5438,1565],[0,-4],[-2,-2],[-2,5],[2,6],[2,-5]],[[5372,1441],[-1,-5],[-3,-1],[-1,5],[5,1]],[[5340,1514],[1,-3],[-5,-1],[3,6],[1,-2]],[[5336,1505],[-1,-9],[-1,5],[2,4]],[[5306,1338],[1,-10],[-2,4],[1,6]],[[5538,1605],[6,8],[2,4],[4,-13],[3,-4],[1,2],[5,0],[2,4],[1,8],[-2,4],[-1,6],[2,3],[3,-5],[3,-2],[7,-14],[0,-7],[2,-3],[1,0],[1,-9],[3,-4],[5,2],[1,-6],[3,-7],[4,0],[3,7],[1,-3],[3,-2],[5,4],[4,-5],[1,0],[5,-6],[7,4],[1,-3],[2,1],[1,-2],[4,0],[4,5],[0,-4],[2,-9]],[[5637,1559],[-1,-6],[-1,-12],[-2,-3],[-1,-8],[-3,-14],[0,-8],[3,-7],[-1,-4],[-6,-5],[-1,4],[-3,-5],[-2,-9],[-3,-2],[-1,-8],[1,-3],[0,-9],[3,-8],[2,-7],[-3,-5],[2,-12],[2,-3],[0,-12],[2,-5],[-1,-6],[1,-12],[-2,-6],[0,-9],[-2,-9],[-3,-5],[-2,1],[-1,-10],[2,-1],[1,-11],[-3,-21],[0,-4],[-3,-8],[-1,-15],[-3,-2],[2,-6]],[[5609,1284],[-1,-4],[-2,1],[-4,0],[0,-19],[-3,-7],[-4,-5],[-3,0],[-4,5],[-1,-1],[-3,2],[-3,7],[-8,0],[-2,2],[-3,6],[-4,12],[0,7],[-4,6],[-3,-2],[-7,1],[-1,3],[-4,-1],[-1,-3]],[[8514,5803],[-3,-6],[-5,-14],[-2,-6],[-4,-10],[-5,-17],[-3,-4]],[[8492,5746],[-1,8],[-3,9],[-1,7],[-1,10],[-2,13],[0,4],[5,12],[-12,28],[0,5],[0,9],[-1,19],[-11,-18],[-5,-19],[-2,3],[0,-9],[-1,-9],[-3,4],[-4,8],[-1,9],[1,7],[-3,5],[-2,5],[6,10],[-1,4],[6,7],[4,12],[4,-13],[7,17],[-7,1],[-1,2],[-3,14],[-3,0],[1,-10],[-1,-3],[-4,12],[-4,-2],[0,7],[-4,-3],[2,-10],[3,2],[-1,-17],[1,-6],[-14,-1],[0,6],[0,15],[-1,8],[1,12],[0,22],[-1,5],[-7,5],[-5,2],[-5,4],[-6,1],[-3,2],[-4,5],[-8,6],[-7,0],[-14,6],[-14,5]],[[8362,5983],[-4,2],[0,14],[1,29],[2,22],[3,6],[2,9]],[[8366,6065],[1,2],[4,-2],[5,2],[4,4],[-1,10],[3,0],[1,-3],[5,-5],[5,-2],[2,2],[9,-4],[8,-5],[2,2],[4,15],[2,2],[1,-6],[3,-1],[5,3],[1,-8],[2,-5],[2,0],[3,7],[6,2],[1,4],[1,5],[3,1],[2,-2],[3,-6],[2,5],[2,-1],[1,-7],[1,0],[2,10],[2,1],[3,-5],[2,2],[2,-7],[0,-8],[1,-6],[3,-10],[5,-10],[3,-8],[9,-7],[3,-11],[6,-12],[3,-10],[-2,-6],[-2,1],[-2,5],[-2,-5],[-2,0],[-4,6],[-2,-5],[-2,6],[-1,-1],[0,-7],[1,-6],[-1,-7],[-2,-1],[1,-9],[0,-5],[-5,-1],[-2,-7],[0,-10],[3,-12],[2,-4],[2,-10],[5,-7],[1,-8],[1,-7],[-1,-15],[2,-11],[4,-9],[1,-6],[0,-11],[5,-12],[1,-1],[3,-9],[3,-9],[4,-5],[2,-2]],[[8516,5798],[2,-8],[0,-6]],[[8518,5784],[-3,-4],[-1,-4],[-2,2],[1,7],[-1,3],[4,10]],[[8495,5982],[2,-7],[-1,-10],[-3,15],[2,2]],[[8455,5805],[-2,7],[-1,5],[5,-10],[-2,-2]],[[8514,5803],[2,-5]],[[8518,5784],[4,-24],[5,-16],[0,-8],[2,-8],[5,-9],[0,-8],[-1,-2],[-2,6],[-5,-11],[-3,-10],[-3,-20],[-1,-14],[-2,-9],[0,-9],[2,-19],[0,-5],[-2,-11],[-1,-12],[-1,0],[0,-7],[-3,-8],[-2,-8],[-5,-9],[-3,-14],[-3,-10],[-5,-2],[-1,-3],[-3,-2],[-1,-5],[2,-3],[2,-26],[1,-36]],[[8494,5462],[-6,-1],[-5,1],[-9,-2],[1,-53],[-1,0],[0,-29],[4,-56]],[[8478,5322],[-3,-1],[-11,-5],[-8,-1],[-8,-3],[-2,18],[0,14],[-1,16],[-3,20],[-3,22],[-1,24],[0,6],[0,15],[1,20],[5,26],[1,14],[1,21],[-2,35],[-2,-2],[-9,0],[-2,2],[-10,2],[-3,-1],[-13,1],[-4,1],[-3,4],[2,25],[1,19],[0,18],[-1,30],[0,12],[0,9],[0,18]],[[8400,5701],[5,-2],[8,-6],[4,-7],[4,-10],[3,-13],[6,-11],[6,-17],[11,-23],[8,16],[1,6],[7,13],[1,4],[5,7],[2,9],[3,-4],[8,-7],[5,17],[0,14],[4,15],[6,18],[-5,26]],[[9790,2212],[-32,-72],[-18,-39],[-29,16],[-36,20],[-28,16],[-44,25],[-115,64]],[[9488,2242],[1,10],[3,0],[12,-5],[6,-1],[6,0],[8,1],[2,4],[3,11],[0,5],[-1,8],[-11,15],[-6,5],[-6,10],[-3,8],[-5,11],[-4,6],[-2,8],[-4,8],[-4,7],[-6,9],[-5,10],[-5,22],[-2,14],[1,8],[2,10],[11,16],[3,-4],[2,-2],[4,2],[2,10],[-2,12],[1,8],[-2,8],[-3,4],[-3,5],[-3,13],[-2,8],[-1,10],[2,9],[4,4],[3,-3],[3,2],[2,4],[0,12],[-1,8],[1,11],[-1,10],[2,9],[4,8],[0,10],[-3,1],[-3,10],[0,7],[-2,3],[-2,0],[-2,4]],[[9498,2300],[5,-8],[5,-8],[2,-12],[-5,-2],[-3,2],[-4,5],[-2,8],[1,9],[1,6]],[[9516,2273],[-2,-1],[-1,4],[0,5],[5,-6],[-2,-2]],[[5317,3517],[0,15],[-2,-1],[0,5],[2,7],[0,12],[3,6],[3,16],[3,8],[1,11],[0,12],[-2,7],[2,5]],[[5327,3620],[2,-5],[5,1],[2,-1],[2,-6],[5,-2],[1,9],[2,2],[4,-9],[3,-2],[0,-6],[2,-5],[2,1],[2,-6],[0,-10],[2,-2],[4,5],[6,4],[5,5],[1,-4],[5,-4],[3,10],[4,2],[-2,6],[1,17],[-2,10],[2,14],[1,7],[1,7],[-1,6]],[[8193,5821],[3,-14],[0,-7],[-1,-13],[-10,-45],[-9,-40],[-5,-19],[-2,-12],[-1,-13],[-2,-41],[-4,-52],[-4,-34],[-5,-32],[-2,-16],[-4,-29]],[[8147,5454],[-1,10],[-6,16],[-6,20],[-1,20],[-4,25],[-5,10],[-5,9],[1,5],[-9,19],[-2,7],[-4,-3],[0,12],[1,13],[-1,11],[-3,11],[-4,4],[-1,6],[-7,11],[-7,-6],[-4,4],[-4,3],[-14,2],[1,11],[3,28],[-5,8],[-4,2],[-10,16],[-4,9],[0,10],[1,5],[1,11],[-1,11],[4,1],[8,8],[-1,20],[0,13],[-3,20],[-7,40]],[[8044,5876],[6,0],[9,-1],[5,2],[10,-1],[5,1],[17,-5],[4,1],[6,-2],[5,1],[3,-3],[5,-2],[3,-2],[10,-1],[2,-2],[3,2],[5,-3],[3,-1],[1,-13],[3,-6],[16,-4],[6,-2],[15,-5],[7,-9]],[[3725,6077],[-1,-1],[-6,10],[-2,7],[-3,2],[-2,-3],[-2,-12],[-3,-9],[-4,-4],[-1,-4],[1,-11],[-4,-6],[-1,-5],[-2,-3],[-4,-4],[-5,1],[-2,5],[-3,2],[-3,-3],[-2,0],[-1,-14],[-1,-3],[0,-10],[0,-3],[-3,1],[-3,0],[-1,-11],[-2,-5],[-5,-9],[-2,-9],[-4,-7],[-9,1],[-7,-2],[-2,-5],[-1,-8],[-5,-4],[-2,-1],[-1,-6],[-6,-5],[-4,-5],[-2,0],[-2,-6],[-2,-5],[-1,-6],[0,-8],[-1,-11],[0,-7],[1,-7],[0,-6],[-1,-4],[-5,-6],[-3,-9],[-3,-8],[-2,-21],[2,-21],[-2,-12],[-2,-4],[-5,-7],[-2,-1],[-5,5],[-5,0],[-5,-6],[-4,-18],[-6,-6],[-3,-4],[-1,-5],[0,-11],[3,-17]],[[3519,6197],[2,3],[4,2],[2,7],[1,11],[5,14],[2,2],[0,6],[4,1],[2,4],[1,4],[-2,5],[4,8],[3,12],[4,2],[1,8],[3,8],[2,3],[3,1],[3,-2],[7,2],[2,2],[1,4],[1,25],[2,9],[0,9],[0,9],[0,6],[3,10],[5,5],[8,0],[3,-2],[4,1],[2,6],[4,9],[2,6],[1,-2],[2,-9],[5,5],[2,3],[2,10],[4,18],[2,0],[2,-7],[1,0],[4,7],[4,-5],[4,-11],[4,-5],[4,2],[2,-2],[3,-6],[3,-2],[4,-7],[1,-12],[3,-8],[6,3],[2,5],[2,11],[2,3],[4,4],[4,-2],[3,-12],[3,-5],[2,0],[4,7],[3,0],[1,-4],[5,-13],[6,-9],[7,-6],[2,-7],[1,-5],[-1,-9],[3,1],[11,10],[2,4],[5,15],[4,8],[6,5],[4,1],[4,2],[3,4],[5,13],[4,6],[4,4],[-2,-15],[0,-14],[0,-33],[0,-5],[0,-6],[0,-19],[-1,-4],[1,-4],[0,-4],[1,-8],[6,-11],[3,-7],[0,-11],[-1,-13],[0,-7],[3,-15],[1,-5],[0,-14],[-1,-11],[0,-4],[6,-13],[0,-5],[-1,-13],[2,-10],[0,-5],[-2,-11],[0,-8],[2,-6],[0,-9]],[[3103,6512],[-9,11],[-4,6],[-4,8],[-8,14],[-1,7],[-2,13],[-4,7],[-2,13],[0,23],[-2,12],[-2,9],[-3,12],[-3,9],[-5,9],[-3,7],[-6,9],[-7,9],[-5,4],[-2,-2],[-5,4],[-3,3],[-2,9],[5,15],[2,10],[1,25],[-2,12],[-1,7],[-3,8],[-2,2],[-1,7],[0,12],[4,33]],[[3010,6809],[-1,-4],[2,-10],[-2,0],[-4,5],[0,6],[2,-1],[1,5],[2,-1]],[[1487,4901],[-2,7],[-2,5],[-2,0],[-2,4],[0,4],[0,6],[-2,1],[-8,16],[-2,8],[-2,7],[-4,6],[-1,6],[-4,14],[-2,6],[-4,12],[-2,7],[-3,3],[-2,-2],[-2,-7],[-6,-3],[-3,7],[-3,-5],[-4,-1],[-1,-3],[-1,-10],[-3,-1],[-1,9],[2,35],[1,4],[2,16],[-1,7]],[[1632,5534],[2,-7],[-1,-11],[-4,-10],[2,-12],[-3,-16],[-2,-6],[-2,-10],[-3,-7],[0,-4],[-2,-8],[-1,-7],[1,-10],[0,-8],[2,-10],[-2,-11],[0,-11]],[[1619,5386],[0,-11],[1,-18],[1,-4],[1,-13],[3,-5],[0,-9],[1,-5],[-1,-3],[3,-6],[2,-7],[4,-8],[6,-20],[4,-11],[3,-2],[5,1],[3,-9],[1,-18],[-3,-8],[-2,-9],[-4,-12],[-3,-4],[-4,-2],[-9,4],[-1,1],[-2,-1],[-6,1],[-3,1],[-2,-16],[-3,-13],[-3,-1],[-4,-39],[-2,-5],[-1,-6],[-4,-10],[0,-4],[-1,-7],[-4,-7],[-3,-2],[-8,-2],[-1,8],[0,13],[-5,-4],[-2,-5],[-1,0],[-7,-17],[-5,-4],[-2,-4],[-2,-2],[-12,0],[-1,-3],[-1,-7],[2,-8],[5,-28],[1,-12],[-4,-7],[-10,-26],[1,-10],[2,-10],[-1,-3],[-7,-8],[-1,-4],[1,-7],[3,-11],[0,-12],[1,-11],[-2,-7],[1,-9],[-1,-13],[-1,-14]],[[1535,4872],[-1,-1]],[[9962,2595],[5,0],[0,-7],[-4,-6],[0,-4],[4,-5],[-2,-2],[-1,-5],[2,-5],[-1,-4],[-3,1],[-1,-2],[2,-7],[0,-8],[-2,-6],[2,-4],[5,-4],[2,-4],[1,-6],[2,-3],[-1,-6],[-4,-3],[0,-8],[-2,-6],[4,-5],[1,-7],[2,4],[2,-1],[2,-7],[-3,-12],[-2,-2],[4,-12],[0,-5],[2,1],[5,-4],[-2,-8],[3,-7],[5,8],[1,-7],[2,-2],[3,3],[0,6],[4,0],[0,-259],[0,-144],[0,-114],[0,-149],[0,-167],[0,-135],[0,-75],[0,-86],[0,-189],[-4,1],[-5,6],[-8,7],[-1,1],[-8,3],[-9,23],[-5,11],[-3,9],[-2,7],[-5,18],[-9,26],[-6,13],[-2,8],[-7,12],[-14,36],[-3,11],[-3,17],[-6,22],[-4,15],[-3,9],[-2,17],[-2,19],[-2,10],[-2,1],[-6,12],[-6,13],[-2,7],[-4,10],[-7,18],[-2,8],[-2,11],[-2,3],[-2,-1],[-5,10],[-6,12],[-6,15],[-6,18],[-1,6],[0,7],[-7,5],[-3,3],[-6,9],[-2,6],[-4,9],[-3,5],[-11,21],[-10,22],[-5,13],[-4,14],[-2,11],[-2,13],[0,13],[-3,6],[-3,-3],[-10,0],[-6,2],[-1,2],[-3,0],[-4,-1],[-9,2],[-14,0],[-1,-3],[-9,-3],[-5,-3],[-10,-8],[-3,-1],[-1,-8],[-10,-13],[-5,-8],[-2,3],[-3,-1],[-7,-11],[-17,-5],[-8,-2],[-5,5],[-3,11],[-5,0],[-2,7],[-4,10],[-1,6],[-1,3],[-2,9],[-1,13],[-1,2],[-4,-2],[-8,-7],[-8,-6],[-8,-8],[-3,-2],[-3,0],[0,-6],[0,-4],[-8,-11],[-5,-10],[-2,-1],[-2,-7],[-3,0],[-1,-2],[2,-9],[3,-4],[-2,-3],[-3,-3],[-1,-3],[-1,-9],[-4,-3],[-2,-7],[-3,-1],[-3,9],[-2,15],[-4,12],[-5,19],[-2,13],[-2,11],[-1,10],[1,11],[1,4],[4,7],[3,2],[7,-1],[3,4],[1,7],[0,5],[-1,7],[-4,9],[0,5],[4,23],[0,15],[-3,17],[2,10],[4,9],[5,5],[7,10],[4,7],[2,5],[2,12],[-1,13],[-1,13],[-1,15],[1,8],[3,11],[4,16],[1,10],[1,19],[1,13],[2,5],[5,11],[3,4],[0,15],[1,4],[-1,4],[-1,7],[-3,10],[-3,4],[-6,6],[-2,1],[-9,-2],[-6,-3],[-3,7],[-3,17],[-2,20],[-3,23],[0,9],[-5,25],[-3,10],[-3,8],[-3,7],[-5,4],[-3,2],[-5,6],[-1,5],[-5,11],[-5,4],[-8,10],[-4,4],[-4,5],[-1,5]],[[9489,2153],[7,-3],[1,1],[5,-2],[3,1],[7,-4],[7,-9],[7,-14],[5,-13],[2,-9],[2,-17],[2,-8],[4,-17],[5,-11],[4,-5],[9,-4],[6,0],[3,-3],[10,-3],[1,-3],[-2,-10],[-2,-4],[-3,-8],[-3,-10],[-2,-17],[0,-18],[-2,-9],[-4,-16],[-3,-19],[0,-10],[2,-19],[0,-12],[-1,-11],[-2,-6],[-7,-6],[-5,-4],[-5,-8],[-2,-7],[-2,-11],[1,-9],[2,-20],[0,-13],[-1,-6],[-2,-12],[0,-9],[2,-9],[3,-5],[0,-9],[-2,0],[-9,4],[-6,-4],[-4,-8],[-1,-8],[0,-7],[-2,-13],[-2,-2],[-3,1],[-4,-3],[-1,1],[-2,-5],[-3,-2],[-5,4],[-6,0],[-3,-9],[-2,-7],[-1,-18],[-5,-16],[-4,-11],[-10,-16],[-3,-6],[-4,-10],[-7,-7],[0,-8],[-2,-8],[-6,-14],[-5,-11],[-7,-8],[-9,-8],[-6,-4],[-8,-3],[-5,1],[-4,2],[0,8],[0,8],[-8,5],[-1,3],[-4,-3],[-2,1],[-10,-2],[-3,1],[-4,-2],[-4,2],[-5,-2],[-15,1],[-3,2],[-4,-2],[-13,1],[-7,1],[-2,6],[-3,-8],[-13,-5],[-13,-7],[-9,-9],[-1,1],[-2,-6],[-6,-10],[-3,9],[0,8],[1,16],[2,14],[1,14],[2,26],[2,18],[1,19],[2,14],[2,16],[1,8],[2,5],[1,11],[4,17],[1,6],[2,3],[0,5],[2,4],[1,9],[4,11],[2,2],[5,6],[-3,8],[-1,8],[1,15],[4,17],[-1,2],[4,18],[0,5],[3,11],[0,4],[2,5],[0,7],[2,4],[0,6],[2,4],[1,9],[6,26],[2,8],[3,10],[6,12],[2,1],[2,19],[3,15],[6,25],[2,6],[5,15],[5,10],[1,4],[2,0],[0,5],[3,8],[1,2],[3,8],[11,22],[2,3],[3,6],[2,2],[5,8],[13,15],[11,10],[8,6],[8,5],[7,4],[4,0],[6,3],[16,5],[14,9],[3,-1],[7,4]],[[9521,1689],[0,1],[4,-15],[2,-15],[-1,-29],[1,-9],[5,-12],[-3,-2],[0,-2],[-1,-2],[0,-6],[-1,-3],[0,-2],[1,-1],[0,-7],[-1,-1],[1,-8],[-1,-2],[0,-1],[1,-2],[-1,-3],[0,-2],[0,-8],[-1,-1],[-1,-6],[-3,-1],[-6,4],[-5,-3],[-5,-2],[-5,1],[-5,4],[-4,2],[-3,4],[-2,-2],[-5,3],[-2,-1],[-7,3],[-7,5],[-2,4],[-1,8],[3,6],[0,4],[1,6],[3,6],[0,4],[4,6],[4,9],[3,5],[6,12],[2,11],[1,27],[2,2],[5,-1],[5,3],[3,0],[2,2],[3,6],[5,2],[5,6],[1,-7]],[[9536,1605],[3,2],[2,-5],[1,-6],[-1,-22],[1,-9],[-1,-8],[-2,-7],[-2,-1],[-9,-2],[-3,1],[1,5],[1,9],[1,3],[-1,2],[1,2],[0,3],[0,2],[0,2],[-1,7],[1,1],[0,2],[0,5],[0,1],[0,1],[-1,2],[2,3],[0,7],[1,3],[2,2],[4,-5]],[[9559,1639],[-1,-4],[1,-12],[-3,-5],[-1,-3],[1,-7],[-2,-3],[-4,-1],[-4,-5],[-2,14],[2,2],[3,7],[2,2],[1,1],[0,2],[2,9],[3,3],[2,0]],[[9558,1608],[2,-1],[0,-4],[-2,-11],[-4,-9],[-3,0],[-3,4],[-2,6],[0,4],[4,6],[5,2],[3,3]],[[9534,1618],[-4,3],[-3,7],[0,27],[1,1],[8,-19],[0,-10],[0,-6],[-2,-3]],[[9553,1567],[1,-3],[-2,-5],[-2,-1],[-3,2],[-3,6],[-2,8],[1,9],[1,3],[4,-11],[3,-4],[2,-4]],[[9533,1617],[3,2],[3,-7],[-2,-5],[-2,1],[-5,8],[3,1]],[[9469,1602],[-2,-5],[0,-2],[-1,-7],[-2,-3],[0,9],[1,7],[4,4],[0,-3]],[[9551,1581],[4,-1],[-1,-4],[-2,-2],[-2,2],[-3,5],[-2,7],[6,-7]],[[9560,1610],[-1,-2],[-2,0],[-1,0],[0,7],[1,5],[2,1],[1,-11]],[[2335,4056],[1,-28],[-8,-3],[-1,7],[-8,-2],[-3,-3],[-3,0],[0,-13],[-6,1],[-1,-3],[-3,1],[0,12],[-2,4],[-5,4],[-7,10],[-3,2],[-1,2],[-4,0],[0,18],[-8,-2],[0,-14],[-2,-2],[-8,0],[0,13],[0,12],[-5,0],[-2,-2],[-1,-5],[-5,1],[0,-19],[-2,0],[-8,1],[-1,1],[-8,-18],[-6,-1],[-3,-1],[-2,5]],[[2220,4034],[-3,8],[-4,-3],[-2,-7],[-2,-2],[-3,-4],[-4,-2],[0,-10],[-2,-1],[-1,5],[-5,-8],[0,10],[-2,1],[-2,-2],[0,-6],[-5,2],[0,6],[2,18],[-1,5],[-2,4],[0,5],[-2,6]],[[2182,4059],[0,5],[3,8],[-1,13],[4,7],[2,12],[1,1],[0,6],[1,5],[4,-4],[2,7],[-2,7],[-2,2],[0,5],[2,9],[3,0],[1,8],[0,6],[2,3],[0,11],[-2,6],[1,6],[3,2],[1,-5],[2,1],[1,6],[0,6],[2,8],[3,2],[3,5],[2,-2],[2,3],[2,-2],[0,-6],[2,-2],[2,3],[3,10],[2,5],[2,11],[1,5],[1,5],[-3,6],[1,20],[2,0],[2,3],[1,9],[0,10],[1,4],[1,12],[3,5],[2,-4],[3,-15],[-1,-16],[2,-8],[1,-1],[4,10],[2,1],[5,1],[4,-4],[1,-4],[-2,-17],[2,-5],[6,0],[4,3],[1,-9],[4,-2],[3,2],[1,-8],[-3,-10],[0,-4],[3,-10],[2,-3],[3,10],[2,-7],[3,-4],[0,-6],[-2,-11],[4,-6],[1,0],[3,7],[2,-7],[1,-4],[-5,-2],[1,-6],[4,-6],[0,-5],[4,-17],[-4,-13],[-2,-12],[1,-6],[2,-2],[1,10],[2,0],[2,-4],[4,2],[1,-4],[0,-4],[-3,-3],[0,-4],[1,-10],[2,-3],[2,3],[1,7],[2,0],[0,-10],[1,-5],[4,-1],[0,-4],[-2,-6],[-1,-4],[1,-6],[2,-2],[4,5],[2,-2],[2,-7],[2,2]],[[9246,3465],[-3,6],[-4,1],[-2,-4],[-4,-3],[-4,12],[0,6],[-4,4],[-2,6],[-2,0],[-2,-11],[-3,-4],[-1,9],[-4,1],[-2,6],[-4,7],[0,3],[-6,13],[-1,13],[-2,5],[-4,9],[-4,-1],[-1,-6],[-6,9],[-6,15],[-4,1],[-3,-9],[-2,0],[-1,-7],[-1,2],[-1,5],[-4,8],[-1,6],[-4,2],[-2,5],[-2,1],[-1,-8],[-4,0],[-7,20],[2,8],[-2,4],[-3,-3],[-4,1],[-5,-8],[-4,3],[-2,-4],[-2,9],[-4,7],[-3,4],[-2,4],[0,4],[1,8],[0,6],[-1,7],[-2,-8],[-2,-3],[-3,-8],[-3,-2],[-2,-5],[-2,0],[-4,-4],[-2,-4],[-6,10],[-2,1],[-1,7],[0,9],[-1,2],[-3,-2],[-2,3],[-2,-1],[0,-5],[-4,2],[-3,8],[-4,3],[-2,6],[-4,-4],[0,3],[-4,4],[-3,1],[-10,14],[-6,7],[-1,4],[-4,0],[-3,5],[0,6],[-3,1],[-2,5],[-3,6],[0,3],[-3,3],[-2,0],[-2,3],[-3,1],[-1,-2],[-7,18],[-2,4],[-11,16],[-7,5],[-2,4],[-4,-8],[-2,3],[-2,0],[-4,3],[-4,-1],[-2,5],[-3,3],[-2,-4],[-3,7],[-8,7],[-3,2],[-2,5],[-3,2],[-2,-2],[-2,6],[-1,6],[-7,8],[-1,0],[-3,5],[-2,1],[-4,11],[-3,4],[-4,4],[-1,5],[-3,6],[-2,0],[-2,13],[-4,6],[-6,5],[-7,1],[-10,0],[-7,0],[-8,-3],[-2,1],[-2,-4],[-4,-1],[-4,4],[-15,8],[-8,2],[-2,4],[-14,11],[-5,2],[-7,3],[-6,1],[-5,1],[-1,1],[-12,-3],[-2,1],[-2,-4],[-2,1],[-5,0],[-6,-3],[-7,-6],[-8,-5],[-2,2],[-1,4],[-9,14],[-5,7],[-4,7],[-3,0],[-3,5],[-2,8],[-1,6],[-1,2],[-3,-3],[-3,3],[0,4],[-4,7],[-9,13],[-3,3],[-6,11],[-2,6],[1,4],[-1,7],[-3,8],[-6,9],[-3,0]],[[9067,4068],[20,-7],[32,7],[34,62],[17,-1]],[[9170,4129],[19,-5],[6,-77],[28,-2],[8,1],[42,-5]],[[9273,4041],[-2,-155],[-1,-23],[-3,-11],[-5,-18],[-3,-16],[-4,-14],[-4,-7],[-2,-18],[2,-22]],[[9237,3447],[-1,-1],[0,-9],[-3,4],[3,9],[1,-3]],[[6494,7370],[3,-1],[2,-8],[0,-12],[1,-16],[3,-12],[-2,-11],[3,-11],[4,-6],[0,-2],[3,-9],[1,-7],[5,18],[3,-7],[1,-9],[1,-3],[1,-5],[2,-1],[3,2],[3,-1]],[[6531,7269],[-1,-14],[-1,-14],[-1,-13],[-3,-19],[-1,-15],[-1,-7],[-1,-5],[-2,-10],[-5,-17],[-3,-9],[-2,-7],[-2,-4],[-4,-7],[-1,-7],[-3,-6],[-2,-6]],[[6498,7109],[-7,21],[-1,10],[-2,3],[-1,8],[-3,13],[-3,6],[-2,-5],[-5,2],[-3,-3],[-1,-4],[-3,-4],[-2,1],[-5,10]],[[6460,7167],[1,18],[-1,12],[-1,13],[2,4],[0,14],[2,7],[1,4],[1,10],[-4,3],[-2,-1],[-1,7],[-3,3],[-2,9],[1,3],[3,4],[0,8],[-1,6],[-3,3],[-7,0],[-3,4],[-3,1],[-1,-3],[-4,1],[-4,9],[-4,4],[-4,12]],[[6423,7322],[3,12],[2,-2],[3,4],[1,5],[2,5],[2,0],[3,-11],[2,0],[2,-3],[5,1],[2,7],[3,0],[1,7],[4,4],[1,3],[2,3],[1,7],[2,3],[4,3],[3,1]],[[6365,7103],[0,3],[2,6],[0,5],[2,10],[0,6],[3,13],[0,5],[2,6],[0,9],[3,15],[-3,9],[2,4],[8,11],[2,-1],[2,4],[2,6],[3,-3],[6,-2],[2,2],[5,-3],[2,4],[2,-2],[3,1],[0,12],[2,3],[3,-1],[3,-13],[2,-4],[2,2],[2,5],[3,14],[3,9],[0,11],[-4,5],[-1,3],[-5,3],[-3,-1],[-4,6],[-1,7],[-3,4],[0,3],[1,14],[2,5],[1,9],[2,4],[2,10],[3,1]],[[6460,7167],[-2,-4],[-5,1],[-5,-6],[-3,1],[-4,-1],[-2,-2],[-3,2],[-2,-3],[-3,-1],[-3,-6],[-3,13],[-1,-6],[-2,-1],[-2,-4],[0,-9],[1,-7],[1,-9],[-1,-3],[0,-5],[2,-11],[3,-4],[-1,-6],[0,-6],[-1,-5],[1,-11],[1,-14]],[[6498,7109],[-4,-9],[1,-13],[-2,2],[-1,-8],[-7,-1],[-6,-6],[-6,-6],[-2,-5],[0,-10],[-2,-6],[-2,1],[1,-9],[-2,-6],[-3,4],[-2,-4],[-3,4],[-2,-4],[-1,-13],[-1,-3],[0,-9],[-2,-2]],[[6540,7333],[-1,-8],[-2,-6],[-2,-1],[-2,-11],[1,-7],[-2,-11],[0,-16],[-1,-4]],[[6479,7443],[1,6],[5,4],[3,0],[1,9],[3,9],[3,5],[1,7],[2,2],[2,6],[1,5],[1,2],[0,5],[2,1],[6,-3],[0,10],[0,7],[-1,8],[1,5],[3,1],[1,4],[-1,5],[4,1],[3,-7],[3,-5],[-1,-5],[-2,-15],[1,-5],[5,-4],[2,3],[2,-7],[3,-2],[2,5],[3,-2],[2,-6],[2,-1],[2,5],[3,-3],[1,9],[4,0],[2,4],[2,-3],[0,-6],[-3,-6],[0,-7],[0,-4],[-3,-6],[1,-5],[-2,-3],[0,-9],[2,-6]],[[6547,7599],[7,-26],[2,1],[2,-3],[0,-10],[0,-4],[-2,-4],[-5,-1],[-2,-5],[1,-10],[0,-3],[-3,7],[-1,12],[0,8],[-2,9],[-2,11],[2,2],[1,8],[2,8]],[[6468,7523],[2,-6],[0,-6],[-4,-3],[-4,7],[-2,6],[-1,8],[1,3],[2,-6],[3,10],[2,3],[1,-16]],[[6539,7622],[0,-5],[-2,-6],[-1,-9],[0,-8],[-4,-11],[-1,-6],[-2,-3],[-1,3],[2,15],[2,7],[0,7],[2,1],[2,13],[3,2]],[[6462,7538],[1,-3],[-1,-5],[-2,8],[2,0]],[[6523,7516],[1,-9],[-3,1],[1,7],[1,1]],[[6473,7568],[1,-10],[-2,1],[0,7],[1,2]],[[6539,7597],[0,-7],[-2,3],[2,4]],[[3799,2127],[-1,0],[-1,-4],[-4,-9],[-2,-9],[3,1],[4,-8],[4,-2],[1,-3],[6,-2],[7,-5],[3,-8],[4,-5],[7,-19],[3,-2],[1,-6],[4,-8]],[[3838,2038],[-2,-1],[-2,-11],[2,-4],[-5,-13],[-4,-8],[2,-10],[0,-7],[-2,-5],[1,-4],[-2,-9],[-3,-5],[-2,-6],[-2,-13],[-2,-7]],[[5744,5085],[1,9],[0,9],[2,7],[1,11],[0,7],[0,6],[2,8],[-2,4],[3,8],[1,10],[0,6],[3,4],[0,6],[-1,7],[-1,20],[1,5],[1,5],[2,1],[1,6],[5,10],[3,3]],[[5766,5237],[2,-10],[2,-5],[3,0],[4,-2],[3,-4],[5,1],[4,-3],[0,2],[4,-1],[4,5],[1,-6],[2,-2],[1,2],[2,-4],[3,-4],[1,-8],[2,-3],[1,-7],[2,-5],[1,-6],[3,-3],[1,-9],[4,-11],[6,-3],[3,-14],[1,-18],[3,-4],[5,-23],[0,-6],[4,-12],[2,-3],[1,-5],[0,-6],[2,-5],[2,-4],[1,-8],[2,-3],[0,-7],[1,-2],[2,-11],[2,-5],[1,-8],[4,-23],[0,-13],[2,-9],[1,-4],[3,-15],[2,0],[2,-7],[1,-6],[-2,-4],[-2,3],[-2,-3],[-1,-12],[1,-14],[4,-3],[6,-15],[2,-9],[4,-11],[0,-3],[4,1],[3,-2],[5,1],[2,-5],[2,-12],[3,-3],[3,-1],[1,-12],[-1,-8],[0,-9],[3,-6],[1,0],[1,-10],[1,0],[3,8],[1,-1],[4,6],[3,-7],[3,2],[3,-3],[4,-12],[2,-5],[0,-4],[-3,-11],[0,-6],[-1,-4],[-3,-10],[-2,-6],[0,-6],[-2,-1],[-3,-5],[-1,-4],[2,-13],[3,-6],[3,-2],[4,-5],[1,-5],[5,-10],[1,-4],[2,-6],[1,-8],[1,-7],[3,-8],[2,-2],[1,3],[5,6],[3,2],[3,-8],[2,-1],[0,-12],[3,0],[0,7],[1,0],[1,-6],[4,-11],[-4,-6],[-7,1],[-1,-3],[0,-5],[-2,-3],[2,-12],[1,-8],[-1,-6],[1,-13],[-2,-4],[-2,13],[-3,10],[-1,-5],[-3,-5],[-4,1],[-2,3],[3,6],[-3,6],[-2,-4],[-1,3],[-2,-3],[-2,1],[-2,-19],[-1,-4]],[[6117,4404],[4,-16],[1,-10],[1,-6],[-2,-5],[-1,-1],[-4,1],[-6,6],[-1,-3],[0,-11],[-3,-3],[-3,3],[-5,8],[-5,11],[-1,5],[6,6],[1,3],[4,4],[8,3],[4,6],[2,-1]],[[5954,4724],[-1,-6],[2,-2],[0,-3],[2,-4],[1,-7],[-1,-4],[-2,-1],[-3,6],[0,4],[-2,4],[1,5],[3,8]],[[5974,4695],[2,3],[1,-6],[1,-10],[0,-1],[-5,1],[-2,4],[1,13],[2,-4]],[[5937,4734],[3,-4],[2,0],[-1,-10],[-3,2],[-2,5],[-2,6],[3,1]],[[6106,4437],[-6,-13],[-4,-3],[0,8],[2,0],[8,8]],[[5949,4716],[0,-8],[-5,0],[-1,5],[2,3],[4,0]],[[5968,4699],[2,-3],[1,-6],[-2,-3],[-2,4],[-1,7],[2,1]],[[5953,4549],[1,-10],[-2,0],[1,10]],[[5879,5552],[-2,0],[-3,3],[-4,-3],[0,-7],[-2,-1],[-4,-14],[-2,-2],[-2,-4],[-2,-4],[-1,-5],[-4,3],[-6,-9],[-2,0],[0,-7],[-2,1],[-2,7],[-3,5],[-3,0],[2,-9],[-1,-7],[4,4],[1,-3],[-1,-4],[-5,1],[-2,6],[-2,-4],[-1,-5],[-2,-2],[-1,-5],[-2,-1],[-2,-6],[0,-16],[-3,-12],[-3,-8],[0,-6],[-2,-12],[0,-5],[-1,-11],[-4,-18],[-3,-5],[0,-4],[-3,-2],[-1,-9],[-3,-1],[-2,-3],[-3,-11],[-1,-1],[-3,-4],[-7,-4],[-2,4],[-3,1],[-5,-1],[-1,-3],[-4,4],[-3,11],[-1,9],[-2,1],[0,3],[-4,4],[-1,4],[-2,2],[-3,15],[-4,-5],[-1,8],[-2,-2],[2,15],[2,2],[-2,13],[-1,4],[-3,3],[-5,-5],[-3,5],[-2,0],[-1,-3],[-4,3],[-1,8],[-4,3],[-2,9],[-1,-3],[-2,2],[-1,-2],[-2,-10],[-2,0],[-1,-18],[-2,-6],[1,-13],[5,2],[3,-5],[3,7],[0,-13],[-3,-5],[0,-6],[3,-6],[-3,-1],[-1,-10],[-2,-1],[-1,-5],[1,-5],[3,2],[1,-7],[3,-4],[0,-4],[-2,-11],[1,-2],[-1,-6],[0,-5],[2,-3],[1,8],[2,5],[3,1],[1,4],[-1,10],[1,7],[-1,8],[1,1],[-1,9],[3,5],[2,-2],[2,2],[1,-3],[1,-11],[0,-3],[2,-5],[-1,-5],[1,-6],[2,-9],[2,-6],[2,-7],[3,-2],[1,-8],[3,0],[1,-4],[0,-11],[4,-6],[5,3],[0,-13],[1,-6],[0,-12],[2,-6],[-1,-8],[0,-15]],[[5614,5196],[0,17],[-1,20],[-1,20],[-1,16],[2,27],[1,11],[3,12],[4,14],[8,28],[2,3],[0,8],[2,5],[-1,4],[-2,6],[-3,3],[-2,8],[0,4],[-1,7],[-2,0],[-3,9],[0,10],[-2,10],[-2,14],[-2,8],[-1,11],[5,42],[6,34],[10,0],[7,1]],[[5640,5548],[4,0],[6,-1],[3,3],[6,13],[4,8],[4,4],[9,3],[3,0],[4,-2],[0,8],[1,2],[2,-3],[3,-2],[0,11],[5,21],[1,-3],[3,6],[-1,5],[7,14],[4,3],[5,-1],[12,0],[1,9],[4,3],[6,10],[6,18],[7,0],[0,3],[2,13],[1,1],[6,0],[2,-5],[1,-7],[1,-3],[5,-3],[5,-11],[4,4],[0,2],[6,5],[5,10],[3,7],[2,8],[4,-1],[2,2],[5,0],[3,3],[1,5],[4,9],[4,2],[2,0],[6,4],[2,6],[3,4],[1,-3],[2,0],[2,-3],[4,1],[1,6],[2,1],[1,-2],[2,3],[2,0],[2,3],[2,-1],[2,6],[3,3],[3,-2],[1,-9],[-1,-5],[1,-13],[2,-1],[0,-5],[1,-3],[5,-4],[1,7]],[[2104,4701],[-4,-3],[1,-5],[-13,-25],[-2,6],[-7,4],[-6,-1],[-2,3],[-3,-4],[-3,5],[-4,-4],[-3,-12],[1,-5],[0,-7],[1,-3],[0,-13],[4,-18],[1,-6],[5,-6],[6,0],[2,-15],[-1,-5],[-3,-9],[-1,2],[-2,-5],[-3,-20],[1,-12],[1,-6],[0,-12],[-3,-11],[-2,-10],[-1,5],[-3,-10],[-5,-5],[-2,-10],[-3,-2],[0,-16],[-1,-25],[-1,0],[-7,-7],[-6,2],[-10,-1],[-3,1],[-4,4]],[[2000,4516],[-1,14],[1,9],[4,14],[0,12],[0,2],[-1,14],[1,2],[-5,5],[1,6],[2,6],[2,8],[1,27],[0,9],[1,10],[1,23],[2,23],[0,8]],[[1853,4410],[0,7],[2,4],[0,4],[-1,17],[4,7],[1,5],[2,11],[3,-4],[6,25],[0,19],[2,7],[0,11],[-2,7],[0,9]],[[1870,4539],[3,-3],[4,-10],[2,-10],[3,-4],[2,1],[-2,14],[1,6],[1,2],[2,-5],[4,-3],[3,-1],[6,5],[3,0],[1,2],[4,8],[4,6],[1,-6],[3,1],[1,-2],[5,5],[2,-5],[-1,-4],[2,-3],[5,6],[1,-7],[4,-8],[2,-16],[3,-8],[2,-3],[7,-4],[6,-1],[4,-3],[0,11],[1,18],[13,2],[2,5],[3,-8],[4,2],[1,3]],[[2020,4402],[0,-3],[1,-16],[-1,-5],[0,-4],[2,-6],[3,-2],[4,7],[5,3],[-1,5],[4,4],[4,2],[1,2],[0,5],[2,3],[1,7],[3,1],[1,-5],[6,-15],[1,-5],[1,-7],[-1,-12],[-3,-15],[-1,-8],[-2,-4],[0,-4],[-3,-4],[-8,-8],[-1,-8],[-3,-2],[-1,-9],[1,-5],[2,-8],[-2,-4]],[[2035,4282],[-3,-3],[-3,1],[-3,4],[-3,-6],[-4,0],[-3,9],[-2,-5],[-5,-8],[-4,-3],[0,-10],[-4,-10],[-2,-5],[0,-11],[-1,-2],[-2,0],[-3,-10],[-5,-6],[-2,-6],[-9,-8],[-3,1],[-5,-6],[-5,0],[-1,-2],[-4,1],[-7,-7],[-5,16],[-1,3],[-2,-3],[-3,-3],[-3,-10],[-4,-4],[-4,-2],[1,-7],[-1,-8],[0,-6],[-1,-4],[-2,-2],[-2,-11],[-3,-4],[-1,-6],[-2,0],[-1,-5],[-2,-2],[-3,-8],[-3,-2],[-6,-21],[-6,-8],[-9,-1],[0,-18],[0,-11],[1,-29],[-4,0],[-5,-6],[-4,-2],[-1,-7],[-5,-4],[-1,-4],[0,-13],[3,-12],[-1,-16],[-1,-8]],[[1871,3962],[-4,-20],[-1,-14],[-3,5],[-7,-1],[-1,-9],[-3,2],[-3,-5],[-1,0],[-3,9],[-5,2],[-2,3]],[[1987,5488],[-32,-23],[-11,-7],[-39,-27],[-2,3],[-3,-2],[1,-4],[-20,-14],[-5,2],[-1,-3],[-3,5],[-5,-7],[-5,-8],[-3,-4],[-6,-8],[-3,-8],[-1,-4],[-1,-22],[-1,-10],[2,-2],[6,-12],[3,-8],[-1,-7],[0,-18],[-1,-4],[-3,0],[-1,-8],[-3,-4],[-1,-8],[1,-9],[0,-3],[3,-13],[4,-7],[-1,-6],[-2,-7],[-2,-5],[-3,-1],[-3,-5],[-5,2],[-4,0],[0,-4]],[[1781,5706],[3,7],[3,0],[0,-8],[1,-4],[2,2],[1,4],[0,6],[2,7],[0,8],[1,4],[-1,47],[2,1],[17,1]],[[1812,5781],[-1,-22],[11,0],[9,-19],[4,-12],[12,-2],[0,4],[6,0],[0,5],[3,0],[1,-3],[0,-8],[1,-3],[4,0],[1,-9],[0,-22],[40,20],[15,8],[39,12],[9,3],[4,3],[4,-11],[4,-11],[8,-39],[3,-13],[2,-10],[5,-17],[4,-12],[7,-26],[3,-8],[5,-5],[3,-5],[3,-22],[2,-5],[6,-12],[2,-4]],[[1427,4625],[-4,12],[-3,13],[-2,5],[-3,10],[1,9],[-3,12],[-5,17],[0,7],[-3,17],[-13,41],[-3,9],[-13,86],[-4,16],[0,8],[-4,11],[-4,8],[-5,10],[-6,8],[-12,15],[-4,6],[-5,9],[-5,19],[-2,8],[-6,22],[-7,22],[-4,8],[-1,9]],[[1307,5042],[17,33],[9,18],[4,6],[1,0],[2,4],[2,0],[1,5],[2,0],[1,4],[7,11],[0,12],[4,4],[3,9],[3,9],[1,4]],[[6036,3492],[1,6],[-3,-4],[-2,-8],[-2,-1],[1,10],[3,10],[4,11],[2,12],[0,8],[-2,5],[-7,-14],[-2,1],[-2,-8],[-1,0],[1,8],[1,2],[4,17],[3,2],[3,10],[3,1],[1,3],[0,11],[1,12],[1,12],[2,0],[0,14],[-2,10],[-3,7],[0,4],[2,14],[3,0],[2,2],[1,5],[0,15],[2,4],[1,9],[-2,7],[0,8],[-2,8],[1,10],[-1,6],[0,11],[-2,10],[1,11],[1,6],[1,13],[1,10]],[[5934,3468],[1,10],[2,12],[2,3],[2,-2],[3,3],[1,3],[3,2],[3,10],[-3,3],[1,13],[-3,3],[2,10],[0,15],[1,3],[0,7],[-2,3],[1,4],[-1,11],[-3,3],[0,8]],[[5944,3592],[1,7],[3,-1],[2,5],[2,1],[2,7],[3,2],[16,-19],[1,0],[5,-6],[7,-14],[7,-21],[16,63],[-5,10],[-2,12],[1,8],[-2,8],[-4,2],[-6,-2],[-1,3],[0,7],[-2,5],[5,17],[15,29],[-3,14],[-2,3],[0,37]],[[6003,3769],[2,-3],[3,8],[2,7],[4,0],[3,-3],[8,-14],[-1,-6],[1,-5],[0,-6],[0,-8],[-1,-1],[-2,-5],[2,-16],[0,-6],[3,-7],[0,-7],[-1,-2],[0,-16],[1,-5],[-1,-9],[-2,-20],[0,-8],[2,-6],[0,-8],[2,-5],[1,4],[1,-7],[2,-4],[-2,-6],[1,-8],[0,-16],[-1,-3],[0,-9],[-4,6],[-1,-3],[-3,0],[-2,-17],[-5,-14],[-1,-7],[-3,-9],[-4,-2],[-3,-6],[-2,-7],[-4,-17],[2,-6],[-2,-12],[-2,-9],[-3,-9],[0,-13],[0,-3],[1,-7],[2,-1],[5,5],[1,-7]],[[6022,3836],[1,1],[4,-8],[-2,-8],[1,-5],[-1,-10],[-3,7],[-2,-5],[-3,5],[-2,10],[1,8],[2,4],[4,1]],[[5924,3461],[0,6],[2,6],[1,-4],[-3,-8]],[[6016,3805],[-1,-6],[-1,2],[0,7],[2,-3]],[[5944,3592],[-3,4],[-1,15],[-1,5],[0,9],[-3,12],[-1,13],[4,18],[1,5],[3,8],[0,8],[4,16],[1,-3],[6,-2],[2,3],[3,3],[3,-3],[3,0],[4,4],[0,7],[4,0],[2,5],[4,2],[3,6],[1,3],[3,3],[2,8],[5,6],[2,9],[-1,6],[2,3],[1,-3],[3,3],[1,-2],[2,6]],[[5941,3721],[-4,-7],[-1,1],[1,9],[4,14],[4,10],[2,2],[1,-6],[-3,-13],[-2,-4],[-2,-6]],[[5942,3767],[2,-1],[1,-5],[-2,-8],[-2,-4],[-2,6],[2,11],[1,1]],[[5931,3719],[-2,6],[1,7],[2,6],[2,-2],[0,-6],[-3,-11]],[[5941,3772],[-2,-2],[-2,-15],[-1,-3],[-2,-1],[0,8],[5,12],[2,1]],[[5937,3782],[-1,-9],[-2,-1],[-1,3],[1,7],[3,0]],[[5938,3603],[2,-3],[-1,-9],[-3,3],[1,8],[1,1]],[[3967,6259],[-2,7],[2,10],[-5,9],[-2,7],[-1,6],[-2,4],[-2,1],[0,4],[3,5],[3,21],[4,11],[4,3],[1,10],[3,7],[7,3],[3,6],[4,3],[4,16],[3,7],[-1,7],[2,4],[3,0],[2,3],[1,11],[-5,3],[0,7],[4,1],[1,3],[0,12],[4,13],[0,8],[-2,4],[-2,0],[0,9],[2,7],[0,10],[2,12],[0,6],[-4,8],[-2,7],[0,8],[1,10],[0,7],[-1,7],[2,9],[-1,7],[-2,7],[-6,10],[-6,6],[-6,9],[-2,6],[-2,9],[-3,9],[-4,6],[0,6]],[[1990,4701],[-3,6],[-3,-1],[-2,13],[1,7],[-2,3],[-6,1],[-2,2],[-5,0],[-4,-5],[-5,-10],[-3,2],[-14,12],[-1,-6],[-4,-5],[-3,-1],[-1,-4],[-2,-12],[-1,-3],[0,-10],[-1,-3],[-5,-5],[-3,2],[-2,-4],[-4,-13],[-1,-1],[-2,-10],[-2,-1],[-1,-5],[1,-5],[-2,-4],[-1,-11],[0,-8],[1,-3],[-2,-28],[-2,-7],[-1,-3],[-4,-2],[-2,-3],[-5,3],[-1,3],[-1,11],[-5,-5],[-1,-6],[-3,0],[-3,4],[-1,3]],[[1877,4589],[-2,6],[0,6],[-1,3],[2,9],[-1,10],[-5,5],[-2,3],[-2,8],[-1,14],[-2,-3],[-2,2],[0,5],[1,4],[0,7],[-4,9],[-2,-2],[-2,0],[-3,8],[-3,5],[-3,12],[0,15],[-4,-3],[-1,8],[-4,18],[-3,15],[-1,12],[-3,2],[-3,11],[1,13],[3,15],[-17,16],[-1,8],[-3,7],[1,2],[-6,15],[-9,26]],[[1795,4880],[8,13],[7,21],[1,16],[5,37],[0,11],[-4,16],[-1,9],[-2,7],[-2,-2],[-6,9],[-3,10],[-2,3],[-1,12],[1,8],[-2,-1],[-1,-4],[-3,-6],[-1,-18],[-4,-5],[0,-5],[-2,-2],[-3,4],[-1,6],[-2,4],[-1,4],[-2,0],[-1,-4],[-1,1],[-1,4],[0,4],[-1,15],[-1,3],[-4,4],[-4,-5],[-2,5],[-4,6],[-4,3],[-1,7],[-1,7],[-2,2],[-1,8],[-2,3],[-2,-4],[-2,2],[-1,6],[0,16],[-1,10],[-1,6]],[[1737,5126],[3,0],[1,-2],[3,0],[0,5],[-1,7],[3,5],[2,-1],[3,-11],[4,-1],[1,-7],[4,1],[3,-8],[3,1],[1,-3],[2,8],[4,8],[3,2],[6,11],[-1,4],[0,7],[0,9],[-2,13],[-4,3],[1,17],[-1,8],[1,9],[0,8],[0,8],[3,10],[3,4],[2,0]],[[1734,4490],[1,13],[-1,12],[-1,2],[-4,3]],[[1684,4566],[-2,-7],[-1,-12],[-9,-2],[-4,0],[-2,-2],[-1,-4],[-5,-6],[-3,-8],[-1,6],[-5,6],[-3,0],[-5,11],[-2,6],[0,6],[-3,-1],[-2,4],[-2,1],[-1,5],[-3,3],[-3,8]],[[1625,4670],[1,3],[3,0],[3,3],[2,6],[5,2],[4,8],[3,1],[0,6],[4,2],[1,3],[1,-3],[2,1],[2,6],[3,2],[1,3],[5,4],[0,3],[2,3],[0,3],[5,3],[2,-3],[2,6],[1,0],[2,-6],[3,5],[4,7],[5,0],[2,-3],[2,0],[1,5],[3,-4],[4,3],[3,9],[4,-3],[-2,6],[1,28],[9,-5],[-3,29],[10,3],[7,5],[3,5],[2,1],[3,5],[2,-3],[4,3],[6,1],[2,3],[4,1],[0,11],[0,23],[4,2],[2,7],[3,-5],[2,4],[2,-1],[3,9],[2,1],[9,0],[2,-3],[3,-1],[1,3],[4,3]],[[1877,4589],[-3,-7],[-2,-11],[-3,-2],[-1,-6],[1,-12],[0,-4],[2,-4],[-1,-4]],[[1535,4872],[3,-2],[2,3],[1,5],[3,12],[2,4],[9,9],[3,4],[1,-1],[8,6],[3,6],[0,9],[1,7],[1,11],[3,13],[5,4],[3,-11],[6,-13],[3,0],[4,5],[3,-3],[4,3],[1,-4],[-1,-12],[4,-9],[3,-2],[4,1],[2,-5],[5,-3],[2,2],[2,-3],[2,4],[2,1],[3,12],[1,-2],[9,2],[1,2],[4,-4],[3,3],[2,5],[2,10],[1,11],[3,12],[6,1],[2,3],[2,7],[2,5],[2,-3],[1,3],[1,8],[2,-9],[1,0],[3,4],[1,9],[2,3],[1,5],[5,8],[3,2],[0,9],[-1,8],[7,27],[2,2],[2,6],[1,4],[6,17],[-1,8],[0,5],[-4,0],[-1,8],[-1,2],[-1,9],[2,5],[-1,5],[4,5],[1,7],[2,3],[0,5],[5,-6],[2,2],[3,-7],[3,1],[2,-3],[5,-2],[4,-5],[3,-1],[1,2]],[[8612,4413],[19,79],[0,27],[-5,11],[-3,87],[-4,80],[-3,59],[-5,116],[-2,55],[-2,34],[-3,75]],[[8604,5036],[4,1],[1,5],[1,1],[1,-12],[2,-4],[0,-7],[2,-9],[1,-25],[1,-13],[0,-4],[1,-7],[0,-6],[-1,-5],[0,-11],[-1,-17],[1,-9],[-1,-3],[1,-12],[0,-13],[0,-9],[-1,-10],[2,-6],[1,-14],[-2,-4],[0,-6],[2,-24],[3,-13],[2,-5],[0,-7],[-3,-1],[0,-7],[2,-6],[1,-9],[-1,-10],[3,-6],[6,-4],[2,-6],[3,-1],[4,1],[1,3],[1,12],[-1,9],[1,5],[1,0],[3,-5],[5,9],[-3,2],[0,12],[4,-4],[1,3],[-1,5],[0,13],[1,2],[3,-11],[1,-10],[0,-7],[-2,-6],[2,-10],[-3,-3],[-1,-5],[4,-12],[1,-7],[-4,-4],[-2,-5],[-2,2],[-1,-5],[0,-11],[1,-8],[-1,-6],[1,-5],[1,-5],[-2,-2],[0,-12],[-1,-6],[0,-7],[-2,-4],[6,-2],[1,6],[3,-11],[2,-3],[2,-6],[1,-5],[-1,-11],[-3,-3],[0,-9],[1,-7],[2,-3],[0,-5],[-1,-6],[1,-6],[3,1],[2,-5],[3,0],[5,-3],[1,-4],[2,0],[-2,9],[-2,4],[2,6],[3,-4],[5,1],[-3,-11],[1,-5],[-2,-4],[0,-4],[6,-19],[2,-7],[4,-5],[5,-2],[5,6],[3,-3],[2,0],[4,-6],[3,-19],[2,-3],[4,1],[5,6],[3,0],[1,-3],[6,-3],[2,0],[2,2],[5,1],[7,-4],[9,-3],[2,-2],[1,-3],[3,0],[1,4],[9,5],[6,8],[1,1],[5,-6],[3,-1],[3,3],[8,10],[1,6],[5,12],[1,7],[2,3],[2,6],[1,12],[1,5],[-3,4],[3,11],[4,6],[-1,5],[2,13],[2,6],[3,7],[1,1],[3,6],[3,3],[1,-3],[5,6],[2,1],[4,4],[4,14],[5,3],[2,4],[3,10],[-1,8],[-7,6],[1,6],[4,7],[3,1],[2,-6],[4,4],[5,9],[2,14],[3,4],[4,3],[2,3],[1,5],[2,-1],[0,4],[3,-3],[0,9],[3,-2],[4,12],[0,4],[1,9],[1,8],[-1,19],[-1,3],[-2,-7],[-1,2],[0,9],[-1,6],[2,1],[3,7],[3,14],[2,13],[0,6],[-1,7],[1,5],[3,8],[2,3],[4,11],[4,14]],[[8911,4901],[2,-15],[5,-2],[0,-7],[2,-5],[4,0],[4,1],[1,6],[9,1],[-2,-8],[1,-5],[3,0],[1,-11],[2,3],[1,-7],[4,3],[1,-3],[4,0],[2,-3],[1,-7],[2,-7],[2,-4],[2,-5],[-2,-6],[5,0],[0,-7],[1,-3],[0,-9],[3,3],[3,1],[-1,-11],[2,-1],[0,-7]],[[8983,4511],[-10,-15],[-25,-29],[-13,-17],[-17,-21],[-10,-12],[-6,-8],[-2,-6],[0,-7],[2,-12],[1,-5],[2,-10],[3,-7],[1,-9],[2,-9],[0,-10],[1,-9],[3,-11],[5,-7]],[[8859,4772],[2,-1],[-1,-10],[-1,-3],[-2,2],[-2,-5],[-3,-2],[-1,-7],[-3,-1],[-3,5],[0,6],[1,4],[2,0],[0,5],[3,6],[2,-3],[2,3],[4,1]],[[8652,4921],[5,-3],[4,-9],[0,-3],[-4,-9],[-2,0],[-4,4],[-3,4],[1,8],[0,7],[3,1]],[[8849,4786],[1,-5],[-3,-6],[-7,-7],[-2,-1],[-1,3],[3,6],[8,10],[1,0]],[[8864,4714],[-4,-14],[-1,0],[-1,7],[3,5],[3,2]],[[8824,4692],[3,-4],[0,-6],[-2,-6],[-1,1],[1,10],[-1,5]],[[8818,4680],[-2,5],[4,5],[0,-3],[-2,-7]],[[8655,4721],[2,-13],[-1,-3],[-2,4],[1,6],[0,6]],[[350,8718],[-1,-3],[-8,-1],[-5,-1],[-4,-1],[-5,5],[-4,7],[-10,23],[-6,16],[-8,20],[0,0],[-20,79],[-6,23],[-4,12],[-2,8],[-1,1],[-4,12],[-6,17],[1,1]],[[5739,1312],[-3,-2],[-4,1],[-2,-4],[-2,-17],[1,-5],[0,-16],[-1,-11],[-2,-5],[-3,-10],[-5,-1],[-2,-3],[-3,2],[-3,10],[-3,3],[-2,-1],[-1,-4],[-4,3],[-1,-3],[-2,3],[-6,-3],[-2,5],[-4,0],[-1,-5],[-2,0],[-4,-2]],[[5678,1247],[-2,8],[-3,5],[2,13],[1,0],[3,6],[-3,19],[-1,5],[0,6],[-2,4],[-1,5],[-2,3],[-1,8],[2,7],[0,13],[2,2],[0,7],[3,5],[3,0],[1,6],[-5,3],[-2,6],[1,14],[1,4],[1,17],[1,9],[-1,6],[1,5],[2,7],[0,10],[5,12],[2,9],[2,4],[0,7],[-5,13],[3,6],[1,8],[-1,8]],[[5686,1517],[4,2],[1,-3],[4,-11],[4,-1],[2,-3],[5,2],[5,-5],[4,-5],[3,-16],[1,-5],[0,-3],[2,-8],[2,-8],[4,-4],[2,-5],[3,0],[1,-5],[3,1],[2,-4],[1,-8],[3,3],[3,9],[4,6],[3,-2],[1,-8],[4,-2],[-1,-5],[2,-6],[3,-8]],[[2871,9008],[1,-8],[2,2],[1,-5],[-2,-7],[-1,-9],[1,-4],[0,-12],[0,-6],[1,-12],[2,-5],[2,-9],[2,-5],[4,-6],[2,-1],[2,3],[-1,-10],[-1,-6],[1,-4],[2,-3],[6,-14],[3,-5],[0,-10],[7,-9],[4,-10],[1,-1],[-2,-12],[-2,-8],[2,-9],[0,-13],[-3,1],[-2,4],[-3,-3],[1,-6],[1,3],[3,-8],[1,-13],[4,16],[1,-5],[-1,-9],[0,-4],[-1,-4],[0,-9],[0,-3],[-1,-8],[-1,-12],[-4,-5],[-2,-5],[-1,-6],[-3,1],[-2,-4],[-1,-7],[-3,-6],[-2,-13],[1,-11],[-1,-17],[-2,-7],[-4,4],[-3,-2],[-5,2],[-3,-1],[-2,-3],[-3,1],[-3,-5],[-1,-6],[-2,1],[-5,-6],[-2,19],[-3,-1],[-1,4],[-2,1],[-4,4],[-1,8],[2,1],[2,9],[0,8],[2,1],[-1,9],[1,3],[2,1],[3,3],[1,-4],[1,12],[5,2],[0,4],[3,5],[3,-3],[3,-7],[1,-4],[4,-8],[2,-7],[2,-3],[1,-7],[3,-3],[-3,15],[-1,0],[-2,12],[1,3],[-2,5],[-4,4],[-1,4],[3,2],[0,13],[-3,-13],[-1,2],[-2,6],[-2,-1],[-3,3],[-3,1],[-4,-1],[-1,5],[-3,1],[-4,6],[-5,-3],[-1,8],[-5,0],[-3,9],[-1,8],[-3,3],[-3,9],[3,6],[-2,10],[-2,0],[-1,6],[-2,5],[-3,10],[1,10],[1,10],[-2,4],[-1,8],[-4,0],[2,9],[4,1],[5,6],[1,6],[1,6],[2,6],[6,-1],[1,4],[2,3],[1,5],[2,16],[4,2],[4,10],[2,7],[3,1],[1,5],[4,11],[0,4],[2,4],[2,7],[2,6],[1,13],[1,3],[3,2]],[[3012,8287],[4,-4],[0,-20],[0,-5],[-1,-15],[-1,-12],[0,-6],[0,-9],[0,-5],[-4,-3],[-2,-12],[-1,-4],[-5,-4],[-2,2],[-2,4],[-3,4],[-2,7],[-2,4],[0,8],[3,2],[1,6],[8,17],[2,9],[-1,22],[2,9],[6,5]],[[3040,8020],[2,1],[2,-4],[1,-6],[3,-6],[4,-5],[5,-2],[1,2],[4,2],[3,0],[1,-10],[-1,-4],[-4,-4],[-3,-5],[0,3],[-4,2],[-2,-1],[-5,-8],[-3,-1],[-2,6],[0,5],[3,10],[0,3],[-3,6],[-2,-3],[-4,-3],[-1,6],[0,14],[3,0],[2,2]],[[2824,9330],[1,-9],[-3,-16],[-1,-12],[-3,-18],[-3,-8],[-3,5],[-5,2],[0,8],[5,5],[4,10],[2,14],[3,7],[0,9],[3,3]],[[2777,8293],[3,-5],[1,-12],[1,-7],[-2,1],[-3,-2],[-6,-2],[-2,2],[0,6],[-1,11],[5,7],[4,1]],[[2845,8657],[3,-2],[2,-6],[-1,-9],[-3,-1],[-2,-8],[-3,3],[-1,-5],[-2,-3],[-1,3],[1,8],[2,7],[2,-1],[2,14],[1,0]],[[2835,8676],[3,-1],[3,-8],[1,-4],[-1,-7],[-2,-1],[-5,3],[0,4],[-1,12],[2,2]],[[2823,8765],[4,-2],[2,-5],[1,-4],[-1,-6],[1,-9],[-4,2],[0,15],[-3,4],[0,5]],[[3006,8313],[6,-6],[-1,-7],[1,-6],[-1,-4],[-3,0],[0,5],[-3,13],[1,5]],[[2801,8821],[4,-6],[0,-8],[-1,-5],[-4,7],[0,11],[1,1]],[[2793,8966],[1,-2],[-1,-11],[0,-6],[-2,-7],[-2,4],[0,10],[2,2],[0,5],[2,5]],[[3023,8143],[2,-4],[-1,-6],[-2,-4],[-1,-5],[-1,0],[-3,-5],[-1,4],[3,5],[1,5],[2,5],[1,5]],[[2946,8078],[0,1],[0,15],[2,9],[2,-1],[0,-6],[-4,-18]],[[2833,8629],[1,-2],[-1,-6],[0,-8],[-2,0],[-1,7],[3,9]],[[3029,7986],[2,-2],[0,-9],[-3,0],[-1,7],[2,4]],[[2980,8220],[-1,2],[1,8],[1,-4],[-1,-6]],[[2828,9342],[-3,-8],[-1,3],[2,7],[2,-2]],[[2842,8691],[-1,-7],[-2,5],[3,2]],[[9525,3985],[1,-82],[0,-16],[1,-40],[0,-12],[-3,-13],[0,-8],[4,-17],[1,-9],[0,-23],[2,-15],[1,-38]],[[5637,1559],[2,1],[-3,14],[4,0],[5,-3],[-1,-10],[-3,2],[1,-10],[3,1],[1,-8],[4,0],[3,-13],[4,-1],[2,2],[5,0],[3,-5],[2,2],[2,-5],[2,-1],[6,1],[5,-10],[2,1]],[[5678,1247],[0,-3],[-5,-8],[-4,-2],[-6,-9],[-3,-8],[-1,1],[-2,-4],[-4,0],[-2,-2],[-6,3],[-1,5],[-5,-1],[-2,3],[-7,11],[-3,6],[0,3],[-3,6],[-2,5],[-1,1],[-2,5],[0,6],[-2,8],[-1,8],[-1,4],[-3,3],[-3,-4]],[[3649,1874],[-3,2]],[[3646,1876],[-2,8],[-2,-2],[-4,14]],[[3507,2059],[0,5],[1,4],[0,7],[-4,8],[0,5],[1,5],[-2,4],[-2,27],[2,8],[1,7],[1,5],[1,7],[-1,10],[1,12],[3,11],[-3,3],[-1,5],[0,9],[3,6],[-1,6]],[[582,7204],[2,-2],[4,0],[4,-5],[3,1],[3,-8],[3,-2],[4,1],[1,-1],[3,-7],[3,-18],[1,-8],[3,-3],[0,-6],[1,-5],[5,-11],[2,-1],[3,2],[5,-17],[2,-20],[2,-8],[2,-6],[0,-9],[-5,-18],[-4,-16],[-1,-7]],[[628,7030],[-2,1],[-1,3],[-3,-3],[-2,3],[-1,-4],[-3,19],[1,9],[-4,0],[-3,-4],[-2,-3],[-2,3],[-2,6],[-2,-1],[-3,1],[-3,9],[-5,-1],[-3,-4],[-5,-5],[0,22],[-1,12],[0,4],[-2,5],[-2,-4],[-5,1],[-2,7],[-2,1],[-2,8],[-2,1]],[[565,7116],[3,13],[3,2],[2,6],[-3,1],[-2,-1],[-3,-6],[-1,6],[1,9],[-6,7],[-3,2],[0,10],[1,7],[-2,6],[-4,0],[-3,7],[-4,4],[-1,1],[-2,-8],[-2,7]],[[539,7189],[0,29],[-2,7],[4,14],[-1,9],[0,5],[3,8]],[[565,7116],[-5,3],[2,-8],[-4,-9],[-6,-3],[-3,5],[0,-9],[0,-9],[3,-9],[-2,-4],[1,-6],[-1,-5],[2,-4],[2,1],[1,-5],[-1,-7],[-3,-7],[1,-4],[-1,-4]],[[551,7032],[-6,11],[-1,0],[-2,4],[1,5],[-2,6],[-2,0],[-2,5],[-6,2],[-5,0],[-3,4],[-2,-3],[0,14],[-2,21],[0,6],[-2,14],[-4,24]],[[513,7145],[6,8],[7,0],[4,3],[-1,7],[2,1],[5,-14],[2,9],[-2,9],[-2,4],[0,9],[3,3],[2,5]],[[507,7006],[1,-6],[2,-1],[1,-10],[-3,-1],[-3,8],[0,7],[2,3]],[[502,7015],[3,-4],[-1,-4],[-4,2],[0,6],[2,0]],[[508,7024],[0,-4],[-3,-6],[-1,4],[1,4],[3,2]],[[514,7015],[2,0],[-1,-7],[-2,0],[-2,3],[2,6],[1,-2]],[[492,7049],[2,-9],[-1,-3],[-3,6],[2,6]],[[628,7030],[1,-4],[-2,-12],[0,-4],[0,-5],[0,-4],[0,-5],[3,-7],[-1,-6],[1,-3],[-3,-13],[-1,-7],[0,-4],[-1,-7],[2,-6],[-1,-7],[1,-6],[-1,-8],[1,-6],[-1,-8],[1,-7],[-1,-7],[1,-9],[1,-5],[-2,-5],[-1,-9],[-2,-3],[-4,-4],[-1,-4],[-2,-8],[-2,-3],[0,-6],[-3,5],[-1,-6],[2,-8],[-1,0],[-3,5],[-2,4],[-1,1],[-2,-5],[-1,7],[1,2],[0,6],[-2,1],[-2,-13],[-5,-2],[-1,3],[2,5],[-2,8],[-2,-2],[0,-4],[-4,-6],[-2,2],[-2,7],[-2,5],[0,8],[2,3],[0,8],[-1,7],[-2,7],[-3,13],[-1,8],[1,7],[0,8],[-2,7],[0,7],[-2,5],[1,7],[-3,12],[0,8],[-2,6],[1,6],[-3,7],[-3,3],[-1,5],[0,8],[-5,11],[-5,6],[0,7],[-2,5]],[[743,6360],[3,2],[2,-5],[0,-4],[1,-2],[2,-8],[3,-8],[2,-6],[0,-7],[2,-5],[1,-9],[1,-5],[2,-2],[1,-6],[1,-8],[-1,-4],[-4,-10],[2,-10],[-2,-10],[1,-5],[-1,-6],[0,-9],[1,-8],[-1,-10],[-1,-5],[-3,-3],[0,-7],[5,-13],[0,-6],[-2,-9],[-5,0],[-1,4],[2,10],[-1,7],[-2,0],[-1,-6],[-3,-2],[-2,4],[-3,-3],[-2,-6],[0,-8],[2,-2],[0,-12],[-2,-3],[0,6],[-4,12],[-8,11],[-4,4],[-2,0],[-1,4],[-3,2],[-5,0],[-1,4],[3,5],[5,2],[1,-6],[2,-1],[2,3],[0,5],[2,13],[-1,5],[1,5],[2,3],[1,-1],[1,6],[1,8],[0,21],[-1,5],[0,12],[2,6],[-1,10],[1,6],[2,3],[1,5],[2,5],[0,4],[4,-2],[3,10],[0,10],[-2,3],[-1,12],[-2,4],[1,5],[2,-4]],[[733,6511],[2,-6],[2,-1],[3,5],[0,-7],[0,-7],[2,-9],[3,-9],[1,-9],[1,-4],[5,-12],[-1,-6],[1,-5],[3,-6],[0,-8],[-2,-7],[1,-6],[1,-2],[-1,-6],[1,-5],[2,-5],[1,-7],[-1,-5],[3,-4],[0,-5],[4,-5],[4,-7],[3,-9],[2,-10],[1,-2],[0,-10],[-1,-11],[0,-5],[0,-5],[-3,0],[-1,-6],[-2,-3],[1,-10],[3,-9],[0,-5],[-2,-1],[-2,13],[-1,9],[-2,9],[-1,9],[-2,0],[-2,8],[1,7],[-5,13],[-3,9],[0,5],[-5,15],[0,2],[-3,6],[-1,9],[1,6],[-2,1],[0,5],[-4,14],[-1,1],[-1,6],[-2,2],[0,7],[-3,6],[-2,7],[2,2],[-3,21],[0,4],[-4,13],[-3,0],[-3,6],[-4,1],[2,6],[3,0],[3,7],[4,5],[4,-4],[2,5],[1,-1]],[[783,6615],[1,-5],[4,2],[5,-1],[5,-4],[0,3],[4,1],[3,-4],[0,-5],[1,-1],[3,1],[2,3],[3,-3],[3,7],[4,-3],[1,3],[6,-11],[2,-7],[3,-4],[2,-13],[0,-9],[-2,-4],[1,-4],[-4,-2],[-3,7],[-4,-2],[-2,4],[-2,0],[-2,-4],[-1,-5],[-2,-4],[-3,2],[-2,-3],[-2,2],[-4,2],[-3,-2],[-3,1],[-1,2],[-2,-4],[-2,0],[-3,5],[-2,-2],[-3,3],[-4,6],[-1,-3],[-2,3],[-5,1],[-1,-3],[-3,5],[-2,1],[-1,9],[0,6],[-1,4],[0,7],[2,2],[4,8],[3,7],[2,1],[3,0],[2,3],[3,1]],[[626,6471],[0,-11],[2,-8],[0,-4],[-3,-3],[-2,6],[-5,4],[-1,5],[-3,6],[1,4],[5,1],[6,0]],[[717,6480],[4,-4],[-1,-5],[3,-4],[1,0],[1,-7],[2,-5],[-2,-5],[-3,4],[-2,0],[-2,6],[-4,4],[0,5],[2,3],[2,-4],[1,5],[-2,7]],[[759,6156],[2,-4],[0,-6],[2,-5],[0,-9],[-3,0],[-4,9],[0,6],[3,9]],[[711,6476],[2,-16],[-1,-8],[-2,10],[-2,5],[-1,6],[1,15],[3,-9],[0,-3]],[[722,6451],[1,-15],[1,-10],[-4,3],[-1,4],[1,8],[-1,5],[2,7],[1,-2]],[[691,6423],[-2,6],[0,9],[4,6],[1,-3],[1,-6],[-1,-6],[-3,-6]],[[760,6477],[-1,-10],[-2,2],[-2,17],[1,5],[3,-6],[1,-8]],[[717,6451],[1,-1],[0,-5],[1,-4],[-2,-3],[-2,9],[2,4]],[[764,6489],[1,-4],[1,-11],[2,-3],[0,-6],[-4,9],[0,15]],[[701,6512],[-3,-10],[-1,7],[2,4],[2,-1]],[[755,6435],[-3,7],[1,7],[2,-8],[0,-6]],[[704,6507],[-1,2],[2,6],[2,-3],[-3,-5]],[[513,7145],[-6,23],[-2,11],[-3,11],[-2,8],[-3,3],[1,5],[-2,7],[-2,0],[0,6],[-2,7],[-3,-1],[-1,5],[2,7],[-1,5],[-4,11],[-2,-2],[-1,5],[-2,4],[-2,0],[-1,8],[-2,4],[-1,10],[-2,8],[-3,8],[0,5],[-4,13],[-2,4],[-6,14],[-4,5],[-3,1],[-1,-10],[-1,-1],[-3,13],[2,1],[3,5],[5,0],[2,-2],[3,4],[1,4],[6,-8],[1,-4],[2,-2],[-1,-4],[3,-1],[0,9],[4,-8],[5,3],[1,3],[3,-2],[2,2],[2,5],[1,-2],[4,5],[1,13],[4,4],[3,4],[2,8],[2,0],[1,5],[2,9],[-1,4],[-1,4],[-2,7],[0,5],[3,5],[1,0],[4,-6],[1,-6],[2,-9],[2,-3],[2,0],[2,3],[0,11],[2,-3],[2,-11],[1,-10],[1,-5],[3,-2],[3,1],[1,4],[2,0],[1,-3],[2,-15],[3,-1],[1,-10],[2,-4]],[[4487,8540],[-1,5],[-3,6],[-3,22],[-3,10],[0,7],[1,9],[-1,9],[-2,13],[-3,2],[0,5],[-2,5],[0,10],[0,4],[0,5],[1,4],[-2,7],[0,15],[0,6],[2,9],[0,7],[-2,8],[2,4],[-1,11],[2,4],[1,9],[-1,4],[2,8],[1,5],[1,10],[2,5],[0,11],[0,19],[-2,0],[-6,11],[-1,5],[-3,9],[2,2],[2,12],[2,2],[3,-3],[3,-1],[2,4],[2,8],[1,2],[2,16],[1,28],[2,5],[0,5],[2,11],[2,11],[0,8],[-1,12],[2,6],[-1,12],[2,13],[2,3],[1,7],[3,1],[3,-3],[1,11],[2,3],[2,-1],[2,12],[1,8],[5,-2],[1,-2],[1,-7],[1,-3],[3,2],[3,6],[-1,7],[1,3],[-1,6],[2,2],[3,5],[5,7],[1,6],[-2,2],[-1,11],[0,14],[2,8],[-1,6],[1,7],[1,9],[3,0],[2,2],[2,-3],[1,-8],[1,-5],[2,-9],[3,2],[4,0],[0,-2],[4,3],[1,-5],[4,-1],[1,-6],[6,-5],[0,-6],[0,-11],[0,-3],[4,-4],[1,-3],[4,-4],[2,2],[1,14],[6,18],[4,-3],[1,5],[4,0],[1,22],[1,9],[2,-6],[7,-1],[3,2],[1,-2],[4,-2],[2,1],[2,-9],[3,-1],[3,7],[3,-2],[3,3],[1,6],[3,0],[2,4],[3,-2],[1,-5],[3,-2],[1,-7],[1,-3],[2,2],[2,-2],[0,-8],[3,-8],[2,-1],[2,-4],[0,-10],[0,-10],[3,4],[3,0],[3,4],[0,8],[2,3],[0,5],[2,2],[2,-5],[5,1],[1,-3],[1,8],[-2,8],[1,15],[2,3],[1,5],[3,2],[1,10],[4,-15],[1,-5],[2,0],[2,4],[2,-12],[0,-9],[2,-3],[3,-2],[4,2],[0,5],[3,2],[4,-6],[2,-4],[4,7],[3,4],[2,8],[0,9],[2,4],[4,-7],[1,-5],[2,-6],[0,-9],[3,-3],[2,7],[2,0],[1,-8],[5,-6],[1,8],[2,-2],[3,2],[1,5],[3,1],[3,10],[2,1],[6,-7],[1,1],[2,-1],[1,-5],[2,-7],[2,4],[3,-1],[3,3],[1,-1],[-1,-14],[4,-1],[2,13],[2,3],[9,-7],[3,1],[2,-2],[3,4],[4,3],[3,5],[3,-4],[0,-4],[3,-2],[3,1],[2,-2],[1,4],[1,7],[4,10],[1,-1],[3,3],[0,-4],[3,-5],[4,-13],[2,-12],[2,-4],[2,-1],[1,-5],[2,2],[5,-8],[2,0],[4,-2],[1,-10],[2,-7],[4,-1],[2,-5],[-1,-3],[4,-7],[0,-8],[2,-5],[1,-8],[3,-6],[3,-6],[3,-3],[1,4],[3,-4],[1,1],[5,-5],[2,6],[2,-2],[4,6],[4,0],[2,-5],[-1,-5],[-5,-7],[-4,-5],[-3,-10],[-2,-13],[-1,-1],[-5,3],[-1,4],[-2,-2],[-9,11],[-8,10],[-2,0],[-1,-6],[3,-4],[3,-8],[-1,-4],[1,-8],[2,0],[9,-7],[1,-7],[-1,-6],[-1,-7],[-3,-7],[-3,-14],[-1,2],[-4,7],[-6,5],[-4,-2],[-1,-6],[0,-5],[3,0],[-1,7],[3,0],[6,-5],[2,-6],[3,-2],[4,-12],[0,-8],[2,-7],[-2,-13],[0,-4],[5,-5],[2,-4],[2,-1],[5,5],[3,2],[5,-6],[3,-7],[2,-9],[4,-7],[6,-1],[9,3],[4,-5],[4,-7],[5,-12],[1,-2],[0,-11],[-5,2],[-3,-3],[0,-2],[-1,-2],[-1,-4],[2,-7],[-3,2],[-1,-7],[-2,4],[-2,-2],[-2,-8],[-4,5],[-2,0],[-2,-3],[-3,1],[0,10],[-2,1],[-2,-7],[-5,1],[-6,-10],[-2,5],[-3,-5],[-1,3],[-2,1],[-3,-6],[-1,-6],[1,-3],[1,-3],[-1,-11],[1,-3],[-2,-5],[-7,-6],[-2,-7],[-2,5],[-5,1],[-1,6],[-3,1],[-5,3],[-5,-1],[-5,5],[-4,-2],[-7,9],[-1,-2],[7,-9],[5,1],[4,-5],[2,0],[5,1],[4,-3],[2,1],[1,-7],[3,-3],[3,0],[1,-12],[4,-1],[2,3],[3,-4],[2,4],[2,-3]],[[4885,8677],[-1,-3],[-3,-5],[-4,-2],[-15,-4],[-12,-5],[-7,-1],[-4,3],[-10,12],[-7,5],[-15,4],[-8,2],[-15,13],[-15,8],[-4,0],[-5,-3],[-6,-4],[-8,-7],[-2,-3],[-3,-1],[-7,5],[-5,1],[-6,-8],[4,-13],[0,-11]],[[4933,8971],[42,0],[5,-19],[0,-6],[-2,-25],[2,-12],[-4,-13],[-3,1],[-3,-5],[-4,-3],[-2,4],[-3,7],[-3,6],[-2,6],[-3,4],[-8,12],[-7,16],[-6,17],[-5,10],[6,0]],[[4922,8959],[2,-2],[5,-13],[4,-14],[5,-12],[5,-9],[-3,-17],[-1,-1],[-2,-12],[-1,-16],[-5,-3],[-5,-7],[-2,-1],[-5,8],[-1,1],[-4,6],[-4,12],[0,10],[-2,11],[0,11],[-1,9],[5,18],[1,6],[3,8],[4,6],[2,1]],[[4892,8889],[2,1],[4,-9],[0,-10],[1,-8],[4,-7],[1,-2],[3,-15],[2,-6],[5,-6],[2,-4],[3,-3],[4,-1],[4,2],[1,-5],[-1,-10],[-6,1],[-7,-3],[-3,-2],[-3,3],[-3,12],[-3,7],[-5,6],[-4,1],[-5,-8],[-1,0],[-8,8],[-1,3],[2,10],[0,9],[-2,6],[0,4],[-3,13],[5,14],[2,3],[5,10],[5,-14]],[[4938,8797],[4,-1],[2,-3],[3,-12],[7,-13],[3,-4],[2,-6],[1,-8],[0,-5],[-2,-1],[-4,3],[-4,1],[-6,7],[-3,2],[-2,9],[0,7],[0,5],[-3,2],[-3,10],[2,7],[3,0]],[[4899,8931],[-3,3],[-1,7],[2,7],[2,7],[5,3],[3,-3],[-3,-13],[-3,-9],[-2,-2]],[[4886,8685],[-1,-3],[-2,1],[-3,-5],[-2,4],[-2,-2],[-4,0],[1,5],[2,3],[2,6],[7,6],[2,-6],[0,-9]],[[4940,8743],[2,0],[1,2],[2,0],[0,-3],[0,-2],[2,0],[1,-5],[1,1],[2,-6],[-2,-3],[-6,6],[-10,5],[2,7],[1,-2],[1,1],[2,4],[1,-5]],[[4940,8743],[-1,5],[-1,0],[-1,-4],[-2,1],[-1,0],[0,4],[0,3],[1,0],[1,-2],[0,2],[1,0],[0,0],[0,1],[0,1],[0,3],[1,3],[2,-5],[3,-1],[5,-8],[0,-9],[-1,3],[-1,1],[-1,-1],[0,3],[1,2],[-1,1],[-2,-1],[0,0],[-1,-2],[-2,0]],[[4932,8743],[-1,6],[-3,6],[2,3],[0,4],[3,1],[0,2],[1,-1],[3,0],[1,-3],[-1,-4],[0,-5],[0,0],[-1,1],[0,-2],[-1,2],[0,0],[-1,-2],[0,-2],[-1,-3],[-1,-3]],[[4952,8743],[4,-1],[1,-7],[-1,-6],[-4,1],[-2,6],[-2,3],[1,6],[3,-2]],[[4932,8743],[-2,1],[-1,-5],[-3,4],[1,7],[4,-4],[1,-3]],[[4886,8910],[-2,-5],[0,4],[2,1]],[[2126,4697],[0,-9],[4,-3],[-2,-21],[-2,-4],[1,-6],[3,1],[1,-6],[0,-7],[-1,-7],[-3,-8],[3,-14],[1,-8],[-3,-8],[1,-11],[0,-10],[-2,-3],[1,-5],[-1,-6],[1,-8],[3,-4],[-1,-7],[1,-4],[-2,-10],[3,-7],[-3,-13],[0,-8],[1,-14],[-2,-6],[2,-11],[0,-7],[-2,-5],[-4,1],[-2,2],[-4,-7],[-3,-4],[-7,9],[-3,-12],[-4,-5],[0,-5],[-1,-11],[-1,-12],[-1,-7],[-3,-9],[-1,-18],[-1,-9],[0,-8],[0,-16]],[[2093,4347],[0,-1],[0,0],[-2,-5],[-2,-14],[1,-4],[-1,-8],[-2,-4],[-3,-11],[-3,-11],[0,-9],[-1,-2],[-3,-15],[-3,-5]],[[2074,4258],[-4,6],[-5,2],[-3,3],[-1,9],[-8,6],[1,-9],[-2,3],[-4,-3],[-5,-5],[-7,9],[-1,3]],[[2293,5079],[4,1],[5,7],[3,8],[2,-4],[1,-7],[1,-16],[-2,-17],[-2,-10],[-2,-19],[-1,-15],[1,-33],[3,-15],[2,-13],[2,-3],[4,-11],[7,-10],[2,-2],[11,-3],[4,5],[3,0],[1,-5],[2,-1],[1,-15],[1,-19],[0,-9],[0,-14],[-1,-17],[0,-6],[0,-15],[-1,-14],[2,-3],[1,-10],[5,-18],[4,-8],[6,-15],[5,-4],[6,4],[5,0],[1,3],[1,6],[4,0],[2,-11],[2,2],[11,-12],[2,-15],[3,-31],[0,-6],[-2,-11],[0,-10],[-1,-4],[1,-8],[2,-9],[4,-26],[2,-22],[-1,-8],[-2,-9],[-4,-8],[-3,-3],[-4,-2],[-9,-20],[-2,-2],[-5,-13],[-2,-2],[-2,-9],[-2,-7],[0,-6],[-2,-7],[-4,-14],[-2,-6],[-2,0],[-3,-23],[-2,-10],[-4,-26],[-1,-14],[-2,-12],[-3,-42],[1,-19],[0,-13],[1,-11],[2,-8],[2,-12],[4,5],[3,-4],[6,-10],[4,-8],[7,-24],[1,-5],[0,-9],[-2,-12],[-2,-11],[0,-5],[-4,-21],[-9,-34],[-4,-37],[-1,-6],[-3,-40],[1,-17],[-1,-10],[-2,-3],[-3,7],[-1,10]],[[2349,4059],[-2,11],[-4,1],[-2,2],[-3,-1],[1,-7],[-2,-5],[-2,-4]],[[2182,4059],[-3,1],[-2,-4],[-2,-11],[-1,-5],[-2,-2],[-8,3],[-4,-6],[-1,-6],[-4,0]],[[2155,4029],[0,0],[0,0],[-3,-3],[-2,-7],[-2,-1],[-1,-4],[-3,0],[0,-9],[-2,1],[-2,-6],[-5,2],[-3,-2],[-4,-5],[-1,-1],[-1,-5],[-1,0],[-5,9],[-2,-1]],[[2118,3997],[0,12],[-1,3],[1,4],[2,12],[1,-1],[2,13],[1,1],[0,6],[1,4],[0,12],[1,4],[2,5],[1,6],[4,1],[2,5],[0,8],[-2,9],[2,5],[3,4],[1,11],[3,4],[2,5],[5,6],[2,0],[1,4],[1,9],[1,6],[1,10],[1,7],[-7,4],[-3,-2],[-2,-8],[-3,0],[-2,12],[0,2],[4,13],[0,4],[-3,9],[0,12],[1,3],[2,2],[1,6],[-1,8],[1,17],[-2,13],[-2,8],[-2,1],[-10,19],[-4,5],[-3,6],[1,22],[-8,7],[-1,8],[-3,5],[-3,2],[-5,-1],[-5,-5],[-4,3]],[[2424,4559],[3,-3],[2,-6],[0,-3],[-3,4],[-2,8]],[[2074,4258],[1,-12],[-6,-15],[-2,-3],[-3,-9],[0,-15],[1,-15],[-2,-8],[-3,-6],[-1,0],[-2,-5],[-4,1],[-3,-7],[-3,-9],[-4,1],[-2,-5],[0,-8],[-4,-5],[-1,-2],[-4,2],[-2,-3],[-1,-8],[-1,-9],[0,-4],[-3,-8],[-3,-8],[-1,-5],[2,-8],[-1,-10],[0,-6],[3,-10],[-1,-8],[2,-15],[-1,-10],[-4,-2],[-1,1],[-3,-3],[-2,-9],[0,-12],[-2,-1],[-3,1],[-4,-4],[-2,6],[-1,-7],[1,-17],[-1,-5],[-1,-10],[1,-7],[-2,-10],[0,-13],[-13,-29]],[[1988,3905],[-4,-4],[-7,-10],[-2,-7],[-8,-5],[-4,-7],[-4,1],[-2,6],[-4,-3],[-2,-6],[-4,-3],[-2,5],[-2,8],[-6,13],[-4,15],[0,8],[-5,2],[-4,0],[-3,2],[1,9],[-2,41],[-2,18],[-5,18],[-3,12],[-2,-3],[-4,-5],[-6,-10],[-6,-13],[-4,-13],[-13,-1],[-2,-12],[-2,1]],[[1988,3905],[0,-7],[2,-2],[5,-12],[3,-3],[5,-26],[1,-7],[4,-4],[3,-5],[-2,-4],[1,-3],[2,-9],[2,-2],[1,-7],[2,1],[2,-4],[3,-1],[2,3]],[[2024,3813],[2,-21],[0,-7],[-2,-8],[0,-5],[-3,-6],[-2,-1],[-1,-11],[0,-6],[-1,-7],[-1,-11],[2,-4],[4,8],[0,-4],[-4,-5],[0,-6],[2,-8],[0,-6],[1,-11],[-1,-5],[2,-4],[0,-7],[3,-10],[0,-6],[2,-5],[5,-2],[-1,-12],[-3,-12]],[[2118,3997],[-4,-6],[-3,0],[-2,-4],[-1,4],[-11,-2],[-1,5],[-3,5],[-4,0],[2,12],[-2,5],[-4,-9],[-3,-5],[0,-3],[-5,-3],[-4,-5],[-3,-2],[-2,-5],[-3,-6],[0,0],[-3,-9],[-2,-3],[-2,2],[-2,-9],[-2,0],[-1,6],[-2,0],[-3,-4],[0,-5],[-2,-3],[-3,-10],[-3,-1],[-3,-7],[-1,-14],[-6,-13],[-3,-19],[-1,-5],[0,-10],[-1,-4],[0,-6],[1,-17],[-1,-6],[-3,-1],[0,-8],[0,-8],[2,-4],[0,-7]],[[3534,1815],[6,-2],[3,3],[2,-5],[1,-10],[3,-9],[2,-1],[1,-4],[0,-9],[-1,-3],[0,-10],[4,-5],[-2,-10],[-1,-1],[0,-6],[-2,-4],[2,-7],[-1,-9],[2,-8],[-3,-1],[1,-4],[2,-2],[2,-7],[2,-4],[0,-11],[3,-2],[3,-8],[3,2],[1,-1]],[[3567,1677],[0,-11],[-5,-4],[2,-10],[-2,-8],[-2,-4],[1,-5],[2,-10],[0,-7]],[[3563,1618],[-2,-4],[-4,2],[-1,5],[-1,3],[-2,-6],[-2,4],[-4,0],[-1,-6],[-3,4],[0,3],[-2,3],[-4,-2],[0,-6],[-2,1],[1,7],[-1,3],[-3,2],[-2,-3],[-2,0],[-4,-4],[0,-4],[-2,1],[-4,-2],[0,-4],[-2,-2],[-3,3],[-2,-4],[-4,1],[-3,3],[1,7],[-3,2],[-1,3],[-2,-2],[-2,4],[-1,8],[1,6],[-3,4],[-3,-2],[1,-6],[-1,-8],[-3,-2],[-5,-1],[-1,-2],[-4,4],[-4,-2],[-1,5],[-7,6],[-1,4],[-2,0],[-6,5],[-2,4]],[[3455,1653],[0,3],[-2,17],[1,14],[1,11],[0,6],[3,4],[1,7],[1,3],[5,23],[1,-1],[3,-5],[2,0],[3,-6],[1,3],[4,1],[1,-3],[3,1],[6,7],[1,13],[-1,5],[2,7],[2,0],[2,-5],[-1,-16],[2,0],[4,2],[2,-2],[0,13],[2,9],[0,6],[-1,3],[1,6],[-1,4],[-1,11],[2,-1],[3,4],[0,8],[-1,7],[0,4],[3,8],[2,-1],[5,1],[2,-11],[3,3],[1,6],[1,-3],[3,-8],[5,-3],[2,3],[1,4]],[[978,7176],[-6,7],[-4,10],[-1,5],[-3,6],[-3,2],[0,8],[-3,13],[0,8]],[[958,7235],[3,2],[4,1],[2,2],[2,11],[2,3],[5,0],[7,6],[1,5],[5,-1],[3,13],[2,3],[3,0],[1,3],[5,2],[1,4],[4,12],[4,7],[0,4],[3,8],[5,2],[0,4],[2,6],[-1,5],[2,7],[1,1],[5,2],[3,9],[2,4],[6,14],[4,9],[5,10],[2,7],[0,6],[2,5],[3,4],[6,8],[1,-6],[3,-4],[1,-8],[0,-18],[1,-9],[4,-20],[1,-7],[-1,-13],[1,-4],[1,-11],[0,-7],[4,7],[5,1],[3,-4],[2,-7],[2,-3]],[[1090,7310],[0,-15],[3,-8],[2,-2],[5,-23],[8,-5],[3,-11],[-1,-9],[0,-10],[1,-4],[0,-8],[1,-6],[2,-11],[2,-6],[2,-2],[1,-3],[1,-8],[2,-1],[2,-6],[-1,-4],[-2,3],[-5,-2],[-3,-4],[-2,-13],[0,-13],[2,-8],[2,4],[0,-18],[2,-11],[3,-5],[-2,-8],[-3,-4],[1,-5],[0,-6],[-1,-6],[-2,-3],[-1,-8],[2,-6],[-1,-11],[2,-5],[0,-9],[-1,-2],[-1,-9],[1,-13],[-2,0],[-2,-5],[1,-11],[4,-13],[5,-8],[3,-10]],[[1123,6959],[-2,1],[-7,6],[-4,6],[-10,9],[-2,4],[-6,12],[-7,9],[-2,-1],[-6,5],[-1,6],[-1,5],[-1,6],[-3,2],[-6,3],[-9,12],[-1,-1],[-2,-5],[-3,-3],[-3,-9],[3,-14],[0,-9],[-1,-10],[1,-2]],[[1153,7380],[-2,-3],[-6,3],[0,-6],[3,-5],[6,-6],[2,-4],[1,-4]],[[1157,7355],[-4,-5],[-2,-5],[-2,1],[-3,4],[-4,-1],[-3,-6],[-7,-2],[-4,-7],[-9,3],[-6,0],[-3,-4],[-4,0],[-1,2],[-6,-1],[-6,-4],[-2,-7],[-1,-13]],[[958,7235],[1,3],[-2,9],[1,6],[0,10],[-1,4],[-2,9],[-3,8],[0,5],[0,7],[-3,9],[-2,8],[-1,8],[-4,19],[0,12],[2,3],[6,-6],[3,-6],[1,0],[0,13],[1,-2],[-1,12],[0,17],[2,5],[2,3],[-1,5],[5,9],[-3,8],[-2,10],[-5,13],[4,4],[4,-2],[5,7],[1,4],[-1,12],[-4,7],[1,13],[0,4],[1,8],[5,3],[2,13],[1,5],[5,7],[2,7],[2,1],[4,-3],[0,-3],[3,0],[0,15],[3,8],[0,12],[1,20],[-1,8],[-2,13],[-2,11],[3,5],[-1,7],[3,9],[1,5],[-2,2],[-2,5],[-1,12],[-2,8],[1,9],[2,5],[0,8],[-1,10],[3,12]],[[960,7381],[-2,-8],[0,-9],[2,-9],[3,0],[0,8],[-2,8],[-1,10]],[[1153,6254],[0,-15],[1,-15],[2,-5],[3,1],[3,-3],[2,4],[2,-4],[4,0],[-2,-9],[-1,-12],[2,-5],[-1,-5],[3,-13],[2,1],[2,-11],[0,-10],[-4,-9],[-4,-5],[3,-4],[4,2],[4,-6],[0,-12]],[[1178,6119],[2,-4],[0,-10],[0,-12],[4,-14],[-1,-3]],[[1148,6025],[-5,17],[-3,11],[-9,23],[-3,7],[-9,25]],[[1104,6172],[-3,13],[-3,9],[-5,14],[-10,25],[-2,4],[-5,15]],[[751,8017],[-2,-10],[-2,-6],[-2,-2],[-5,3],[-3,-3],[1,-14],[2,-11]],[[705,7853],[-4,6],[-9,15]],[[4049,2435],[-1,-7],[0,-8],[3,-3],[-2,-5],[-1,-7],[-2,-7],[0,-9],[-4,-5],[1,-10],[-2,-8],[1,-5],[-6,-3],[-1,-9],[1,-4],[3,2],[2,-5],[-2,-10],[2,-3],[4,-13],[-1,-8],[-1,0],[-3,-11],[0,-4]],[[4040,2293],[-2,-6],[-4,-15],[-1,-17],[-2,-4],[0,-8],[-3,-12],[-2,-1],[-5,-11],[-1,0],[-2,5],[1,3],[0,5],[-2,3],[-5,3],[-5,0],[-7,2],[-5,0]],[[3995,2240],[1,10],[-4,6],[0,10],[0,14],[-5,-2],[1,5],[1,5],[0,12],[1,4],[-1,6],[2,3],[2,5],[0,4],[2,3],[1,11],[-1,12],[6,14],[0,13],[3,18],[3,5],[2,2],[1,7],[2,2],[1,5],[0,9],[2,7]],[[4015,2430],[4,0],[8,2],[7,0],[4,3],[7,-1],[4,1]],[[2363,2463],[-3,5],[-6,-1],[-10,-5],[-4,-4],[-10,6],[-5,2],[-8,-1],[-2,-4],[-10,1],[-3,-2],[-1,-3],[-8,-4],[-3,-6],[-2,-2],[-5,5],[-4,1],[-2,-3],[-3,1],[0,3],[-6,12],[-2,2],[-4,-3],[0,-8],[-2,5],[1,6],[-2,4],[-4,5],[-6,6],[-7,5],[-5,0],[-2,-2],[-1,-9],[-3,-7],[-1,-5],[-2,-3],[-3,6],[-2,-2],[1,9],[-2,5],[1,3],[-1,11],[-1,7],[-2,7],[-2,4],[0,5],[2,3],[3,-6],[5,-2],[1,1],[1,8],[7,16],[4,6],[2,6],[0,10],[-1,3],[1,5],[3,4],[5,4],[1,5],[1,-5],[1,-12],[2,-2],[1,-5],[1,-13],[1,-4],[-3,-11],[1,-6],[4,-4],[1,-8],[2,-5],[3,-2],[0,-18],[1,-6],[1,-5],[5,-1],[3,7],[-1,5],[4,7],[2,11],[-1,7],[2,5],[0,8],[-1,8],[3,3],[5,12],[2,4],[2,6],[2,4],[1,10],[1,3],[4,6],[2,7],[2,12],[0,8],[2,10],[-2,6],[0,10],[1,7],[0,6],[2,11],[2,11],[2,4],[0,4],[2,4],[2,0],[2,2],[0,-10],[-1,-7],[3,-6],[0,-4],[5,-4],[1,-3],[2,1],[3,6],[3,0],[5,3],[2,5],[3,11],[3,10],[3,20],[0,8],[1,12],[-1,17],[-1,9],[2,20],[0,5],[2,3],[1,10],[-3,1],[-1,4],[0,6],[1,5],[-1,16]],[[2350,2817],[2,-1],[3,2],[2,-1],[5,6],[2,6],[2,-9],[0,-4],[4,-2],[1,-6],[0,-10],[2,-3],[1,2],[0,20],[3,3],[0,-7],[2,3],[5,0],[1,-10],[2,-1],[1,-8],[5,1],[1,-1],[4,1],[5,9],[3,16],[2,-2],[2,2],[3,-12],[4,-3],[3,4],[6,0],[0,-11],[-1,-6],[0,-6]],[[2229,2651],[0,-8],[-3,-7],[-1,-15],[2,-5],[1,-9],[-2,-6],[-2,-17],[-3,-4],[-3,3],[-3,-11],[-2,-6],[-2,-8],[-1,5],[-2,5],[0,4],[2,3],[2,7],[1,11],[-2,5],[-2,8],[1,10],[-3,5],[-2,-3],[-2,-7],[-4,-9],[0,-10],[-3,3],[-1,8],[2,8],[5,11],[2,3],[2,8],[4,5],[1,4],[3,-3],[4,0],[-1,5],[2,3],[4,-2],[2,2],[1,4],[3,0]],[[2290,2372],[5,-7],[-2,-6],[-8,2],[-1,7],[6,4]],[[2348,2398],[-1,-5],[-8,-9],[0,7],[3,2],[3,4],[3,1]],[[2225,2531],[3,-2],[1,-5],[-2,-8],[-2,2],[0,13]],[[2996,1962],[-2,-3],[-3,2],[-2,-4],[-6,8],[-6,4],[-4,-1],[-4,-3],[-2,-6],[-1,-6],[4,-8],[-1,-5],[-2,-1],[-3,5],[0,5],[1,5],[0,4],[-3,4],[-4,2],[-5,1],[-8,-2],[-5,-2],[-5,-5],[-2,-5],[-2,-7],[1,-7],[-1,-9],[2,-5],[0,-5],[-1,-10],[-1,-8],[-3,-3],[-1,-3],[-7,-6],[0,-3],[-3,-1],[-12,4],[-3,-2],[-5,0]],[[2897,1886],[0,4],[-3,4],[-2,11],[1,4],[0,11],[0,8],[-1,2],[-1,10],[0,8],[2,0],[0,7],[-1,2],[1,5],[2,-2],[1,6],[4,-1],[0,7],[1,6],[0,9],[-1,13],[1,8],[-1,11],[0,8],[0,10],[-5,6],[-1,0],[2,13],[-1,8],[1,4],[3,5],[0,5],[3,2],[2,6],[4,1],[5,-11],[1,2],[2,-5]],[[5327,3620],[-4,11],[0,6],[-1,14],[1,4],[-2,18],[-1,17],[-2,8],[2,11],[2,5],[2,1],[2,5],[0,5],[2,18],[3,10],[2,8],[1,7],[2,7],[2,12],[3,9],[2,9],[0,9]],[[4980,3343],[1,-1],[4,-17],[1,-6],[-1,-7],[-3,0],[-2,9],[-1,20],[1,2]],[[4921,3420],[1,12],[-1,7],[1,9],[2,-3],[2,-6],[1,-5],[-6,-14]],[[5238,2466],[3,-5],[-1,-9],[-5,-5],[-1,4],[1,9],[3,6]],[[4841,2059],[4,-3],[4,0],[-2,-5],[-6,-1],[-1,5],[1,4]],[[4972,3377],[0,2],[0,17],[-1,6],[1,9],[1,0],[1,-14],[-2,-20]],[[4875,2066],[-1,-13],[-2,-2],[-1,12],[4,3]],[[5256,2477],[-4,-10],[0,5],[2,1],[2,4]],[[4819,2078],[3,-5],[-5,-3],[2,8]],[[5090,3307],[-1,0],[-1,9],[3,-1],[0,-6],[-1,-2]],[[5028,3484],[2,-9],[-3,1],[1,8]],[[4883,2085],[1,-3],[0,-6],[-2,1],[0,5],[1,3]],[[4875,2029],[2,-5],[0,-4],[-2,5],[0,4]],[[9167,4196],[2,-17],[1,-50]],[[5683,6907],[3,-6],[1,-6],[3,-6],[5,-4],[3,4],[1,-2],[-1,-8],[1,-12],[1,-4],[2,0],[3,-7],[3,-4],[4,-2],[2,-7],[3,5],[4,-1],[3,-11],[-1,-5],[1,-6],[-1,-6],[-2,0],[0,-9],[4,-11],[-3,-11]],[[5722,6788],[-5,6],[-3,2],[-2,4],[-5,-1],[-3,-2],[-3,-7],[-1,-9],[-2,-3],[-2,3],[-2,-3],[-2,0],[-2,3],[-7,-16],[0,-6],[0,-5],[-2,-3],[-6,0],[-3,-6],[-3,3],[-3,-6],[-3,3],[0,4],[-3,3],[-6,16],[-1,-4],[-2,0],[-8,-10],[-2,1],[-2,-4],[-2,1],[-4,-8],[-4,1],[-3,-4],[-7,19],[-2,9],[-4,2],[-1,-3],[-2,5],[-1,-1],[-2,3],[-1,10],[-1,1],[-3,-7],[-2,1],[-3,-3],[-1,5],[-2,1],[-6,6],[-3,12],[-4,9],[-5,-1],[-4,6],[-4,-2],[-5,3],[-4,-3],[-4,-5],[-3,2],[-2,-1],[-4,4],[-2,-3],[-3,1],[-6,-8],[-1,-4],[-3,0],[-3,-13],[-2,-3],[-4,1],[-2,5],[-5,-8],[-3,-1],[-5,-6],[-4,-8],[-2,-6],[-3,-2],[-2,-7],[-2,-7],[0,-5],[-1,-7],[-2,-3],[-1,-8],[-3,0],[-1,-6],[-2,-2],[0,-6],[-2,-8],[-1,-7],[-3,-13],[-4,-17],[-3,-5],[-3,-9],[-3,-5],[0,-5],[-1,-8],[-4,-9],[0,-6],[-2,-12],[2,-5],[0,-8],[0,-8],[-3,-6],[-1,-2],[-1,-7],[-1,-3],[1,-9],[-1,-8],[1,-6],[-1,-6],[-1,-4],[-1,-8],[1,-5],[0,-20],[-2,-9],[-1,-5],[-4,-7],[-1,-5],[-4,2],[-3,-5],[0,-13],[1,-10],[1,-4],[0,-10],[0,-8],[-2,-8],[-3,-7],[0,-4],[-2,-3],[0,-10],[0,-12],[-1,-9],[1,-11],[-1,-12],[1,-10],[5,-10],[0,-23],[0,-3],[2,-26],[1,-4],[1,-1],[2,-11],[2,-12],[0,-12],[-1,-7],[-3,-10],[0,-7],[0,-7],[-1,-12],[1,-11],[0,-8],[1,-4],[0,-15],[1,-6],[1,-7],[-1,-7],[1,-10],[1,-4],[3,-20],[2,-8],[2,-3],[2,-18],[4,-13],[1,-9],[2,1],[5,-11],[3,-9],[2,-20],[4,-6],[2,4],[3,-9],[1,-6],[1,-3],[0,-6],[2,-4],[3,-6],[4,-9],[0,-5],[1,-10],[3,-4],[2,-10],[6,7],[2,-2],[1,8],[4,3],[1,6],[2,-1],[6,3],[2,-4],[3,-8],[0,-12],[4,-10],[2,-6],[2,-1],[3,3],[2,-4],[3,-1],[2,-11],[2,-4],[1,-7],[2,-12],[4,-14],[1,-8],[4,-6],[0,-4]],[[5557,5852],[-2,-1],[-9,-12],[-4,0],[-2,-4],[-8,-6],[-4,1],[-3,-4],[-1,1],[-6,-6],[-11,-14],[-2,-1]],[[5505,5806],[0,8],[1,6],[3,9],[-2,2],[-2,-6],[-3,10],[-3,2],[-5,0],[-4,-10],[-1,0],[-2,9],[-6,3],[-1,9],[0,6],[1,8],[-1,6],[-2,5],[0,5],[-2,2],[-1,4],[-2,-5],[-2,-1],[-4,10],[-2,-3],[-2,6],[-4,-1],[-2,7],[-1,9],[-5,-1],[-3,2],[-1,4],[1,11],[-1,8],[-2,4],[-2,2],[2,7],[1,14],[1,10],[-5,7],[-1,3],[-3,3],[-2,6]],[[5473,6871],[4,-5],[2,-1],[4,5],[2,4],[3,2],[1,4],[3,0],[1,5],[3,2],[0,6],[7,9],[3,0],[2,6],[4,-1],[1,-3],[7,-1],[1,-4],[5,1],[2,-13],[3,0],[5,1],[3,-4],[5,-2],[4,1],[1,-9],[-1,-4],[1,-9],[3,-2],[1,6],[3,3],[3,-3],[1,-5],[3,3],[1,-1],[1,-6],[2,-1],[2,6],[0,5],[3,6],[2,-1],[2,11],[2,7],[2,3],[4,11],[7,-5],[2,2],[2,-1],[2,4],[4,5],[3,1],[4,-2],[1,5],[3,4],[1,-2],[3,8]],[[1092,6459],[-1,14],[4,14],[-7,16],[-1,8],[-4,3],[-1,7],[-3,4],[-4,18],[5,9],[3,8],[4,22],[1,17],[-1,19],[2,13],[2,10],[0,6],[-1,12],[-2,3],[-1,8],[-3,1],[-2,3],[-2,-3],[-3,1],[-1,4],[-2,4],[-4,2],[-5,5],[-4,0],[-6,-7],[-2,1],[-2,5],[-5,3],[-3,-4],[-3,-1],[-1,2],[-1,11],[-2,-2],[-3,-4],[-2,6],[-1,7],[2,7],[3,2],[1,6],[-8,16],[2,7],[4,1],[1,3],[1,9],[3,-4],[2,3],[3,-2],[2,2],[1,6],[0,10],[-2,10]],[[1123,6959],[3,0],[2,-11],[3,-6],[1,4],[4,-5],[1,-23],[-1,-13],[-5,-6],[-3,-13],[-3,-9],[-2,-30],[1,-8],[3,-2],[3,1],[2,-2],[3,-6],[1,-6],[-2,-5],[-3,-4],[1,-10],[5,-7],[-1,-10],[3,-11],[2,-6],[-1,-2],[1,-6],[4,-14],[2,-6],[3,-1]],[[1034,6406],[-3,10],[-2,5],[1,7],[2,11],[0,19],[1,8],[-2,12],[-3,12],[-2,5],[-9,14],[-2,6],[-6,17],[-8,14],[-10,13],[-13,19],[-4,3],[-3,5],[-10,8],[-2,0],[-3,4],[-3,-1],[-1,5],[0,11],[-3,11],[0,6],[-1,3],[-3,2],[1,6],[-1,2],[-5,5],[-5,0],[-2,-1],[-1,-4],[-3,-1],[0,-2],[-4,-2],[-1,-11],[-4,9],[-5,-4],[-3,4],[-1,9],[-2,2],[0,10],[-2,1],[2,9]],[[929,6642],[2,-3],[-1,-8],[-2,6],[1,5]],[[4501,5331],[-2,6],[-4,3],[3,8],[0,7],[1,4],[3,12],[-2,5],[2,7],[0,6],[1,13],[-1,10],[1,5],[-2,6],[0,5],[1,6],[0,7],[-4,9],[-3,-7],[-2,0],[-1,7],[2,6],[0,7],[0,8],[3,6],[1,9],[-4,2],[-2,8],[-3,2],[0,17],[2,8],[-1,10],[0,4],[-1,8],[-2,0],[-1,7],[-3,4],[0,3],[0,11],[-2,4],[3,11],[0,5],[-1,4],[-2,9],[4,11],[-6,0],[2,5],[-2,4],[0,5],[1,9],[2,5],[7,2],[3,2],[2,7],[2,18],[2,2],[2,8],[1,13],[4,7],[1,6],[0,11],[2,12]],[[4657,5933],[1,-8],[2,-24],[0,-11],[-2,-9],[-4,-7],[-2,-12],[-3,-8],[-6,-16],[-1,-7],[1,-18],[1,-15],[-4,-11],[-4,-16],[-2,-23],[0,-29],[3,-21],[2,-13],[0,-15],[2,-32],[2,-19],[1,-14],[2,-11],[2,-3],[4,-2],[6,-7],[11,-10],[5,-5],[6,-3],[1,-6]],[[4681,5558],[-3,-6],[0,-3],[-4,-6],[-3,-3],[-2,-4],[-3,-2],[-3,1],[-3,-2],[-5,-5],[-7,-12],[-4,-5],[-5,-4],[-4,-4],[-5,-3],[-1,-12],[-4,-5],[-3,-2],[0,-8],[-3,-7],[-2,-10],[-1,-7],[1,-9],[2,-3],[8,9],[3,5],[9,7],[1,-4],[2,2],[0,7],[1,3],[4,-4],[4,0],[5,-1],[3,1],[0,-3],[1,-16],[-1,-12],[-5,-19],[-1,-7],[4,-3],[1,-4],[3,-25],[0,-16],[-1,-8],[0,-21],[2,-24],[-1,-16],[-3,-2],[-4,-6],[-2,0],[-5,-4],[-5,-9],[-1,-6],[1,-6],[4,1],[1,-6],[5,-2],[3,-3],[2,2],[5,0],[4,6],[2,2],[3,5],[2,-10],[2,-17],[-6,-5],[-4,-8],[-5,-7],[-10,-9],[1,-3],[4,2],[4,4],[7,9],[5,10],[8,0],[3,-4],[-1,-9],[-3,-7],[-8,-13],[1,-5],[3,6],[5,7],[5,4],[1,4],[4,15],[2,-18],[0,-3],[-1,-32],[-3,-27],[0,-18],[-3,-25],[-1,-16]],[[4662,5212],[-7,-7],[17,24],[-10,-17]],[[3838,2038],[3,7],[5,2],[1,-6],[2,-4],[0,-4],[7,-4],[3,1],[4,6],[7,3],[3,3],[1,-9],[2,-7],[2,0]],[[3878,2026],[2,-3],[2,2],[3,-20],[3,-6]],[[3899,2001],[4,-14],[3,-6],[2,-1],[5,4],[1,4],[5,-5],[3,-6],[2,-6],[2,-10],[2,-7],[3,0]],[[3931,1954],[-2,-3],[-4,-11],[0,-4],[-4,-9],[1,-7],[-2,-10],[1,-5],[-1,-11],[0,-10],[-2,-4],[-3,-4],[-4,-14],[-4,-7],[0,-5],[-2,-3],[-3,-8],[-2,-1],[-2,-5],[1,-6],[0,-4],[0,-11],[-4,-8]],[[3469,2718],[1,0],[11,-8],[4,-1],[0,-12],[1,-16],[2,-20],[1,-12],[3,-13],[1,-9],[4,-18],[3,-16],[3,-11],[3,-7],[3,-4],[7,-4],[4,-5],[2,-6],[4,-2]],[[3526,2554],[0,-7],[1,-9],[-1,-7],[1,-4],[-1,-11],[2,-7],[1,-14],[-1,-6],[3,-9],[3,-11],[-3,-5],[1,-9]],[[8400,5701],[-10,7],[-10,8],[-10,8],[-12,7],[-9,7],[-6,2],[-7,7],[-7,6]],[[8329,5753],[2,11],[4,30],[1,7],[5,17],[3,12],[4,18],[5,17],[2,10],[2,9],[1,14],[0,7],[8,8],[2,4],[0,14],[-1,6],[-3,25],[-2,21]],[[9809,3452],[2,37],[0,23],[-3,5],[-6,4],[-1,-5],[-5,0],[-2,3],[2,8],[3,2],[4,8],[4,15],[7,12],[9,5],[5,5],[4,6],[0,9],[-1,8],[1,15],[-2,7],[-1,13],[-1,13],[1,7],[0,8],[-2,10],[0,6],[-1,12],[1,14],[-2,8],[-1,15],[-1,12],[-2,9],[-8,6],[-10,13],[-3,6],[-12,35],[-6,16],[-8,20],[-4,12],[-2,19],[1,23],[3,29],[2,33],[2,21],[-1,56],[0,19],[-1,5],[0,6],[-1,3],[0,7],[2,6],[-2,9],[1,5],[1,12],[2,4],[3,2],[2,6],[1,6],[4,3],[3,4],[7,1],[-4,10],[-4,1],[0,-2],[-4,9],[2,11],[1,3],[3,13],[2,-1],[5,-5],[3,8],[-1,7],[0,9],[4,6],[4,3],[1,4],[0,12],[-2,9],[4,7],[1,6],[0,10],[-2,3],[0,12],[-2,4],[-1,9],[5,-3],[-2,5],[-4,7],[1,6],[1,2],[-2,7],[0,14],[1,3]],[[9995,4183],[0,0],[0,-90],[0,-72],[0,-98],[0,-84],[0,-77],[0,-88],[0,-70],[0,-102],[0,-118],[0,-7]],[[3157,2225],[-1,8]],[[3156,2233],[0,5],[-3,3],[0,7],[1,6],[-3,15],[-1,7],[-3,14],[0,7],[3,14],[-2,9],[0,5],[-2,11],[-1,15],[2,7],[2,11],[-1,6],[1,4],[0,11],[2,5],[1,5],[4,6],[0,3],[3,2],[4,6],[1,16],[1,6],[3,10],[-1,7],[3,7]],[[3170,2463],[6,-1],[2,-2],[5,-2],[2,-1]],[[1430,6821],[3,1],[2,4],[6,3],[5,-4],[0,-18],[3,-30],[-1,-6],[0,-23],[4,7],[1,16],[5,2],[3,-2],[4,-10],[9,-13],[1,6],[3,4],[1,5],[4,2],[2,8],[1,15],[-1,5],[-1,7],[-1,2],[-1,5],[4,2],[8,0],[0,-31],[-2,-5],[4,0],[3,3],[1,3],[0,11],[2,0],[0,12],[-2,1],[2,13],[11,17],[1,13],[16,7],[9,5],[6,2],[11,2],[10,2],[18,3],[9,2],[5,2],[34,9],[7,2],[15,5],[3,1],[21,6],[10,4],[10,2],[5,2],[3,3],[2,8],[0,8],[2,7],[5,6]],[[1715,6934],[2,-3],[11,-36],[6,-12],[8,-20],[2,-8],[2,-11],[4,-14],[2,-7],[3,-2],[2,-8],[2,-5],[2,-7],[1,-12],[1,-8],[-2,-3],[-8,-8],[-2,-3],[-3,-3],[-10,-19],[-5,-5],[-7,-8],[-3,-6],[-6,-16],[-3,-4],[-9,-11],[-3,-1],[-5,-7],[-6,-6],[3,-19],[4,-4],[4,-6],[2,0],[6,10],[4,5],[2,5],[6,9],[3,2],[8,11],[4,7],[2,7],[4,9],[6,9],[6,8],[8,5],[4,1],[6,8],[4,15],[3,12],[0,9],[2,9],[5,5],[7,10],[5,0],[4,4],[3,6],[2,13],[2,-3],[4,-3]],[[1785,6817],[-4,-2],[-4,-5],[-4,-8],[-1,1],[-3,12],[-2,8],[-1,12],[0,15],[2,15],[0,2],[1,15],[0,20],[1,7],[2,6],[6,6],[3,2],[4,-1],[3,-3],[3,-6],[5,-12],[1,-5],[3,-15],[2,-18],[-1,-13],[1,-15],[-1,-6],[-3,-9],[-13,-3]],[[1705,6660],[-3,-1],[-2,2],[-1,2],[0,9],[2,4],[3,2],[12,13],[6,8],[2,-1],[0,-9],[-6,-6],[-2,-4],[-5,-12],[-6,-7]],[[1752,6842],[-2,1],[-3,22],[-2,11],[-2,4],[-1,7],[2,11],[3,-1],[1,-2],[1,-10],[3,-12],[1,-8],[2,-9],[-3,-14]],[[1729,6697],[-3,-3],[-2,7],[2,6],[3,5],[3,6],[1,0],[2,-9],[0,-2],[-6,-10]],[[1724,6702],[-1,0],[0,8],[3,7],[2,3],[3,-2],[-1,-4],[-4,-7],[-2,-5]],[[1760,6885],[-1,-5],[-2,12],[0,5],[3,6],[1,-12],[-1,-6]],[[3085,2223],[1,10],[-2,4],[-1,9],[1,9],[-1,4],[0,9],[-1,4],[-1,4],[1,6],[-1,7],[2,3],[4,1],[1,4],[2,19],[2,9],[1,0],[2,6],[5,6],[1,13],[2,6],[-1,8],[2,9],[4,3],[1,2],[0,10],[1,0],[3,15],[-2,11],[2,6],[0,6],[3,6],[2,7],[0,6],[-2,6]],[[3116,2451],[7,0],[4,4],[3,3],[5,4],[7,11],[5,10],[4,11],[4,-1],[4,-12],[3,-10],[3,-5],[5,-3]],[[3156,2233],[-6,-6],[-3,11],[-3,0],[-4,15],[0,11],[-1,6],[-2,4],[-2,-6],[0,-5],[-2,-4],[-2,-6],[-2,-2],[-6,6],[-12,-14],[-4,-1],[-5,-3],[-4,-2],[-7,-6],[-2,-4],[0,-4]],[[4731,5783],[-3,-7],[3,-7],[-2,-10],[-2,-7],[0,-12],[0,-12],[0,-5],[1,-15],[-1,-6],[-3,-5],[-8,-6],[-5,-6],[-3,-3],[-5,-5],[-1,0],[-3,-3],[-1,0],[-5,-5],[-5,-7],[-6,-11],[-3,-9],[-1,-6],[-1,-25],[3,-3],[1,-8],[1,-10],[0,-15],[1,-14],[-2,-3]],[[2226,3262],[1,-12],[1,-3],[-2,-6],[-1,7],[-1,-3],[1,-6],[-1,-8],[2,-1],[0,-11],[-2,3],[-1,-8],[1,-4],[0,-6],[-2,-2],[-7,9],[-3,-7],[-3,0],[-2,-11],[2,-7],[2,-1],[1,-5],[-1,-8],[1,-4],[4,3],[0,-6],[-5,-6],[-1,-4],[2,-6],[-1,-3],[2,-5],[0,-4],[2,-4],[2,0],[1,-6],[-1,-4],[-4,3],[-3,-1],[-2,-9],[-2,-3],[-2,-4],[1,-4],[2,-4],[-1,-4],[3,-5],[1,4],[2,0],[3,-2],[2,2],[2,-7],[-5,-4],[-1,-5],[-2,-4],[-3,2]],[[2208,3078],[0,12],[-6,1],[-5,4],[-2,12],[-3,2],[-1,7],[-2,9],[2,19],[0,9],[-3,1],[-1,4],[-2,6],[-2,6],[-2,4],[-4,13],[-2,3],[-2,5],[-4,7],[-4,3],[-5,6],[-1,4]],[[2159,3215],[0,12],[0,9],[-2,4],[0,8],[-2,5],[1,13],[0,4],[2,5],[-1,6],[2,3],[0,5],[1,10],[3,0],[3,4],[3,1],[2,5],[-3,4],[4,10],[2,-3],[3,4],[7,-1],[1,-2],[1,17],[-2,2],[1,7],[-2,6],[0,7],[-4,2],[-1,16],[0,6],[3,20],[3,4],[1,4],[0,12],[-3,5],[-3,-1]],[[2234,3080],[2,-1],[2,-7],[-1,-5],[-2,1],[-3,-13],[-2,3],[-3,-1],[-2,2],[-3,-1],[-1,5],[3,6],[2,-3],[2,4],[4,1],[1,6],[1,3]],[[2218,3160],[3,-1],[-1,-6],[0,-7],[-2,-2],[-2,2],[0,12],[2,2]],[[2220,3187],[1,-8],[0,-3],[-4,0],[0,8],[3,3]],[[2239,3084],[1,-6],[3,-3],[-1,-6],[-2,6],[-1,9]],[[2232,3219],[-1,-6],[-2,6],[3,0]],[[2029,3326],[3,-11],[3,-7],[2,-7],[6,-18],[1,-5],[0,-12],[3,-10],[0,-6],[2,-8],[2,2],[1,-5],[4,-4],[4,-7],[0,-6],[4,-10],[0,-7],[6,-6],[1,-3],[-2,-7],[1,-6],[2,3],[3,-4],[3,0],[2,-8],[0,-6],[2,-5],[3,-5],[1,-6],[3,-6],[1,-7],[-3,-6],[-1,-6],[1,-14],[0,-4],[-6,-5],[2,-8],[5,-19],[2,1],[3,-6],[1,-7],[-2,-3],[-1,-8],[2,-7],[-1,-5],[2,-13],[2,-10],[0,-13],[1,-8]],[[2097,2998],[-4,-1],[-11,0],[-2,-3],[-3,8],[-2,2],[-1,5],[3,3],[2,5],[0,8],[-1,9],[-2,7],[-5,14],[-5,9],[-7,16],[-2,9],[-5,12],[-2,10],[-5,12],[1,5],[-2,5],[-7,13],[-1,3],[-12,16],[-5,7],[1,4],[2,3],[1,8],[0,6],[-2,9],[-2,9],[-6,13],[-8,12],[-4,5],[-1,11],[-8,15],[-6,8],[-6,6],[-2,6],[-1,11],[-4,7],[-3,6],[-2,5],[-3,13],[-5,7],[-1,4],[2,7],[-1,7],[-3,5],[-2,0],[-2,3],[-1,6],[3,11],[0,6],[-1,4],[-3,10],[-2,4],[-5,4],[-3,5],[-5,1],[-1,-2],[-2,4],[-1,5],[1,6],[3,5],[2,7],[2,11],[-2,14],[-4,13],[-3,7],[-6,3],[-1,5],[-2,2],[-2,10],[-2,9],[-5,9],[-6,7],[0,3],[-3,3],[-1,-7],[-2,-3],[-3,3],[-1,10],[2,4],[-1,6],[0,10],[-1,6],[-5,7],[-2,4],[-2,1],[-3,-4],[-3,-14],[-2,0],[-2,3],[0,5],[1,7],[0,5],[-3,8],[0,4]],[[1921,3477],[-2,4],[2,2],[0,-6]],[[1307,5042],[-3,14],[-5,16],[-13,35],[-3,12],[-5,12],[-1,10],[-2,17],[0,16],[-1,6],[-5,19],[-5,21],[-1,5],[0,13],[2,7],[3,8],[5,16],[1,7],[1,17],[1,7],[-1,11],[-2,29],[1,4],[-1,19],[-3,16],[-3,18],[-4,12],[-8,22],[-3,16],[-4,19],[-3,11],[-7,26],[-2,10],[-2,10],[-5,16],[-5,10],[-1,9],[1,3],[-2,10],[0,14],[-3,20],[1,9],[0,6],[-1,4],[-5,2],[-1,9],[-7,20],[2,1],[3,11],[-5,5],[0,4],[1,5],[4,2],[1,7],[-2,6],[-2,3],[1,6],[-2,6],[1,4],[-1,7],[-3,7],[-2,4],[-5,-1],[-5,6],[-7,17],[-1,5],[-2,4],[-2,-3],[0,-4],[-4,-5],[-5,4],[1,7],[0,10],[1,4],[2,-2],[1,-9],[2,-1],[1,6],[-3,13],[1,16],[-4,-1],[-1,3],[-1,7],[-1,1],[-2,-2],[-1,12],[1,4],[-1,6],[-4,-7],[0,9]],[[1201,5942],[2,-8],[1,-11],[0,-4],[0,-21],[1,-8],[2,-2],[3,-5],[0,-8],[3,-3],[3,2],[3,6],[1,-12],[-1,-8],[4,-9],[3,0],[7,7],[4,5],[4,-4],[1,-4],[2,-9],[-1,-5],[1,-4],[1,-12],[3,-5],[2,3],[3,-3],[0,-5],[3,-8],[2,-13],[-1,-10],[2,-4],[1,-6],[0,-5],[-1,-3],[-1,-16],[3,-5],[2,5],[1,-4],[0,-5],[2,-5],[2,0],[2,5],[1,-1],[4,-13]],[[1275,5727],[1,-5],[3,-2],[-1,-4],[1,-5],[2,-7],[1,-11],[-3,-1],[0,-6],[8,-15],[2,-5],[-1,-9],[0,-6],[-1,-7],[5,-12],[4,-1],[1,-13],[1,-12],[2,-4],[1,-8],[5,-13],[-1,-10],[0,-11],[1,-3],[7,-14],[2,-1],[0,-5],[1,-8],[6,-9],[2,0],[4,-3],[2,-6]],[[1170,5805],[-2,-10],[3,2],[0,-11],[0,-5],[-2,3],[-3,0],[0,9],[2,12],[2,0]],[[1158,5805],[0,-6],[-1,-6],[-1,2],[0,5],[2,5]],[[160,9800],[9,-14],[5,-5],[4,-1],[6,-11],[3,-3],[4,-6],[1,-10],[-1,-13],[1,-7],[4,-14],[4,-8],[5,-11],[2,-4],[4,-9],[7,-15],[9,-16],[3,-11],[2,-6],[6,-3]],[[238,9633],[-3,-1],[-8,9],[-1,-7],[-1,-13],[1,-7],[-2,-8],[0,-7],[2,-14],[0,-7],[-1,-3],[1,-5],[-2,-5],[-2,0],[-1,-12],[-2,-4],[3,-5],[4,-12],[2,-5],[3,-2],[4,-8],[4,0],[3,-7],[3,-2],[2,2],[4,-6],[4,0],[2,4],[0,-12],[3,-9],[-1,-15],[-3,-9],[2,-9],[3,-15],[3,-7],[5,-6],[1,-8],[2,-5],[4,-3],[3,0],[2,4],[4,0],[3,9],[1,7]],[[238,9633],[3,-3],[5,-2],[5,-7],[6,-4],[3,-1],[7,3],[4,0],[7,-10],[6,-8],[5,-3]],[[5384,4309],[0,-6],[-1,-5],[-5,-4],[-1,-10],[1,-2],[-2,-12],[1,-9],[-2,-10],[-1,-13],[-1,-11],[-1,-2],[-1,-16],[0,-4],[-3,-10],[-2,3],[-2,-8],[0,-4],[-2,-6],[-4,-14]],[[5352,4153],[-2,8],[-3,-9],[-1,4],[-4,4],[-1,-5],[1,-10],[1,-6],[4,1],[-5,-12],[1,-11],[-2,3],[-1,13],[-1,17],[-1,21],[-4,17],[-1,3],[-3,15],[-2,9],[-3,32],[-2,14],[-1,6],[-4,24],[-5,13],[-1,8],[-1,20],[2,12],[0,10],[5,7],[3,16],[4,5],[0,15],[0,3],[-1,9],[-1,8],[-4,12],[-2,8]],[[5317,4437],[2,6],[1,11],[-3,8],[0,6],[-2,10],[1,12],[-1,4],[0,16],[-3,7],[-1,7],[-4,5],[0,4],[2,1]],[[5307,4576],[1,5],[2,2],[1,-3],[3,-2],[2,-6],[5,-5],[1,-7],[3,-2],[2,10],[1,3],[3,0],[3,3],[3,-4],[1,-5],[2,-2],[5,4],[2,-3],[1,-6],[4,-11],[1,-1],[1,-6],[-1,-4],[2,-5],[0,-10],[1,0],[5,-4],[3,4]],[[5891,6801],[0,-4],[-5,-3],[-3,-5],[-3,2],[-4,-1],[-4,-6],[-3,0],[-3,-5],[-3,1],[-2,-5],[-1,4],[-3,-4],[-4,-3],[-5,0],[-1,-3],[-3,1],[-4,-4],[-3,2],[-8,-10],[-4,-1],[-2,-6],[-3,11],[-4,8],[-2,5],[-1,6],[-3,7],[-3,14],[-3,8],[1,6],[-4,0],[-3,-5],[-1,3],[-3,1],[-1,5],[-5,5],[0,-5],[-4,4],[0,-7],[-2,0],[1,14],[-4,-1],[-1,-5],[-6,-1],[-3,1],[-3,5],[-3,3],[-3,-11],[0,-4],[1,-4],[-1,-3],[1,-9],[-2,-7],[-2,1],[-2,-5],[-1,3],[-4,-2],[-6,-10],[-4,10],[-2,3],[-1,-8],[-2,3],[-6,-1],[-2,-3],[-3,3],[-2,-1]],[[5799,6810],[2,-3],[1,-10],[-2,-3],[-2,2],[-2,5],[1,8],[2,1]],[[5317,4437],[-3,9],[-2,5],[-6,4],[0,7],[-1,1],[-2,-5],[-2,5],[-3,1],[0,4],[-2,-2],[-3,0],[-2,6],[-3,5],[-3,0],[-3,4],[-3,1],[-2,-3],[-2,0],[-1,-6],[1,-7],[-4,-2],[-4,-6],[-1,-8],[-1,-4],[-3,1],[-6,-5],[-7,3],[-6,-3],[-2,-5],[-2,-6],[-2,-3],[-1,3],[-5,4],[-3,2],[-6,-8],[-2,1],[-2,-1],[-3,-10]],[[3646,1876],[-3,-13],[1,-4],[-2,-14],[-2,-3],[-1,-10]],[[3639,1832],[-1,10],[-2,2],[-2,-4],[-3,0],[-4,-3],[1,-7],[-3,-6],[0,-5],[-5,-8],[-2,-1],[-1,3],[-4,-12],[1,-3],[4,-2],[-1,-8],[1,-12],[-1,-10],[-2,5],[-3,5],[-4,-3],[-2,-6],[-3,-1],[-2,-3],[-2,-13],[-3,-2],[-1,-4],[-2,2],[-2,-5],[2,-5],[-4,-7],[0,-13],[-1,-3],[-3,2],[-1,-2],[-4,1],[-1,-6],[1,-5],[-2,-10],[0,-16],[-2,-3],[-2,5],[-4,1],[-3,-3]],[[3534,1815],[0,7],[3,13],[1,9],[2,6],[-1,4],[1,7],[4,3],[-1,7],[-2,1],[0,6],[1,4],[-2,13],[-2,5]],[[5452,5333],[2,13],[-1,3],[0,9],[-1,8],[1,8],[0,9],[2,4],[3,-6],[1,5],[3,5],[-2,17],[-2,3],[-1,10],[-3,5],[1,19],[2,-1],[9,6],[3,3],[-2,16],[1,7],[-1,4],[-3,10],[1,3],[-2,10],[1,9],[-2,16],[-2,3],[1,13],[1,6],[-1,9],[1,17],[-1,9],[-3,1],[-2,-3],[-2,0],[-2,4],[2,8],[1,15],[2,1],[1,7],[2,0],[4,15],[2,4],[1,6],[3,8],[3,-1],[2,-3],[4,1],[1,5],[3,4],[1,12],[2,4],[3,-2],[2,5],[0,5],[-1,7],[2,1],[1,3],[0,9],[-2,10],[-3,5],[-1,10],[-4,6],[-2,7],[-3,7],[-3,1],[-4,8],[5,5],[2,6],[2,2],[-1,4],[0,6],[2,5],[4,-3],[5,-1],[1,9],[3,9],[5,7],[2,-2],[1,4],[3,0]],[[5557,5852],[1,-6],[-1,-9],[3,-8],[-1,-18],[-1,-8],[-3,-4],[0,-12],[-1,-8],[1,-6],[0,-8],[4,-6],[3,-8],[2,-3],[6,-17],[1,-10],[0,-14],[0,-7],[4,-11],[0,-4],[2,-4],[1,-10],[3,-3],[2,5],[2,7],[2,7],[4,4],[2,-4],[2,6],[2,8],[4,-5],[2,6],[2,7],[2,-3],[2,1],[4,-2],[0,-9],[0,-10],[0,-4],[2,-6],[4,-4],[4,2],[1,-2]],[[5624,5672],[0,-5],[1,-12],[-1,-5],[0,-19],[1,-9],[1,-13],[1,-11],[3,-19],[3,-7],[7,-24]],[[2159,3215],[-4,1],[-3,2],[-4,9],[0,5],[-3,10],[0,5],[0,7],[0,4],[2,4],[2,12],[2,8],[-1,10],[-3,7],[2,4],[0,7],[-3,6],[-3,11],[-2,-1],[-1,3],[1,10],[-1,9],[-3,0],[-5,14],[-1,0],[-4,8],[-1,16],[-4,8],[-3,8],[1,7],[1,3],[1,16],[-3,11],[0,5],[3,7],[2,2],[2,-3]],[[3931,1954],[1,-6],[2,-7],[3,0],[3,-1],[2,-8],[4,0],[0,7],[2,1],[1,-12]],[[3961,1932],[4,-5],[1,-5],[3,-13],[3,-3],[0,4],[4,4],[2,0],[2,-4],[5,3],[3,8],[3,5],[1,7],[2,-4],[2,4],[4,2],[5,0],[6,11],[1,5],[3,5],[3,0],[10,-9],[4,0],[3,4],[1,-3],[3,-2]],[[4039,1946],[-1,-5],[-3,-1],[-1,-10],[1,-8],[3,-4],[2,-5],[1,-7],[0,-9],[-2,-5],[3,-10],[-2,-13],[2,-4],[0,-4],[2,-8],[-1,-8],[2,-5],[0,-7],[1,-6],[-1,-5],[-1,-4],[0,-5],[-2,-5],[2,-6],[1,-1]],[[4156,4508],[-4,5],[-8,14],[-2,8],[0,8],[1,6],[-5,1],[-1,-7],[-1,-14],[-1,-3],[-8,-2],[-8,-6],[-5,-8],[-7,-11],[-12,-22],[-4,-6],[-8,-8],[-7,-3],[-10,-3],[-6,-1],[-14,3],[-2,2],[-8,10],[0,2],[3,12],[3,13],[2,13],[2,21],[1,26],[-1,20],[0,13],[-2,17],[-3,21],[-3,6]],[[7299,8052],[1,-6],[2,-13],[0,-3],[1,-5],[2,-3],[1,1],[2,-12],[-1,-4],[1,-3],[2,1],[1,-6],[2,1],[0,-6],[3,-9],[1,4],[2,-2],[1,-17],[0,-8],[-1,-3],[1,-6],[-1,-8],[1,-5],[-2,-10],[-4,-9],[0,-6],[-2,-2],[-1,-6],[-1,-16],[-1,-4],[0,-5],[3,-8],[-2,-7],[0,-3],[-1,-10],[-3,-10],[-1,-18],[0,-10],[-5,-12],[-3,-19],[-1,-7],[-2,-8],[1,-5],[0,-6],[-1,-6],[-5,-2],[-2,-7],[-2,-6],[-2,-8],[-4,-5],[-2,-1],[-1,3],[-4,-5],[-4,1],[-1,3],[-5,-2],[-5,0],[-9,-8],[-3,-4],[-9,-2],[-3,-2],[0,-13],[-5,-14],[0,7],[1,3],[3,17],[1,14],[-2,9],[1,4],[-2,7],[-2,-3],[-3,6],[0,5],[-2,13],[0,8],[-1,15],[1,4],[1,12],[-1,4],[-1,5],[1,6],[0,12],[1,1],[-1,8],[-2,1],[-3,15],[-6,1],[2,7],[2,6],[6,10],[2,5],[0,5],[3,4],[0,5],[2,6],[3,12],[0,5],[2,13],[-1,11],[1,8],[2,2],[1,7],[2,4],[1,3],[2,2],[1,4],[3,5],[-1,3],[4,8],[2,2],[5,9],[2,0],[2,5],[1,9],[1,2],[1,7],[4,4],[0,5],[2,3],[1,6],[1,0],[2,-5],[4,-2],[2,-4],[2,2],[2,-3],[2,3],[3,16],[0,5],[1,7],[2,8],[2,2],[3,-6],[3,-13]],[[7209,7906],[0,-11],[0,-5],[-1,-5],[0,-9],[2,-5],[-2,-9],[-3,-2],[-5,7],[-2,10],[0,3],[-1,7],[2,4],[-1,9],[3,12],[0,8],[2,10],[3,4],[2,-15],[0,-6],[1,-7]],[[6416,5543],[-2,-3],[-1,-11],[1,-5],[2,3],[1,7],[4,5],[5,-5],[2,3],[2,-2],[2,4],[4,-2],[4,1],[6,-2],[4,-5],[4,-3],[1,2],[4,-5],[3,-2],[1,-3],[4,0],[2,3],[2,-8],[3,-2],[1,5],[4,-2],[4,-4],[5,1],[3,-3],[1,-5],[2,-3],[1,-5],[4,5],[2,-2],[2,-1],[0,4],[3,0],[2,2],[3,-5],[2,0],[0,-7],[4,2],[0,-7],[1,-2],[3,4],[2,-4],[-2,-11],[1,-8],[3,2],[1,-2],[2,-7],[2,2],[1,6],[1,3],[0,-11],[1,0],[2,8],[2,1],[1,-3],[2,5],[-3,4],[3,2],[1,5],[-1,5],[1,5],[0,6],[0,10],[4,4],[2,-2],[2,-5],[-1,-8],[5,5],[4,-1],[0,-7],[2,2],[3,-10],[-1,-3],[-3,-31],[2,-4],[4,0],[1,8],[2,11],[-1,7],[0,7],[2,-1],[1,6],[1,3],[3,-1],[7,-4],[2,-2],[0,-19],[-2,-4],[-4,-7],[1,-7],[1,1],[4,9],[4,-1],[1,-2],[1,-8],[-1,-6],[-1,-11],[0,-3],[0,-8],[2,-10],[0,-7],[1,-6],[-3,-5],[-3,2],[-2,0],[-4,3],[-3,0],[-7,4],[-4,-3],[-3,1],[-1,-2],[-3,0],[-2,6],[-4,0],[-5,-2],[-3,-8],[-3,-5],[-1,1],[-3,5],[-4,0],[-1,3],[-5,-2],[-4,-6],[-1,-4],[2,-4],[0,-9],[-1,-6],[-2,-4],[-2,2],[-1,5],[-3,-5],[-2,5],[-11,4],[-4,-1],[-2,0],[-3,10],[-1,4],[-3,7],[-4,-2],[-1,-2],[-5,-2],[-9,-8],[-2,-7],[-2,-3],[-5,-4],[-6,-8],[-2,-7],[0,-4],[-3,-3],[-2,1],[-4,-3],[-4,-5],[-5,-3],[-6,-6],[-3,-1],[-5,-3],[-5,-5],[-2,3],[-5,2],[2,6],[2,0],[1,5],[3,-2],[1,-7],[4,3],[1,5],[-2,4],[-2,-1],[-3,4],[-3,-5],[-2,-4],[-1,-4],[-1,-5],[-2,-8],[-2,5],[-5,-4],[-5,-1],[-3,1],[-2,-5],[-2,2],[-1,6],[2,15],[-1,10],[-3,12],[-1,9],[-5,11],[-1,7],[-1,3],[-2,9],[2,27],[-1,8],[1,10],[0,5],[1,10],[3,11],[-1,4],[2,11],[1,1],[-1,8],[0,6],[-1,10],[4,15],[1,1],[3,9],[5,-3],[10,1],[5,3],[3,3],[1,11],[3,0],[2,2]],[[6373,5345],[7,-4],[1,-8],[1,-2],[-2,-6],[0,-23],[-2,-3],[-1,9],[-4,5],[-1,3],[-4,2],[1,8],[-3,1],[1,5],[2,1],[-1,6],[5,6]],[[6385,5306],[3,-7],[0,-7],[-4,-7],[-2,4],[-1,8],[1,5],[3,4]],[[6364,5476],[-1,-5],[3,-5],[2,-10],[-3,-1],[-2,3],[-1,9],[0,5],[2,4]],[[6516,5528],[6,-3],[-5,-5],[-1,5],[0,3]],[[6369,5491],[1,-13],[-2,3],[0,8],[1,2]],[[9100,4591],[0,4],[3,9],[0,9],[2,1],[1,6],[3,4],[1,-3],[2,2],[2,-5],[3,4],[1,-5],[1,7],[3,2],[2,5],[0,-5],[6,0],[3,-2],[2,2],[0,7],[2,-3],[2,0],[2,-2],[4,4],[0,9],[4,2],[-1,8],[5,10],[0,-5],[2,-2],[3,2],[2,-1],[1,5],[3,-1],[1,3],[1,9],[-3,10],[-5,7],[13,12],[4,6],[5,9],[2,10],[7,7],[7,9],[9,11],[3,2]],[[9260,4668],[-4,-11],[-4,-10],[-10,-19],[-7,-12],[-7,-16],[-8,-16],[-5,-13],[-6,-19],[6,-11],[6,-18],[4,-21],[3,-18],[1,-19],[4,-19],[17,-25],[9,-28],[9,-15],[5,-1],[9,1],[1,-3],[4,-2],[5,-11],[2,-12],[3,-14],[2,-7],[4,-6],[6,-4],[4,3],[5,7],[1,-12],[0,-21],[0,-18],[2,-17],[3,-17],[6,-18],[2,-5]],[[9350,4590],[0,-7],[1,-7],[-2,-7],[-2,-8],[-1,-10],[1,-16],[-1,-11],[1,-15],[2,-1],[0,-8],[0,-10],[0,-14],[0,-8],[2,-12],[0,-9],[7,-7],[1,-4],[-1,-11],[3,-11],[5,-10],[7,-7],[6,-18],[4,-5],[4,0],[7,-5],[2,-7],[5,-43],[1,-5],[2,-13],[2,-6],[3,-18]],[[2685,2546],[-6,8],[-2,-5],[-2,-13],[-1,1],[-3,-3],[0,6],[-4,6],[0,-4]],[[2721,2713],[-1,-8],[1,-6],[2,-2],[1,-14],[3,-6],[1,-6],[-1,-5],[0,-20],[1,-9],[-1,-9],[4,-12],[3,-13],[-1,-3],[-1,-9],[0,-7],[3,-8],[1,-2],[0,-6],[-2,-15],[1,-10],[-2,-6],[2,-8]],[[3217,2015],[2,2],[1,10],[2,1],[1,10],[3,1],[1,8],[2,4],[-1,5],[2,2],[1,-4],[4,8],[3,-2],[2,2],[3,-2],[1,-6],[2,1],[1,3],[3,-4],[2,0],[-1,-17],[2,-9],[4,0],[0,-8],[4,3],[0,12],[3,7],[1,6],[-1,8],[3,-3]],[[3258,1844],[-7,8],[-10,10],[-13,11],[-10,5]],[[7743,6440],[-3,-2],[-1,-5],[1,-4],[0,-9],[5,-2],[5,-14],[1,-8],[3,-8],[1,-7],[2,-9],[3,-6],[2,-19],[3,-7],[-3,-6],[1,-4],[2,2],[2,0],[2,2],[2,-4],[2,1],[1,-2],[2,-6],[2,0],[2,-4],[1,3],[-2,7],[4,3],[4,-3],[1,-10],[3,-2],[4,1],[1,-3],[2,1],[2,6],[3,0],[0,-8],[2,-7],[1,-10],[2,-2],[1,-3],[-2,-6],[-2,5],[0,-16],[-2,-7],[-2,1],[-1,-4],[-5,-3],[-1,-9],[-2,1],[-4,0],[-3,-6],[-3,0],[-2,-5],[-2,4],[-2,-6],[-5,4],[0,-4],[-4,1],[-3,2],[-3,0],[-1,4],[-3,16],[0,6],[-2,3],[1,6],[-2,17],[-2,7],[1,4],[3,5],[-2,15],[-2,1],[0,4],[-5,-7],[-4,-1],[-1,-4],[-4,3],[-2,1],[-1,-4],[-4,-4],[-3,-3],[1,-5],[-1,-6],[-1,-7],[-2,-3],[0,-7],[4,5],[2,-1],[-1,-8],[1,-2],[-3,-9],[-2,-10],[-1,-9],[-2,-3],[-2,4],[1,5],[2,13],[-1,9],[-1,2],[0,10],[-1,11],[1,9],[-2,12],[-4,-2],[-1,8],[0,10],[2,7],[1,9],[-3,6],[-4,-7],[-3,-2],[-5,0],[-2,-8],[-1,-9],[-4,16],[-3,1],[-2,-5],[-2,-1],[-1,4],[-2,-4],[0,-6],[-2,1],[0,7],[-3,0],[0,6],[-4,0],[-1,-3],[-4,-1],[0,-5],[-2,-1],[1,11],[-1,5],[-5,7],[0,4],[-4,1],[-4,0],[-7,6],[-1,4],[2,4],[6,-1],[5,-8],[2,1],[2,-1],[2,1],[2,-2],[5,2],[1,4],[3,4],[3,1],[1,-2],[1,-10],[1,-8],[6,6],[0,7],[1,4],[4,3],[2,4],[0,6],[-3,5],[-6,-2],[-2,-4],[-3,3],[0,3],[9,5],[1,6],[-1,5],[2,9],[-1,2],[-5,2],[0,-7],[2,0],[2,-7],[-4,-10],[-4,4],[-2,1],[0,11],[-2,2],[0,-8],[-1,-4],[-2,7],[-4,3],[0,-6],[3,-5],[1,-6],[0,-6],[-1,-6],[-4,7],[-5,1],[-1,4],[1,6],[0,6],[-2,-2],[-3,3],[0,10],[2,3],[-2,5],[0,4],[3,4],[4,2],[1,-4],[3,2],[2,-2],[2,9],[1,-6],[-2,-4],[2,-5],[0,-6],[1,-3],[2,6],[3,5],[-3,11],[-2,4],[1,6],[3,-2],[4,5],[2,-8],[-1,-13],[2,-2],[2,6],[3,0],[1,7],[2,-3],[3,8],[2,-1],[0,7],[3,1],[3,-4],[1,8],[2,1],[0,7],[2,3],[7,-17],[3,6],[1,-5],[2,3],[-1,9],[-2,3],[0,8],[3,-3],[1,-4],[3,3],[1,-3],[4,-2],[3,-7],[5,7],[8,6],[1,-2],[1,4],[2,-1],[1,6],[3,-2],[1,-6],[-1,-6],[1,-3],[2,4],[2,-4],[4,1],[1,3],[2,-1],[1,4],[-2,4],[-5,-1],[-3,2],[0,6],[3,4],[4,5],[1,-3],[3,4],[2,-1],[3,2],[2,-2],[1,-4],[2,4],[2,-2],[7,-2],[6,-7],[4,-3],[4,-6],[2,0],[1,3],[3,-7],[0,-6],[3,0],[0,6],[2,2],[3,-1],[3,3],[1,4],[1,-2],[2,3],[2,6],[2,-9],[-1,-9],[-1,-5],[2,-3],[4,-2],[3,3],[4,-7],[5,1],[5,-4],[1,-6],[2,-5],[3,1],[0,-4],[3,-5],[0,-10],[2,0],[2,-5],[3,2],[2,-7],[3,6],[2,-1],[1,-7],[3,-2],[2,-5],[2,1],[1,-5],[2,-10],[-1,-2],[2,-6],[0,-6],[-1,-1],[-1,-5],[-2,-1],[0,-13],[1,-7],[3,-7],[4,-6],[2,-4],[0,-6],[-3,-2],[-1,-3],[-2,2],[-1,-2],[0,-6],[-2,-5],[-1,0],[-3,-6],[1,-4],[-3,-6],[-2,2],[-4,1],[3,-19],[-1,-3],[-3,-1],[-3,7],[-4,3],[-3,11],[-3,5],[-3,1],[-2,3],[-7,0],[-2,4],[-3,0],[1,6],[-5,-2],[0,-3],[-3,0],[-1,-5],[-2,-8],[-2,0],[-5,-5],[-3,6],[-3,1],[-1,-5],[1,-6],[-2,-3],[-3,7],[-3,-1],[-3,4],[-2,4],[0,10],[-2,4],[-2,9],[-3,-2],[-1,8],[0,4],[0,7],[-3,6],[-1,8],[-4,9],[-5,-8],[-3,3],[-6,0],[-1,7],[-1,4],[1,8],[0,12],[-2,11],[-2,10],[-4,-1],[-2,4],[-1,-1],[-3,5],[-2,7],[-2,11],[0,11],[-6,2],[1,3],[2,2],[-1,6],[-4,-1],[-2,2],[-1,-5],[-4,-2],[0,-4],[-3,4],[0,3],[-3,-2],[-2,-4],[0,-3],[4,-6],[2,3],[3,-3],[-1,-4]],[[7662,5502],[1,5],[5,2],[8,6],[1,5],[2,4],[4,-3],[3,-4],[0,-4],[0,-6],[-2,-7],[-1,-6],[-2,-1],[-1,-6],[5,-17],[2,2],[4,-6],[4,-8],[0,-7],[1,-8],[4,-12],[3,-4],[-4,-3],[-1,-8],[-1,-7],[-3,4],[-1,-6],[1,-7],[-1,-4],[-1,-7],[-4,2],[-2,-9],[-2,2],[-4,-9],[-1,2],[-1,-5],[2,-1],[1,-6],[2,1],[1,-6],[4,-6],[9,2],[2,-4],[1,-6],[0,-8],[-4,-6],[-3,1],[-1,9],[-3,-6],[3,-8],[2,-2],[0,-4],[3,0],[0,-4],[2,0],[3,5],[1,-4],[-3,-5],[-3,-1],[-1,-2],[-4,0],[0,-3],[-3,-4],[-4,3],[5,9],[-2,4],[-2,-3],[-1,10],[-6,6],[-2,4],[-2,-1],[-1,4],[-6,-21],[-2,-2],[-2,2],[-2,-3],[-1,-4],[2,-3],[-2,-5],[0,-5],[-2,-6],[-3,-1],[-3,1],[-5,-5],[-3,0],[-6,5],[-4,-2],[-3,0],[-3,-1],[-1,5],[-3,0],[1,5],[0,5],[-3,7],[-2,2],[-3,-5],[-2,2],[-4,-2],[-2,6],[-2,-4],[-2,0],[2,9],[-3,-3],[-1,-2],[-5,6],[-3,-5],[-2,2],[-2,2],[0,6],[-1,3],[-2,-2],[-5,5],[-1,5],[-6,2],[-5,5],[0,3],[-3,3],[-2,5],[-5,9],[-3,4],[-1,-2],[-2,6],[-3,6],[-2,5],[-3,1],[-4,6],[-1,11],[3,12],[4,6],[3,2],[4,1],[4,5],[2,-3],[2,6],[4,1],[4,4],[3,6],[4,6],[1,8],[1,2],[4,0],[5,6],[2,-2],[3,4],[4,2],[2,7],[3,7],[5,1],[5,8],[2,2],[2,-2],[6,-2],[3,8],[2,2],[2,-4],[2,1],[4,-2],[8,2],[2,-1],[2,-3],[3,0],[2,-2],[2,2],[2,-3],[3,7],[0,7]],[[7827,5801],[-2,4],[-4,4],[-4,-1],[-4,5],[-6,-5],[-2,-6],[-1,-5],[-4,3],[-2,0],[-1,-3],[-3,2],[-6,-4],[-2,1],[-1,8],[-2,2],[-2,4],[-7,8],[-5,-1],[-3,-3],[-2,-8]],[[7764,5806],[-2,3],[2,5],[0,6],[-2,6],[-7,12],[1,6],[-4,7],[3,9],[3,-2],[2,1],[-1,13],[-2,3],[1,6],[-1,4],[-1,1],[-2,5],[-1,10],[-1,1],[-1,7],[-3,2],[-4,9],[-1,6],[-1,14],[2,0],[2,3],[6,1],[5,5],[4,1],[4,7],[5,0],[3,1],[3,-1],[2,10],[3,3],[3,1],[1,6],[3,0],[3,-5],[2,6],[3,-1],[3,4],[1,-5],[2,2],[3,1],[-1,-12],[1,-4],[0,-6],[3,-7],[2,2],[2,4],[1,-3],[2,7],[3,4],[2,-4],[4,4],[3,4],[1,0],[4,-10],[2,-12],[0,-6],[3,-5],[2,0],[-1,-6],[-2,-1],[-1,-12],[0,-4],[4,0],[-1,-9],[0,-5],[-1,-6],[0,-17],[-1,-8],[0,-8],[-1,-9],[-2,-7],[-1,-10],[-1,-17],[0,-9],[-3,-6],[-1,0]],[[7780,6054],[0,-3],[2,-5],[1,-1],[2,7],[4,2],[2,-3],[2,4],[1,-4],[2,4],[3,-1],[1,-6],[2,-1],[2,3],[1,-6],[-2,-9],[-2,1],[-2,-2],[-2,5],[-1,-4],[-3,-1],[0,-5],[-2,-1],[0,-4],[2,-7],[4,1],[2,-4],[-2,-3],[-1,1],[-2,-6],[-1,3],[-2,-6],[-3,-4],[-6,-5],[-4,4],[0,-4],[-5,-4],[-5,1],[-2,-5],[-2,4],[-2,-4],[-3,-4],[-4,0],[-4,-6],[-3,0],[-3,-4],[-3,1],[-2,-3],[-7,-2],[-2,2],[-1,-3],[-2,2],[-3,-3],[-2,6],[-1,-5],[-2,-3],[-2,10],[-2,3],[-4,-5],[-2,-2],[-3,6],[-2,-3],[-4,1],[-3,-7],[-2,2],[-2,-7],[-2,4],[1,9],[1,-3],[2,3],[0,4],[5,-2],[1,4],[3,5],[-4,2],[-2,2],[1,6],[1,-1],[2,7],[0,7],[-2,4],[0,4],[2,15],[1,-9],[4,0],[-1,5],[1,11],[2,0],[3,-3],[-1,-6],[-4,-8],[2,-7],[3,2],[3,-2],[3,-4],[3,-1],[2,3],[-1,5],[2,9],[1,10],[3,-3],[0,-5],[3,-1],[-1,-13],[3,5],[2,5],[1,-1],[3,9],[5,-1],[0,-10],[5,1],[3,-2],[-2,10],[4,-3],[1,2],[3,-3],[-2,-10],[2,-1],[2,3],[-1,6],[3,-3],[3,6],[2,0],[3,-5],[1,8],[4,2],[2,-1],[3,1],[0,10],[-1,7],[-3,1],[3,10],[0,-7]],[[7738,6263],[6,-2],[4,-7],[1,-4],[3,-7],[2,-1],[1,-3],[-1,-10],[-2,-2],[-2,-8],[-2,-3],[3,-4],[-2,-4],[-2,-7],[-1,-3],[-3,-1],[-3,-5],[-4,-2],[-4,-5],[-3,-1],[-2,6],[4,3],[2,-1],[0,11],[1,1],[-1,8],[2,-1],[2,5],[-3,2],[-1,9],[-3,-1],[-2,3],[-2,-4],[1,-7],[-1,-7],[-3,-4],[-1,-8],[-3,5],[-2,-4],[-3,2],[-5,-3],[-1,-3],[-3,-3],[-1,1],[-1,7],[3,1],[3,5],[4,2],[2,5],[-2,2],[-6,-2],[-3,4],[1,12],[1,-2],[3,4],[-2,5],[-2,3],[4,7],[5,-7],[0,-6],[3,-9],[4,6],[2,1],[2,7],[-1,8],[2,4],[2,0],[4,8],[3,-5],[2,1],[-2,11],[3,-3]],[[7579,5836],[1,-7],[4,-2],[2,2],[3,-3],[9,-2],[1,-4],[-1,-4],[-1,2],[-1,-6],[-4,-4],[-1,-3],[-2,-9],[-2,2],[1,5],[-1,4],[-5,-10],[-3,-9],[-3,-3],[-4,-5],[-3,1],[-2,-6],[-2,5],[2,7],[2,2],[3,6],[7,3],[2,7],[-2,3],[-3,-4],[-7,-6],[-2,1],[-3,-2],[-1,3],[-4,2],[-5,-5],[-3,-4],[-3,1],[-2,9],[0,4],[3,10],[4,5],[3,0],[7,6],[4,0],[2,4],[3,-1],[3,7],[4,-2]],[[7579,6267],[4,0],[2,-2],[2,-9],[-2,-7],[1,-10],[-3,4],[0,-18],[-3,-10],[0,-2],[-4,-5],[-2,4],[-1,9],[-2,3],[-1,11],[0,9],[0,5],[2,6],[5,7],[2,5]],[[7839,5870],[-1,5],[0,11],[2,10],[-1,4],[2,4],[0,9],[1,3],[5,1],[5,3],[1,-1],[0,-12],[-4,-7],[1,-5],[2,-11],[-2,-3],[0,-5],[-2,-4],[-2,5],[-2,-9],[-4,4],[-1,-2]],[[7627,6507],[0,-6],[4,-5],[3,-1],[-1,-6],[-2,2],[-3,-6],[6,-6],[2,1],[0,-8],[2,-7],[-2,-2],[-1,-9],[-2,-6],[-2,0],[-3,3],[-1,14],[-3,2],[1,10],[-1,7],[2,0],[1,7],[-2,4],[0,5],[-3,6],[1,7],[2,-1],[2,-5]],[[7549,5832],[0,-7],[-3,-10],[-4,-8],[-1,-2],[-3,3],[-1,8],[-3,-1],[0,4],[5,4],[2,6],[4,2],[4,1]],[[7836,6735],[3,-13],[-1,-5],[-2,-1],[-4,3],[-1,4],[2,7],[-4,0],[-1,4],[2,7],[2,3],[4,-9]],[[7744,6165],[3,-4],[-3,-2],[-2,-3],[-7,-3],[-4,-12],[-5,-4],[-1,0],[-1,5],[2,6],[2,-2],[5,8],[1,4],[5,3],[3,1],[2,3]],[[7652,6340],[1,-8],[2,-5],[-3,-10],[-2,0],[-2,5],[-1,-1],[-2,6],[2,3],[-1,7],[1,2],[4,3],[1,-2]],[[7653,5215],[7,-1],[4,-2],[4,-1],[-1,-5],[-5,1],[0,-8],[-4,-1],[-6,9],[1,4],[0,4]],[[7527,5455],[2,-12],[0,-14],[-2,-2],[-2,9],[-1,7],[-2,7],[2,1],[1,11],[1,2],[1,-9]],[[7718,6033],[2,3],[3,0],[-1,-15],[-1,-3],[-3,0],[-3,6],[0,3],[0,6],[2,3],[1,-3]],[[7806,6502],[-2,0],[0,11],[3,7],[6,-2],[0,-6],[-2,-5],[-5,-5]],[[7655,5635],[-4,-3],[-2,5],[5,8],[7,5],[1,-5],[-2,-4],[-3,-1],[-2,-5]],[[7709,6328],[1,0],[3,-5],[2,1],[0,-13],[-5,-1],[-2,5],[0,6],[1,7]],[[7687,5257],[3,0],[0,-4],[-2,-4],[-5,-2],[-4,-2],[-1,3],[1,5],[4,3],[4,1]],[[7488,5807],[-2,0],[-2,4],[0,5],[1,7],[3,1],[3,-7],[0,-3],[-3,-7]],[[7861,6792],[-2,1],[-3,5],[-3,11],[1,6],[2,-3],[2,-7],[2,-5],[1,-8]],[[7774,6061],[0,-8],[-2,-5],[2,-5],[-2,-9],[-1,1],[-2,10],[1,5],[2,6],[0,5],[2,0]],[[7647,6312],[5,-2],[-2,-10],[-2,2],[-1,3],[-4,5],[-2,6],[3,2],[3,-6]],[[7672,6121],[-5,-8],[-3,-2],[-2,2],[1,8],[3,0],[0,3],[3,3],[3,-6]],[[7870,6836],[-1,-1],[-3,4],[-5,5],[-1,4],[2,4],[3,-3],[5,-6],[0,-7]],[[7788,6328],[5,0],[2,-1],[3,-9],[-2,-1],[-1,3],[-4,-1],[-2,1],[-1,8]],[[7464,5825],[-1,0],[-4,-6],[-3,3],[-2,1],[2,6],[5,2],[2,-2],[1,-4]],[[7793,6527],[2,-3],[3,2],[1,-6],[-2,-6],[-1,-1],[-3,4],[-1,5],[1,5]],[[7691,5197],[0,3],[6,0],[6,-4],[-1,-5],[-4,3],[-6,1],[-1,2]],[[7464,5825],[2,1],[3,-2],[0,-11],[-3,-1],[-2,13]],[[7766,6043],[-1,-4],[-2,-4],[-3,8],[0,7],[1,1],[3,-4],[2,1],[0,-5]],[[7661,6406],[-2,-5],[-3,0],[0,9],[4,2],[1,-6]],[[7725,5331],[3,-2],[5,-1],[1,-5],[-2,-1],[-3,1],[-3,3],[-1,5]],[[7652,6406],[1,1],[2,-9],[-2,-2],[-4,1],[-1,4],[4,5]],[[7660,6399],[3,1],[3,-5],[-2,-4],[-6,4],[-1,4],[3,0]],[[7669,5244],[-2,1],[0,6],[1,4],[4,5],[1,-3],[-4,-13]],[[7855,5893],[2,2],[1,-8],[0,-7],[-3,-6],[-1,6],[1,13]],[[7554,5829],[-3,1],[0,5],[3,6],[2,-1],[1,-5],[-3,-6]],[[7632,6063],[-1,2],[2,9],[4,1],[0,-6],[-3,-2],[-2,-4]],[[7833,5804],[-1,14],[2,6],[1,-10],[-1,-8],[-1,-2]],[[7665,6159],[-4,5],[3,2],[1,-7]],[[7747,6322],[3,2],[-2,-15],[-2,6],[1,7]],[[7852,6736],[-1,0],[-1,8],[1,8],[2,-4],[1,-9],[-2,-3]],[[7654,6078],[1,-4],[-4,-6],[-1,7],[1,3],[3,0]],[[7631,6322],[3,1],[1,-6],[-1,-5],[-3,7],[0,3]],[[7675,6389],[2,-4],[-2,-4],[-1,3],[1,5]],[[7704,5344],[1,-9],[-2,-1],[-2,6],[0,5],[2,3],[1,-4]],[[7748,5945],[-3,0],[-2,2],[-1,5],[3,1],[2,-3],[1,-5]],[[7584,5538],[-1,5],[0,6],[3,-2],[0,-6],[-2,-3]],[[7523,5453],[-1,0],[-3,7],[3,5],[1,-6],[0,-6]],[[7752,6429],[0,-5],[-2,-4],[-2,3],[1,4],[3,2]],[[7700,5253],[4,-6],[1,1],[3,-3],[-1,-3],[-4,2],[-2,3],[-1,6]],[[7553,5507],[2,-6],[1,1],[0,-7],[-1,-2],[-2,5],[0,9]],[[7533,5815],[1,-4],[3,-3],[0,-4],[-3,1],[-1,5],[0,5]],[[7655,6093],[0,6],[1,2],[2,-5],[-3,-3]],[[7660,6442],[0,-6],[-1,-2],[-2,7],[3,1]],[[7779,6220],[0,5],[2,3],[1,-4],[-3,-4]],[[7838,6479],[-3,-1],[0,3],[2,4],[1,-6]],[[7658,5190],[5,0],[-1,-5],[-4,5]],[[7696,5286],[1,-3],[-2,-5],[-1,4],[2,4]],[[7665,6159],[2,-4],[-1,-7],[-2,3],[1,8]],[[7807,6495],[1,1],[3,-3],[-1,-7],[-3,9]],[[7662,5502],[-2,-3],[-1,4],[2,2],[1,-3]],[[7702,5386],[3,0],[0,-4],[-3,0],[0,4]],[[7743,6440],[3,-1],[0,-4],[-2,0],[-1,5]],[[3526,2554],[2,-3],[3,3],[2,-2],[5,2],[4,-6],[10,-4],[6,2],[4,6],[10,12],[3,4],[1,4],[0,9],[6,12],[3,-6],[5,1],[2,-3],[5,-3],[15,-36],[7,-18],[6,-13]],[[3625,2515],[-1,-10],[-5,-1],[-1,-7],[1,-8],[-1,-6],[1,-6],[-6,-7],[-4,4],[-1,-5],[0,-10],[0,-10],[-1,-4],[1,-6],[-3,-6],[2,-6],[-1,-6],[-4,1],[-2,-5]],[[1290,7306],[2,20],[-2,8],[-4,-2],[-6,-8],[-8,-15],[-2,-6],[-5,-13],[-3,-9],[-3,-12],[0,-11],[-2,-7],[0,-6],[-4,-3],[-4,0],[-3,2],[-8,-1],[-3,5],[-6,22],[-2,-1],[-2,-20],[-2,-3],[-2,-11],[-2,-4],[-3,0],[-4,10],[-7,12],[-2,6],[-4,5],[-2,5],[-5,10],[-4,10],[-4,3],[-2,5],[2,5],[-9,19],[-1,4],[-7,5],[-6,15],[-4,10]],[[1154,8012],[2,-10],[0,-13],[2,-21],[2,-25],[3,-14],[0,-8],[4,-10],[0,-3],[1,-10],[2,-10],[0,-9],[7,-22],[2,-9],[4,-11],[2,-5],[3,-7],[1,-5],[8,-14],[8,-20],[4,-5],[17,-17],[4,-1],[4,-3],[7,-14],[1,1],[8,-7],[4,-5],[3,-9],[2,-6],[13,-38],[5,5],[0,16],[-2,13],[-4,9],[-2,9],[-4,8],[-9,17],[-1,11],[-2,14],[1,14],[-1,4],[-2,8],[0,5],[-2,23],[1,9],[3,9],[3,5],[5,3],[6,1],[12,5],[7,0],[5,-1],[8,-6],[9,-1],[2,1],[3,-1],[2,-9]],[[1244,7851],[1,-6],[3,-5],[2,-23],[1,-9],[2,-7],[0,-6],[0,-8],[0,-7],[2,-11],[0,-8],[-2,4],[-6,7],[-2,4],[-3,11],[-1,8],[-3,21],[-1,15],[0,5],[3,12],[4,3]],[[1276,7692],[-3,-1],[-5,11],[-4,12],[-5,18],[-2,12],[3,2],[7,-15],[7,-18],[1,-5],[1,-9],[0,-7]],[[1224,7820],[1,-2],[5,-14],[1,-6],[2,-8],[-1,-4],[-6,9],[-4,9],[0,8],[0,7],[2,1]],[[1307,7873],[1,-6],[-2,0],[-6,2],[4,4],[3,0]],[[1248,7856],[1,-2],[-1,-11],[-2,2],[-1,7],[0,3],[3,1]],[[1287,7246],[-2,-37],[-4,-92],[0,-1]],[[6165,341],[6,-15],[1,-8],[-1,-4],[-3,-3],[-1,-7],[2,-8],[-1,-2],[-2,-12],[-3,1],[-1,-10],[-1,-3],[4,-2],[1,-9],[-3,-9],[-2,1],[-2,-2],[0,-6],[4,-3],[4,3],[4,-8],[2,1],[2,-10],[1,-9],[-1,-10],[-2,-2],[-2,-5],[1,-3],[-2,-8],[-2,3],[-3,-5],[-2,2],[-1,4],[-4,-3],[-3,4],[-1,-8],[-5,-7],[0,-4],[-2,-7],[-3,-3],[-2,-1],[-1,-2],[-3,0],[-4,-14],[2,-4],[0,-8],[-1,-4],[-2,-9],[-1,-12],[-1,-4],[-3,3],[-2,-2],[-2,-7],[-3,5],[-4,7],[-3,1],[-4,-2],[-5,-8],[-2,-8],[-1,-7],[-1,0],[-3,5],[0,-5],[-4,1],[-5,-2],[-2,-5],[-3,5],[-4,-1],[-4,-6],[-4,-10],[1,-7],[-3,-7],[-6,-8],[-2,2],[-1,6],[-4,-3],[-1,1],[-3,-3],[-1,-12],[-3,-1],[-4,11],[-1,9],[0,9],[2,13],[0,6],[-1,11],[0,4],[-1,8],[-2,3],[-2,8],[2,12],[2,1],[1,-3],[2,-1],[0,8],[2,2],[4,8],[6,0],[5,6],[2,0],[3,6],[2,-6],[3,3],[3,-1],[3,2],[0,4],[3,0],[5,2],[1,3],[3,-3],[4,12],[1,4],[1,0],[1,6],[6,11],[2,3],[3,14],[4,-4],[4,1],[3,8],[4,13],[-1,6],[1,6],[3,2],[3,-4],[2,-4],[1,2],[4,-3],[3,3],[2,-2],[4,6],[3,1],[2,7],[-1,2],[-6,-2],[-2,1],[-5,-14],[-2,0],[-5,6],[-2,8],[2,6],[2,2],[4,19],[3,7],[5,3],[2,4],[7,6],[3,8],[2,0],[4,5],[-1,5],[3,7],[-2,10],[2,6]],[[6176,305],[2,0],[1,-6],[-2,-3],[-2,-8],[-2,-3],[-1,-4],[-2,-3],[-3,-13],[-1,1],[-1,10],[5,12],[1,12],[0,3],[5,2]],[[6055,23],[2,-6],[1,-12],[-1,-4],[-2,-1],[-4,8],[-2,7],[0,7],[4,4],[2,-3]],[[6011,122],[0,-5],[4,-11],[-2,-4],[-4,6],[-4,11],[0,2],[5,2],[1,-1]],[[6074,53],[2,-1],[-3,-11],[-3,-2],[-2,3],[0,7],[1,5],[3,-2],[2,1]],[[6034,139],[2,-1],[0,-5],[-5,-4],[-3,2],[2,7],[4,1]],[[6081,59],[2,-3],[-1,-6],[-2,-1],[-2,5],[3,5]],[[5855,339],[4,-5],[4,1],[3,-2],[1,-5],[0,-8],[-3,-14],[1,-7],[-1,-9],[1,-4],[-1,-7],[-1,-3],[0,-6],[-3,1],[-4,-2],[-6,-11],[-4,-12],[-3,-2],[-5,-14],[-2,-2],[-2,1],[-4,-4],[-2,2],[-3,6],[-2,0],[-2,4],[-1,-2],[-4,1],[-5,-4],[-2,7],[-7,6],[-5,8],[0,2],[5,6],[3,7],[9,11],[2,6],[6,9],[4,2],[3,5],[2,5],[0,7],[1,10],[0,6],[1,5],[5,8],[5,5],[3,1],[3,-1],[4,-5],[2,-3]],[[5786,239],[0,-4],[-2,-6],[-3,-6],[-4,-1],[-4,-6],[-4,1],[-4,2],[-2,-1],[-2,3],[5,13],[3,6],[2,2],[5,-1],[4,-3],[5,4],[1,-3]],[[3036,7092],[-1,18],[-2,15],[-2,10],[-2,3],[-1,12],[-3,7],[0,4],[-1,7],[-5,27],[1,6],[4,1],[5,-6],[4,3],[1,4],[-3,17],[1,7],[4,18],[2,11],[-1,3],[8,22],[3,13],[1,7],[1,13],[-1,12],[-1,18],[0,25],[1,16],[3,19],[1,6],[7,16],[6,16],[8,12],[11,13],[6,11],[4,11],[1,6],[2,12],[1,14],[2,3],[1,8],[2,14],[1,7],[-2,3],[0,5],[8,22],[2,6],[1,8],[-1,11],[2,6],[-1,7],[-1,7],[-3,15],[0,4],[3,4],[1,5],[2,2],[10,0],[7,2],[2,2],[3,9],[1,5],[4,3],[10,4],[4,1],[8,-1],[2,1],[2,4],[3,19],[1,5],[3,16],[2,6],[2,-1],[-3,-15],[0,-7],[2,-5],[-2,-9],[0,-7],[-2,-10],[-3,-2],[-7,-1],[-3,-4],[-2,-9],[2,-1],[1,-5],[-2,-10],[-3,-2],[-1,-8],[2,-5],[0,-7],[1,-9],[1,-3],[-1,-8],[1,-4],[2,-5],[2,0],[3,-14],[-2,-10],[2,-6],[3,3],[2,-1],[3,5],[1,-2],[4,-3],[3,1],[5,-9],[0,-11],[-1,-9],[-3,-9],[0,-9],[1,-11],[-2,-4],[1,-5],[-1,-4],[1,-15],[-2,-9],[1,-11],[1,-2],[5,-3],[2,-13],[2,-1],[2,-10],[3,-6],[4,-13]],[[3937,2432],[2,-1],[3,2],[3,-1],[1,2],[7,-4],[7,4],[3,-2],[3,2],[5,-1],[2,1],[4,-1],[3,2],[7,-1],[1,1],[7,0],[5,1],[4,-1],[11,-5]],[[3995,2240],[-15,2],[-2,-2],[-9,2],[-3,-6],[-9,3],[-10,-4],[-3,12],[-2,-6],[0,-4],[-4,1],[-7,-4],[-5,3],[-8,6]],[[3286,7214],[2,3],[5,-2],[2,-5],[4,-3],[2,-9],[3,-10],[0,-6],[-2,-2],[1,-11],[3,-2],[2,3],[2,-2],[1,-5],[0,-12],[1,-5],[3,-3],[0,-7],[-1,-3],[4,-3],[2,-8],[-2,-4],[1,-9],[-1,-12],[4,-1],[2,5],[2,-1],[3,-5],[0,5],[3,2],[0,-8],[4,-4],[4,6],[2,-1],[2,2],[2,-18],[0,-8],[2,-2],[3,-3],[1,1],[1,-5],[-1,-8],[2,-9],[4,-3],[1,-7],[3,0],[0,-5],[2,-4],[7,-4],[5,-1],[2,-5],[3,0],[6,-1],[1,6],[5,-2],[3,6],[-1,5],[1,5],[2,2],[2,-3],[-1,-8],[2,-2],[3,1],[4,-7],[1,6],[0,6],[3,7],[1,6],[4,1],[5,-5],[2,5],[-1,9],[2,6],[2,-4],[1,-8],[3,-4]],[[3431,7043],[-4,-7],[1,-6],[5,-10],[-1,-9],[-2,-3],[-3,-22],[2,-7],[1,-10],[3,-12],[2,-6],[3,-2],[8,7],[6,-14],[2,-2],[3,1],[4,4],[7,2],[5,6],[2,0],[4,-4],[7,-4]],[[3486,6945],[0,-7],[-2,-10],[-4,-9],[-3,-5],[-1,-3],[2,-12],[-1,-13],[0,-13],[0,-8],[-2,-14],[0,-11],[-1,-6],[-5,-16],[-2,-14],[-2,-3],[-1,-9],[-2,-12],[0,-11],[0,-6],[1,-19],[2,-5],[2,-4],[2,-15],[-1,-15],[-5,-13],[0,-11],[-2,-21],[-3,-17],[-2,-2],[-2,1],[-3,-8],[-1,-5],[1,-11],[-2,-16],[-1,-4],[-1,-17],[-1,-6],[-4,-12],[-3,0],[-6,-2],[-8,-8],[-4,-7],[-1,-6],[1,-6],[1,-10],[-1,-17],[-3,-8],[-2,-6],[-2,-9],[-1,-18],[0,-13],[1,-9],[4,-14],[2,-19],[-7,-4],[-4,1],[-5,5],[-6,9],[-1,-3],[-3,-32],[-4,-12],[-1,-8],[-5,-7],[-2,-1],[-3,-5],[0,-8],[2,-8],[-3,-20],[0,-13],[1,-5],[1,-9]],[[9660,4463],[-1,-1]],[[9380,5543],[1,0],[7,-10],[6,-8],[8,-11],[6,-7],[10,-11],[6,-6],[18,-14],[7,-5],[16,-8],[5,-3],[10,-5],[4,-3],[3,-4],[4,-7],[9,-23],[3,-6],[2,0],[0,-7],[4,-15],[2,-3],[3,-14],[2,-6],[8,-12],[7,-10],[2,-2],[3,6],[4,3],[14,-10],[4,-1],[2,-2],[7,-12],[7,-9],[8,-8],[5,-4],[5,-10],[4,-7],[6,-6],[12,-23],[7,-7],[6,-6],[11,-8],[16,-22],[7,-10],[6,-13],[5,-8],[5,-8],[9,-14],[4,-3],[7,-6],[2,0],[5,-9],[6,-10],[3,-8],[10,-13],[4,-4],[5,-4],[3,-5],[4,1],[11,0],[18,6],[5,2],[4,0]],[[9502,5566],[2,-3],[1,-6],[0,-10],[-2,0],[-4,4],[-2,7],[0,6],[2,9],[3,-7]],[[9517,5524],[1,-9],[-1,-10],[-3,12],[1,5],[2,2]],[[1619,5386],[1,1],[7,-6],[3,-4]],[[3486,6945],[2,0],[9,-7],[1,-7],[3,-6],[0,-9],[8,-17],[2,-8],[4,-16],[3,-9],[5,-8],[2,-2],[6,3],[2,-3],[2,-13],[3,-13],[1,-12],[-1,-10],[-1,-10],[-4,-18],[0,-12],[-2,-4],[0,-7],[2,-18],[0,-10],[-2,-6],[-1,-1],[-5,2],[-2,-2],[-1,-4],[3,-17],[1,-1],[-1,-12],[4,-7],[2,2],[0,-11],[-1,-4],[2,-6],[2,-15],[-2,-8],[1,-5],[-2,-4],[1,-21],[2,-13],[1,-10],[-6,-4],[-2,-2],[-2,-8],[-1,-21],[-2,-6],[-1,-1],[-2,6],[-5,4],[-4,13],[-3,1],[-5,-10],[1,-5],[1,-19],[3,-26],[0,-8],[0,-34],[-3,-17],[0,-8],[-1,-5],[-4,-2],[-3,-6],[0,-10],[0,-9],[-1,-9],[-1,-1],[0,-13],[1,-11],[0,-7],[-1,-12],[-4,-15],[-3,-7],[-3,-4],[-2,-6],[-1,-10],[0,-12],[0,-21],[1,-20],[3,-13],[2,-6],[2,-10],[5,-12],[0,-6]],[[1693,3930],[-1,4],[-6,10],[-5,7],[-4,11],[-4,12],[-7,13],[-5,11],[-7,14],[-15,31],[-5,10],[-4,8],[-9,18],[-8,14],[-22,44],[-8,17],[-4,15],[0,11],[-2,8]],[[3329,2180],[-1,6],[1,5],[-2,8],[-6,13],[-2,7],[-3,1],[1,9],[-1,2],[-1,9],[-2,1],[-1,8],[2,3]],[[7353,4592],[-3,-4],[-3,-2],[-3,-4],[-3,-2],[-4,-7],[-1,-6],[-6,-12],[-4,-10],[-6,-19],[-1,0],[-3,-8],[-1,-5],[1,-5],[-1,-5],[6,-12],[-3,-10],[-2,-3],[-9,-1],[-3,3],[-3,0],[-2,2],[-5,-8],[-4,-2],[-3,-3],[-4,-6],[-5,-1],[-2,4],[-4,-4],[-3,1],[-3,5],[-1,0],[-3,7],[-4,5],[-1,11],[-2,9],[-3,8],[-3,14],[-2,2],[-2,7],[-3,7],[0,6],[-2,13],[-1,3],[-2,12],[-2,5],[0,11],[-2,12],[-3,5],[-1,1],[-1,6],[-6,-2],[-1,-4],[-4,0],[-1,3],[-8,-10],[-1,9],[-1,5],[-2,3],[3,7],[-2,3],[0,5],[-1,5],[3,1],[-1,4],[1,8],[4,-3],[2,13],[-1,9],[1,21],[-1,4],[-3,2],[-5,-1],[-2,-5],[-2,-6],[-1,-1],[-2,-6],[-2,-7],[-4,-10],[-2,-3],[-1,-8],[-1,-12],[-1,-13],[-1,-3],[-1,-31],[-1,-6],[0,-3],[-1,-10],[1,-4],[-1,-7],[1,-6],[-2,-12],[0,-9],[0,-3],[-5,-7],[0,-7],[-3,-6],[-1,-1],[-4,4],[-1,-3],[-3,-20],[-1,-13],[-4,-14],[-1,-3],[-1,-13],[2,-19],[2,-6],[-4,-3],[-2,-7],[1,-10],[-3,-1],[-1,13],[-3,7],[-2,23],[1,14],[3,10],[1,18],[2,15],[2,4],[1,5],[0,5],[0,12],[-2,10],[-1,10],[-2,14],[-4,6],[-3,7],[0,8],[-2,9],[-1,8],[0,10],[0,11],[-2,9],[-2,3],[-3,6],[1,5],[3,-2],[5,5],[3,-5],[6,9],[2,6],[3,3],[-1,9],[5,5],[2,0],[1,6],[2,8],[2,6],[5,-4],[3,0],[1,2],[4,2],[3,-2],[3,4],[3,-2],[3,3],[0,5],[-2,2],[-3,7],[1,10],[0,6],[3,4],[3,5],[-1,9],[1,5],[-2,3],[-3,-6],[-4,-4],[-1,1],[-1,8],[2,7],[3,0],[4,1],[5,14],[1,8],[-2,3],[0,7],[2,4],[2,6],[3,3],[1,2],[-1,8],[5,0],[1,2],[4,0],[6,5],[4,-2],[0,-4],[3,-3],[4,4],[3,-2],[12,3],[4,-6],[6,1],[3,4],[3,9],[5,0],[3,-3],[3,2],[4,7],[2,2],[4,-2],[3,-6],[2,-2],[5,-2],[6,2],[4,-2],[5,2],[3,6],[3,-1],[1,-4],[4,-5],[5,-2],[3,2],[5,4]],[[7118,4644],[2,-3],[2,-8],[2,-3],[0,-6],[2,-7],[0,-15],[-2,-7],[1,-7],[-1,-6],[-3,5],[-6,0],[-5,-6],[-4,-1],[-2,2],[-5,3],[-4,8],[0,3],[-3,3],[0,5],[3,8],[3,5],[3,2],[1,6],[3,6],[1,4],[6,6],[1,-1],[3,4],[2,0]],[[7153,4786],[5,-8],[3,0],[2,2],[5,-1],[2,-7],[0,-4],[-3,-10],[-4,-8],[-1,-15],[-3,-7],[-8,-17],[-5,-1],[-4,3],[-2,-3],[-2,3],[-2,-2],[-2,7],[2,6],[1,-1],[4,9],[0,5],[0,8],[2,4],[0,8],[3,1],[4,4],[3,8],[3,-1],[0,7],[-2,4],[-3,1],[0,3],[2,2]],[[7077,4583],[2,-12],[2,-1],[1,-5],[1,-2],[3,-11],[1,2],[3,-8],[-1,-6],[2,-7],[2,-5],[2,-4],[0,-6],[-4,-4],[-2,3],[-3,-1],[-2,5],[-1,7],[-3,0],[-5,5],[-8,1],[-5,5],[-2,9],[-2,10],[4,5],[2,1],[3,4],[0,9],[5,3],[3,-3],[2,6]],[[7153,4779],[0,-3],[-1,-6],[-2,-6],[-3,-1],[-1,-4],[-3,0],[4,14],[6,6]],[[7130,4644],[3,-1],[-1,-5],[-4,0],[-1,-5],[-1,4],[-3,1],[-1,-2],[-1,7],[2,1],[7,0]],[[7371,5691],[0,-6],[-2,-4],[-2,6],[1,5],[3,-1]],[[7329,5608],[-2,4],[0,5],[2,0],[1,-8],[-1,-1]],[[7182,4736],[0,-12],[-2,1],[0,9],[2,2]],[[7308,5613],[-2,4],[2,4],[2,-5],[-2,-3]],[[7071,4588],[4,-3],[-2,-3],[-3,2],[1,4]],[[7628,4736],[4,-1],[3,3],[3,4],[4,-2],[0,-10],[2,-2],[3,0],[5,3],[6,11],[6,6],[5,0],[2,2],[10,-1],[2,-9],[5,1],[1,-5],[5,-9],[1,-7],[5,-5],[0,-3],[1,-14],[2,-2],[1,4],[5,-11],[0,-6],[3,-10],[7,1],[2,-4],[3,0],[3,-7],[2,-2],[2,-7],[4,-8],[0,-4],[1,-16],[2,-8],[-1,-10],[3,-10],[1,-4],[0,-16],[2,-7],[0,-6],[-2,-17],[1,-15],[2,-12],[0,-8],[4,-12],[0,-4],[3,-3],[1,0],[4,5],[2,-4],[6,2],[7,-1],[8,-3],[2,-12],[2,-9],[3,-7],[1,-7],[-2,-2],[-4,1],[-2,-7],[1,-8],[3,-5],[1,-12],[5,-14],[2,-2],[5,-20],[0,-6],[0,-12],[-2,-7],[-2,-7],[-3,-1],[-3,-7],[-1,-5],[-2,-26],[2,-16],[-1,-11],[1,-8],[-1,-6],[1,-7],[-1,-3],[0,-14],[-2,-6],[1,-6],[1,-5],[2,-2],[3,-11],[-1,-6],[-4,0],[-1,3],[0,3],[-1,2],[0,6],[-6,-1],[-3,2],[-1,8],[-2,4],[-1,-4],[-2,0],[-1,6],[-3,1],[-3,-2],[-4,4],[-1,7],[-4,4],[-3,0],[-2,-2],[-2,4],[-2,3],[-1,3],[-2,-3],[-2,1],[0,11],[0,4],[-2,4],[-2,5],[-3,6],[-2,10],[-2,3],[-6,5],[-6,2],[-5,0],[-2,4],[0,9],[-6,17],[-5,9],[-1,5],[-5,5],[-6,3],[-3,-1],[-2,5],[-3,-2],[-1,6],[-3,6],[-2,2],[-1,3],[-3,1],[-1,3],[-6,4],[-2,4],[-5,1],[-3,4],[-2,3],[-4,3],[-3,4],[-3,1],[-4,4],[-2,5],[-1,5],[-2,5],[-3,4],[-7,5],[-5,1],[-1,3],[-4,1],[-3,8],[-3,17],[-4,9],[1,10],[-2,12],[1,7],[-3,13],[-5,6],[-1,3],[-5,2],[-6,-3],[-5,3]],[[7910,4173],[3,-2],[0,-11],[1,-10],[1,-5],[0,-9],[3,-7],[1,-10],[-2,-6],[2,-5],[0,-6],[-3,-6],[-2,1],[-2,4],[-1,10],[-2,5],[-2,14],[-2,4],[0,9],[-4,16],[9,14]],[[7886,4098],[3,-4],[3,-8],[3,-8],[8,-11],[1,-6],[3,-10],[2,-5],[-1,-6],[-3,-1],[-2,2],[-1,6],[0,6],[-1,4],[-3,-1],[-3,9],[-3,1],[-5,2],[-6,22],[0,7],[2,4],[3,-3]],[[7954,3892],[3,-7],[2,-1],[2,-9],[2,-6],[1,-8],[3,-10],[2,-7],[0,-20],[-2,2],[-3,-1],[-1,3],[0,11],[-1,9],[-2,6],[0,4],[-2,13],[1,5],[-3,4],[-2,10],[0,2]],[[7982,3726],[3,-9],[1,-6],[0,-14],[-1,-3],[-2,-16],[-2,6],[0,9],[-1,3],[0,18],[-2,8],[2,6],[2,-2]],[[7874,4135],[-1,-15],[2,-8],[-2,-1],[-3,10],[-2,12],[-1,4],[-1,16],[1,2],[5,-7],[2,-6],[0,-7]],[[7776,4537],[-1,-1],[-4,7],[-1,5],[1,5],[3,5],[4,-6],[1,-8],[0,-5],[-3,-2]],[[7807,4220],[2,-3],[2,-9],[-3,-4],[-3,-1],[-2,-3],[-1,4],[2,12],[3,4]],[[7782,4230],[0,-5],[1,-2],[-1,-4],[-4,5],[-1,4],[5,2]],[[7948,3919],[2,-10],[3,-6],[-1,-6],[-2,4],[-1,9],[-1,9]],[[2397,3033],[3,-4],[4,1],[2,-5],[2,-11],[5,-12],[-2,-18],[1,-13],[-2,0],[3,-12],[2,-5],[4,-4],[1,-1]],[[2435,2951],[2,2],[0,4],[4,8],[0,6],[0,9],[3,4],[8,-6],[2,1],[5,-9],[3,4],[3,9],[2,-5],[6,-4],[1,-14],[2,-11],[2,-3]],[[2478,2946],[-1,-4],[-3,2],[-4,-8],[-2,2],[-2,-5],[-2,-10],[-2,0],[0,-6],[3,-11],[-1,-11],[3,-4],[0,-3],[3,-6],[4,-11],[0,-8],[-1,-9],[-2,-10],[-3,-13],[3,-1],[2,-15],[-2,-9],[2,-8],[1,-11],[1,-6],[0,-17]],[[2350,2817],[1,6],[1,14],[2,9],[0,8],[2,9],[1,13],[1,2],[1,9],[2,6],[1,1],[1,18],[0,5],[9,16]],[[2357,2997],[1,-1],[0,-9],[1,-7],[-1,-4],[-2,-3],[0,8],[-1,5],[-2,0],[-2,3],[6,8]],[[2425,3000],[-3,-7],[-3,3],[0,11],[4,0],[2,-7]],[[2447,3074],[5,-1],[-2,-4],[-6,3],[3,2]],[[918,8430],[-1,-4]],[[912,8413],[-2,-6],[0,-5],[-2,-6],[-4,1],[1,-6],[-4,-11],[-4,0],[0,-2],[-6,-12],[-3,-5],[-3,0],[-2,-4],[-6,-6],[0,-3],[-3,-3],[0,-9],[-3,-5],[-3,-8],[1,-12],[-2,-6],[0,-8],[-4,-5],[-5,-2],[-7,0],[2,7],[4,7],[0,5],[4,11],[2,9],[-1,7],[0,15],[1,5],[-2,1],[0,5],[-2,4],[5,17],[0,5],[3,3],[1,10],[-1,2],[-13,1],[3,8],[0,8],[2,19],[-1,8],[-4,-3],[-7,-13],[-2,4],[-7,1],[-1,-3],[0,-9],[-2,-7],[-3,-5],[-11,1],[-1,-5],[-3,0],[-2,3],[-2,-6],[-1,5]],[[855,8681],[3,-1],[0,-4],[3,-6],[3,-2],[4,-6],[3,-8],[8,-7],[4,-7],[5,-12],[7,-13],[5,-3],[5,-6],[6,-9],[6,-13],[5,-10],[4,-4],[2,-6],[2,1],[1,-10],[4,-12]],[[3882,4577],[-13,-20],[-5,-6],[-11,-18],[-11,-14],[-5,-7],[-2,-6],[-3,-11],[-8,-7],[-7,-10],[-1,1],[-1,-9],[-5,1],[-7,9],[-3,6],[-4,5],[-7,14],[-3,8],[-2,12],[-4,5],[-10,11],[-5,6],[-6,3],[-5,0],[-6,-2],[-7,-5],[-6,-7],[-4,-6],[-10,-18],[-10,-16],[-10,-17],[-6,-12],[-12,-24],[-5,-12],[-3,-9],[-4,-7],[-3,-3],[-2,2],[-6,0],[-7,4]],[[1554,7211],[2,9],[0,13],[2,2],[3,-6],[2,-8],[1,-10],[0,-12],[-3,-26],[0,-13],[0,-10],[0,-7],[6,-30],[1,-14],[3,-11],[3,-9],[3,-9],[5,-7],[1,-1],[3,-8],[7,-14],[2,-11],[3,-8],[3,-10],[5,-20],[4,-10],[11,-14],[4,-10],[4,-7],[4,-2],[5,0],[4,-4],[4,-1],[5,1],[4,2],[3,5],[5,3],[7,0],[5,-3],[5,-7],[5,-4],[5,0],[7,3],[5,1],[6,-1],[5,-5],[2,-4]],[[6609,8168],[1,-1],[4,-7],[2,-8],[1,-6],[-1,-8],[-3,-6],[-2,-7],[-4,-3],[-1,-3],[-1,-10],[-1,-6],[-1,-10],[2,-8],[4,-3],[2,-8],[-3,-10],[-4,0],[-5,10],[0,8],[0,9],[-2,12],[-1,9],[0,14],[0,10],[2,11],[0,7],[1,7],[4,8],[4,0],[2,-1]],[[6605,7907],[4,2],[0,5],[3,2],[0,-4],[3,-2],[2,-4],[2,-9],[-2,-6],[-1,-6],[-3,-8],[-3,0],[-5,4],[-3,5],[-4,14],[1,9],[1,5],[3,3],[1,-2],[1,-8]],[[6606,7757],[0,-5],[-3,-2],[-3,-7],[-2,2],[-2,-3],[-1,-9],[-3,-1],[-1,7],[0,6],[1,4],[2,0],[2,5],[-1,3],[0,7],[2,2],[4,-8],[1,-2],[3,4],[1,7],[1,-3],[-1,-7]],[[6600,7883],[0,-2],[1,-11],[-1,-8],[-3,-3],[-2,4],[-3,7],[2,8],[2,3],[4,2]],[[6557,8118],[-1,-1],[-2,8],[2,5],[2,-3],[0,-6],[-1,-3]],[[6584,7899],[-1,-3],[-1,6],[1,3],[1,-6]],[[6616,8090],[-1,4],[3,3],[0,-6],[-2,-1]],[[5501,4349],[1,-7],[1,-10],[-4,-6],[-2,-12],[-1,-4],[-3,-2],[-2,2],[-2,-3],[-4,3],[-2,6],[-2,-5],[-1,-7],[-3,-2],[-1,-13],[-4,-13],[-5,3],[-3,-2],[-1,-3],[1,-11],[-2,-3],[-1,-17],[-2,-1],[0,-8],[-3,-4],[-1,7],[-5,-3],[-5,-6],[-3,-8],[0,-9],[-2,-17],[-4,-8],[0,-6],[-4,0],[0,7],[-5,-6],[-7,-2],[-2,2],[0,4],[-5,-2],[-1,-18],[-2,-4],[0,-8],[-2,-11],[-2,-11],[2,-5],[0,-9],[2,-6],[-1,-5],[1,-3],[-2,-5],[-1,-6],[0,-13]],[[5407,4079],[-1,-3],[-5,4],[-3,4],[-4,-5],[-1,1],[-4,-3],[0,-11],[-2,-1],[-1,4],[-2,1],[-1,-5],[-2,-1],[-1,3],[-4,-1]],[[3872,2166],[1,5],[2,1],[-1,-27],[0,-14],[0,-4],[0,-10],[0,-8],[1,-25],[-2,4],[-3,1],[1,-11],[3,-9],[6,-10],[2,-8],[-1,-8],[1,-2],[0,-6],[2,-8],[-3,1],[-3,-2]],[[1342,5945],[-3,-4],[-2,2],[-5,-3],[-2,-8],[-5,-2],[-5,-6],[-3,0],[-4,8],[0,5],[3,5],[1,5],[-2,10],[-2,16],[-3,14],[-4,-2],[-5,5],[-1,6],[0,8],[-2,3],[-1,0],[-10,17],[-2,6],[-4,-2],[-4,-8],[-1,8],[-3,7],[-4,12],[-2,-3],[-3,1],[-3,7]],[[1258,6174],[3,13],[2,4],[3,-1],[3,7],[0,5],[-3,14],[-1,-1],[-3,4],[2,19],[-2,5],[0,7],[2,8],[1,8],[-1,4],[2,5],[-1,17],[-2,8]],[[5867,1474],[1,-8],[2,-2],[4,2],[0,4],[3,-5],[2,4],[3,-3],[2,-9],[3,8],[4,-5],[5,-7],[4,-3],[5,-15],[3,-11],[4,-5],[2,-8],[2,-4],[4,-3],[4,0],[6,-6],[3,6],[1,0],[3,8],[2,1],[3,-1],[3,4],[4,2],[4,0],[1,-2],[3,3],[3,-1],[2,2],[4,1],[3,-3],[7,32],[2,3],[-1,14],[-1,3],[-2,2],[-2,5],[-2,11],[2,10],[9,6],[3,-1],[2,6],[3,12],[5,7],[0,7],[1,7],[0,4],[4,-3],[1,8],[3,1],[5,-5],[2,0],[4,4]],[[6008,1401],[-2,1],[-4,-3],[-2,-9],[-2,4],[-3,-2],[-2,-6],[-4,-1],[-3,-2],[0,-3],[-3,-17],[-3,-4],[-1,0],[-2,-4],[-5,-2],[-3,-2],[-1,-4],[-4,-5],[-2,2],[-3,-1],[-2,-3],[-4,-3],[-4,1],[-2,-5],[-6,7],[-3,1],[-1,-2],[-4,1],[-5,-5],[-1,-3],[-4,1],[-3,3],[-2,2],[-4,0],[-4,-4],[-2,1],[-3,10],[-1,1],[-7,1],[-4,-1],[-2,1],[-2,-3],[-3,-1],[-3,-7],[-1,-7],[-5,-5],[-1,-7],[-3,-3],[-1,-6],[-3,0],[-4,-7]],[[5946,1525],[5,-4],[3,-8],[2,7],[1,-9],[-2,-4],[1,-7],[0,-4],[-4,-7],[-2,-5],[-2,0],[-3,4],[-2,1],[-4,12],[-1,19],[2,5],[6,0]],[[5802,1605],[3,-3],[2,1],[2,-7],[0,-7],[1,-6],[0,-8],[-4,-6],[-3,-1],[-4,3],[-3,6],[-1,10],[2,11],[2,5],[3,2]],[[5934,1574],[0,-6],[-2,-8],[-3,3],[-1,-3],[-3,2],[2,5],[3,0],[4,7]],[[5977,1534],[2,-7],[-2,-6],[-3,0],[0,8],[3,5]],[[5964,1506],[1,-5],[-1,-5],[-2,3],[-3,-2],[0,5],[2,4],[3,0]],[[5894,1714],[1,-3],[-1,-5],[-3,1],[-2,-2],[-1,4],[2,3],[2,-1],[2,3]],[[883,8047],[-2,4],[-3,11],[-2,2],[-3,-8],[-3,-3],[-3,-2],[-2,-5],[-4,0],[-2,6],[0,8],[-2,5],[1,7],[-4,5]],[[173,8240],[-1,-11],[3,1],[3,-9],[0,8],[5,1],[2,-2],[1,2],[3,-6],[5,-4],[3,-16],[-1,-12],[-4,5],[-3,9],[-1,-5],[-2,-3],[1,-8],[3,-1],[0,-7],[3,-5],[2,4],[1,9],[3,-9],[4,-6],[2,0],[1,-5],[3,0],[0,-7],[2,-7],[3,-2],[2,-4],[1,-7],[4,-5],[6,2],[5,-3],[6,-9],[3,-2],[-2,-9],[2,-10],[3,-2],[3,6],[-1,-7],[2,-7],[-3,0],[-2,-4],[-3,6],[-3,-8],[1,-15],[-1,-2],[1,-5],[3,-3],[1,7],[4,0],[1,-5],[4,-2],[3,-12],[3,2],[-3,11],[1,8],[-3,9],[2,1],[1,-5],[0,-4],[2,-2],[6,-10],[0,-7],[3,1],[1,-4],[0,-5],[2,-5],[1,-8],[4,-7],[2,0],[3,-6],[3,-3],[3,0],[2,-5],[2,1],[2,-4],[-1,-3],[-1,-10],[3,-3],[2,2],[0,-4],[0,-6],[1,-5],[2,-7],[1,-4],[2,-9],[2,-4],[1,3],[-1,18],[1,5],[4,-13],[1,9],[1,-2],[3,-7],[2,-1],[0,-5],[2,-4],[1,-7],[-1,-7],[1,-6],[1,2],[3,-12],[-2,-8],[2,-4],[1,-8],[1,-7],[-3,-6],[0,-5],[-3,-3],[-1,1],[-2,-5],[-4,-3],[-7,2],[-2,5],[-2,5],[-3,-1],[0,-4],[-6,1],[-3,5],[-3,2],[1,5],[2,6],[0,11],[-3,-5],[-1,2],[0,18],[-1,3],[-6,5],[-2,0],[-4,3],[-2,4],[-3,0],[-3,13],[-4,5],[-1,6],[-3,1],[-2,4],[-2,12],[-3,4],[-2,-3],[-2,4],[-2,12],[-5,7],[-2,1],[-1,6],[-2,4],[-3,-1],[-1,-3],[-3,10],[-8,5],[-2,-14],[0,9],[-3,4],[-3,-1],[-3,-9],[-2,1],[-4,6],[-2,6],[0,4],[-3,1],[-2,-2],[-2,4],[0,11],[-3,3],[-2,6],[-2,0],[-2,-2],[-1,-6],[-2,3],[-1,8],[-1,2],[-4,-4],[0,-6],[-1,0],[-2,6],[0,6],[1,3],[-1,8],[-1,8],[-5,6],[-1,5],[2,5],[-1,4],[-3,4],[0,5],[-1,3],[-4,2],[-1,4],[3,4],[-3,4],[-2,-7],[-2,1],[0,8],[-2,6],[2,7],[2,12],[2,6],[0,6],[3,4],[1,-3],[3,1],[2,-3],[4,2],[2,6],[-5,8],[0,12],[0,5],[1,4],[-1,6],[3,8],[1,9],[1,3],[4,0]],[[359,7761],[3,-5],[2,-16],[-2,-7],[-4,-4],[-2,-6],[-3,1],[-3,5],[-2,10],[0,12],[0,5],[3,5],[3,-1],[2,3],[3,-2]],[[356,7790],[3,-2],[-1,-6],[-1,-4],[-4,1],[-6,14],[0,4],[4,4],[2,-1],[3,-10]],[[201,8010],[5,-6],[0,-5],[-5,0],[-4,1],[0,7],[4,3]],[[271,7902],[-1,-6],[-1,-2],[-3,-1],[-2,4],[0,6],[3,0],[2,3],[2,-4]],[[322,7947],[3,-1],[2,-4],[-1,-7],[-3,1],[-2,7],[1,4]],[[297,8077],[2,0],[2,-4],[-3,-3],[-5,6],[4,1]],[[160,8111],[-2,-6],[-3,1],[-2,5],[7,0]],[[298,8000],[-2,-7],[-2,4],[4,3]],[[5493,3485],[1,-1],[-4,-17],[1,-10],[0,-7],[4,-19],[3,-8],[3,-20],[2,-22]],[[3431,7043],[3,-4],[1,9],[-2,14],[0,7],[3,-2],[0,4],[2,-1],[4,2],[2,-3],[1,9],[1,0],[2,6],[2,2],[1,10],[0,8],[1,1],[3,11],[2,1],[3,-3],[6,0],[2,2],[2,-1],[4,1],[2,3],[6,1],[2,3],[3,1],[3,4],[3,1],[2,-2],[3,0],[1,3],[6,-2],[3,2],[2,4],[4,0],[4,3],[3,5],[4,8],[3,-5],[2,-9],[4,3],[4,-8],[2,0],[2,-5],[9,-4],[3,-5],[4,-6],[1,-4],[4,-2],[2,-2],[7,4],[2,6],[2,7],[5,-1],[1,-3],[3,-5],[2,-11],[0,-16],[1,-10],[2,-3]],[[4039,1946],[4,-5],[1,2],[7,-2],[1,-6],[3,-1],[5,8],[4,8],[3,-7],[6,-9],[2,-1],[3,4],[2,-1],[3,4],[3,8],[2,9],[4,8],[4,-1],[2,2],[8,-10],[2,1],[2,-2],[3,1],[0,10],[2,4],[1,-4],[2,4],[3,14],[2,1],[2,6],[3,2],[4,12],[2,7],[2,-1],[4,-10],[2,-10],[3,-20],[5,-19],[2,-2],[2,1],[2,-4],[9,-1],[4,5],[3,-6],[2,3],[5,9],[1,-3],[3,-9],[5,-10],[2,-7],[4,0],[2,-6],[2,-1],[5,3],[5,1],[0,-3],[5,-9],[2,1],[3,-10],[7,-10],[3,-13],[0,-6],[-1,-9],[-1,-6],[1,-6],[1,-11],[-5,-7],[-1,-5],[-3,-4],[-1,-6],[1,-5]],[[1208,6148],[3,14],[3,11],[1,6],[1,3],[1,-5],[4,6],[2,6],[6,2],[3,-3],[0,-8],[3,0],[1,-2],[0,-6],[2,-4]],[[1338,5856],[0,-7],[2,-12],[4,-12],[0,-4],[3,-2],[3,-13],[2,-5],[1,-4],[2,-7],[-2,-11],[-1,-8],[-2,-1],[-7,12],[-5,0],[-1,3],[-2,10],[-1,6],[-4,4],[-3,13],[-2,3],[-3,6],[-2,2],[-6,8],[-4,-1],[-4,2],[-5,-2],[5,-20],[0,-3],[0,-16],[-1,-15],[-3,-12],[-2,-8],[-8,-13],[-3,-3],[-1,3],[-3,-3],[-3,-1],[-4,-10],[-2,-4],[-1,-4]],[[1178,6119],[3,2],[6,-1],[3,-2],[5,10],[2,4]],[[5407,4079],[3,-3],[1,-3],[3,-3],[2,-5],[0,-6],[-2,-8],[0,-15],[6,-1],[-2,-12],[-1,-2],[0,-8],[0,-18],[0,-4],[5,-1],[0,-5],[1,-4],[3,4],[6,1],[1,-2],[5,3],[2,-3],[0,-8],[0,-3],[7,1]],[[7908,6045],[2,3],[1,7],[4,0],[5,6],[3,0],[2,2],[5,7],[7,3],[2,-4],[0,-5],[-2,-6],[1,-5],[2,-1],[4,3],[2,3],[1,5],[5,4],[5,3],[9,-2],[5,1],[5,6],[6,3],[2,2],[6,1],[6,4],[3,-1],[2,3],[8,15],[5,5],[2,9],[1,0],[3,9],[-1,7],[1,6],[5,9],[3,5],[7,21],[8,9]],[[8043,6182],[5,-19],[12,-36],[8,-7],[-2,-12],[-5,-4],[-11,-22],[-4,-2],[-1,-11],[0,-8],[1,-15],[6,2],[11,-32],[15,-29],[-5,-6],[-3,-6],[-1,-14],[3,-7],[-6,-33],[-33,-35],[-7,-1],[-1,-5]],[[8025,5880],[-5,2],[-6,3],[-2,0],[2,-13],[-18,-36],[5,-18],[4,-3],[2,-11],[4,-20],[5,-23],[-1,-14],[0,-19],[-4,-9],[-6,-11],[-1,5],[-2,-3],[1,-8],[-1,-7],[0,-7],[-1,-4],[0,-10],[3,-10],[1,-6],[6,-2],[-3,-28],[-10,-14],[-10,7],[-4,11],[-2,16],[-3,-16],[-7,-26],[-4,-10],[1,-4]],[[7969,5592],[-4,-7],[-17,16],[-21,28],[-3,-12],[-1,-2],[-5,-3],[-4,12],[-5,8],[-5,13],[0,5],[4,3],[5,9],[-4,-1],[-2,5],[0,6],[-3,-1],[-2,4],[-1,13],[0,10],[-3,3],[-1,-3],[-1,-9],[-3,-5],[-1,-10],[-3,-1],[5,-19],[1,-6],[0,-5],[-2,-10],[-3,-8],[-5,-6],[-6,-5],[-3,-2],[-3,-8],[-6,-5],[-2,5],[0,8],[-3,14],[-3,6],[-2,7],[-7,0],[-2,3],[-2,3],[-4,6],[-2,-5],[-2,-1],[-3,2],[-5,-3],[-10,-2],[-4,5],[-6,2],[-3,7],[0,7],[4,3],[1,6],[2,2],[0,5],[4,4],[3,5],[0,8],[2,11],[1,14],[4,9],[-1,9],[2,7],[2,13],[2,6],[7,9],[2,-4],[7,-1],[3,3],[1,4],[6,5],[6,32],[1,8],[2,6],[-1,5],[1,6],[2,10],[2,8],[1,8],[-2,2],[0,6],[3,11],[0,10],[4,22],[3,2],[0,7],[1,5],[-2,6],[0,10],[1,2],[-1,8]],[[7827,5801],[3,-18],[1,-11],[-1,-8],[-1,-3],[-4,-1],[-1,-12],[-1,-5],[-2,-12],[-2,-10],[0,-7],[-2,-8],[-3,-4],[-4,5],[-2,7],[-2,6],[-7,5],[-3,6],[-2,1],[-2,5],[-5,5],[-2,3],[-2,7],[-2,3],[-3,8],[-4,4],[-3,-4],[-4,9],[-1,14],[1,14],[-1,3],[-2,3]],[[7887,5601],[2,-4],[0,-4],[-8,1],[1,6],[5,1]],[[7873,5883],[-2,-16],[-2,4],[1,6],[1,6],[2,0]],[[7825,5732],[-1,7],[3,1],[-2,-8]],[[7875,5908],[0,-4],[-4,-1],[0,5],[4,0]],[[8147,5454],[-2,-14],[-3,-31],[0,-16],[-1,-16],[1,-37],[2,-49],[5,-39],[8,-39]],[[8157,5213],[-10,-9],[-11,-14],[-4,-4],[-5,-9],[-2,-2],[-4,-7],[-2,-2],[-4,0],[-5,-2],[-3,-5],[-2,5],[-4,10],[-7,30],[-7,18],[-7,9],[-2,7],[-8,0],[-2,7],[-2,1],[-5,10],[-8,14],[-1,5],[-3,7],[-2,2],[1,9],[2,3],[1,-2],[5,8],[1,5],[3,6],[-3,2],[-1,3],[-4,-2],[-4,-5],[-4,8],[0,6],[-3,7],[-2,-1],[-5,8],[-2,7],[3,6],[1,9],[1,7],[-2,3],[-3,-2],[-2,2],[-6,22],[-1,13],[5,9],[-1,3],[-5,17],[2,7],[3,5],[3,2],[0,7],[3,6],[5,14],[2,-3],[4,18],[2,-1],[2,2],[-3,9],[-4,2],[-1,5],[0,12],[-1,0],[-2,-9],[0,-5],[-2,-6],[-4,-3],[-2,2],[-1,-5],[-4,-1],[-3,-4],[-2,2],[-1,14],[-1,13],[-1,3],[-2,11],[0,8],[2,15],[2,9],[4,10],[7,8],[1,3],[-5,3],[-3,-1],[-4,-7],[-3,-7],[-2,-2],[-4,2],[-2,0],[-4,-5],[-1,-6],[-2,-6],[-2,-3],[-2,0],[-3,4],[-2,14],[-2,5],[-2,0],[-3,-3],[-4,-3],[-3,4],[-2,5],[-2,9],[-4,4]],[[8025,5880],[9,-1],[10,-3]],[[3430,2206],[4,5],[0,-17],[-3,-6]],[[3431,2187],[4,3],[1,-5],[4,-3],[0,8],[0,9],[-1,4],[-1,7],[1,3],[2,-4],[2,1]],[[2745,2833],[2,-7],[4,-6],[4,3],[2,5],[3,-7],[2,-1],[3,1],[2,5],[2,0],[2,7],[4,3],[3,4],[2,0],[1,4],[2,6],[7,-2],[0,-3],[1,-10],[2,3],[3,7],[2,0],[0,8],[3,-2],[-1,-8],[0,-5],[-1,-2],[0,-7],[1,-8],[4,-7],[2,-3]],[[2791,2618],[-1,-5],[2,-7],[-2,-5],[1,-11],[-1,-9],[1,-5],[-3,-9],[-3,-3],[-2,0],[-1,-4],[2,-6],[2,1],[2,-4],[-1,-13],[1,-5],[0,-14],[1,-7],[-1,-10],[-3,-4],[-2,-6],[0,-5],[-3,-5],[-1,4],[-2,-1],[-2,2],[-4,-6],[-2,-1]],[[2560,2110],[-1,0],[-11,5],[-15,4],[-15,6],[-3,0],[-2,-3],[-6,2],[-3,4],[-2,0],[-2,6],[-3,5],[-2,6],[-4,5],[-5,2],[-1,4],[-5,0],[-5,-6],[1,7],[-2,17],[-2,6],[-1,1],[-2,6],[1,5],[-1,12],[2,5],[1,4],[-2,11],[3,12],[-1,5],[3,6],[-1,4],[1,8],[3,0],[2,-2],[8,4],[1,7],[-1,2],[-2,9],[2,11],[2,4],[0,4],[3,5],[0,5],[5,4],[4,11],[1,7],[4,6],[-1,16],[0,5],[0,21],[-2,2],[-4,10],[-6,2],[-2,-1],[-4,5],[-3,1],[-6,-6],[-1,-8],[-3,-1]],[[3554,4788],[-2,1],[-4,-3],[-12,-16],[-3,-3],[-8,-12],[-9,-15],[-9,-12],[-3,-5],[-5,-6],[-3,-2],[-9,-10],[-4,-3],[-12,-7],[-2,0],[-4,1],[-3,6],[-6,6],[-4,9],[-10,20],[-4,5],[-6,5],[-5,1],[-5,-4],[-2,-3],[-3,0]],[[3462,1932],[0,-18],[-4,0],[-3,8],[-1,2],[-7,1],[-3,-5],[0,-12],[-1,-3],[1,-7],[0,-8],[-3,-2],[-1,9],[-1,2],[-4,1],[-2,1],[-4,-3],[-1,-4],[0,-8]],[[5332,742],[-2,-7],[-3,-1],[-4,6],[-3,2],[-2,4],[-2,2],[-3,0],[-2,-3],[-1,-5],[-4,-1],[-3,-7],[0,-11],[-4,-6],[-2,1],[-2,6],[0,6],[-6,10],[-2,0],[-2,-5],[-2,1],[-2,5],[-2,8],[-3,-3],[-2,2],[-6,-1],[-2,3],[-2,-2],[-2,4],[-5,-3],[-3,-9],[-2,9],[-1,2],[-2,-1],[-1,3],[-3,4]],[[5245,755],[1,8],[-1,4],[0,8],[4,20],[2,1],[3,7],[2,1],[1,-7],[3,-11],[4,-7],[7,6],[3,-3],[4,3],[1,3],[2,9],[4,21],[2,0],[6,5],[1,5],[1,5],[3,5],[4,13],[1,3],[-1,8],[-3,5],[0,9],[-2,8],[1,4],[-3,1],[0,46],[1,7],[3,13],[-1,5]],[[5298,960],[3,5],[3,1]],[[5304,966],[1,-19],[0,-5],[3,-10],[1,-13],[4,-12],[0,-7],[2,-5],[-2,-5],[2,-8],[3,-6],[4,-1],[3,-5],[0,-5],[0,-12],[-1,-7],[-2,-3],[-3,-10],[-1,-6],[0,-11],[2,-5],[-1,-5],[0,-7],[-1,-1],[-2,-7],[0,-5],[3,-4],[1,3],[5,-1],[3,-3],[2,-5],[-3,-10],[-3,-9],[0,-8],[7,-1],[1,-6]],[[5245,755],[-4,0],[-5,10],[-3,0],[-3,7],[-3,2],[-8,14],[-3,16],[-2,10],[-2,2],[-2,8],[0,4],[-2,4],[-8,19],[-2,6],[0,4],[1,9],[2,12],[2,8],[3,12],[5,15],[3,4],[9,13],[3,2],[3,0],[2,3],[5,-2],[2,8],[5,8],[4,7],[5,5],[4,-1],[2,-5],[3,-4],[1,1],[3,7],[4,5],[4,1],[3,5],[3,1],[6,-8],[13,-7]],[[5304,966],[3,-1],[3,6],[4,4],[3,0],[3,-5],[2,-1],[5,-6],[2,0],[4,4],[4,8],[7,7],[7,0],[2,-5],[4,-8],[6,-8],[10,-5],[4,3],[2,-1],[3,-6],[2,-2],[3,1],[2,3],[6,16],[3,8],[3,6]],[[5401,984],[3,-17],[6,-5],[2,-7],[0,-6],[-2,-6],[-2,-12],[3,-14],[2,-6],[-1,-5],[2,-4],[0,-5],[-2,-4],[-1,-8],[-3,-4],[-2,3],[-1,-7],[-1,-3],[0,-9],[-4,-11],[-3,-8],[-1,-7],[1,-4],[1,-11],[-1,-5],[1,-7],[-1,-16],[-1,-5],[-6,2],[-5,-2],[-4,-4],[-3,0],[-2,3],[-3,-3],[-2,-9],[1,-14],[4,-12],[-1,-6],[-1,-6],[0,-14],[-1,-10],[0,-6],[0,-10],[0,-10],[-3,-2],[-1,3],[-9,6]],[[5360,697],[2,1],[1,5],[-1,9],[-2,1],[1,7],[-2,5],[-3,3],[-3,-10],[-3,-4],[-1,5],[1,7],[0,7],[-3,2],[0,-4],[-4,-5],[-3,10],[-3,-4],[-3,2],[-2,8]],[[5401,984],[4,5],[2,5],[6,20],[1,4],[3,5],[1,-5],[1,-10],[3,-14],[7,-17],[2,-11],[2,-7],[3,-2],[2,-6],[2,-13],[6,-17],[2,-9],[3,-6],[5,-4],[2,-2],[4,2],[5,7],[3,1],[3,-3],[0,-6],[4,-4],[0,-9],[1,-5],[2,-17],[1,-13],[-1,-13],[2,-17],[2,-6],[0,-8],[2,-3],[7,2],[3,-1],[2,-13],[2,-4],[6,8],[1,4],[5,5],[1,-3],[2,5],[4,2],[3,3],[5,3],[4,6],[2,-1],[2,-9],[3,-15],[1,-12],[2,-6],[3,-2],[4,2],[4,-5],[3,-6],[1,-11],[4,-3],[1,-7],[1,-16],[3,-5],[2,-12],[1,-13],[3,-15],[3,-17],[4,-16],[4,-2],[2,-4],[1,-5],[2,1],[2,-3],[4,-1],[4,-8],[4,-6],[3,-9],[4,-8],[2,-10],[3,-12],[2,-13],[-1,-21],[-1,-7],[0,-8],[-5,-16],[-2,-4],[-4,-2],[-4,-6],[-3,-6],[-2,-12],[-1,-7],[-5,-10],[-3,-3],[-4,-6],[0,-3],[-3,-3],[-6,1],[-3,-5],[-2,-9],[-4,-1],[-4,2],[-3,6],[-4,1],[-5,-1],[-2,-4],[-1,-6],[-2,0],[-4,-3],[-2,-8],[-1,-16],[-4,-6],[-5,6],[-9,19],[-6,8],[-4,5],[-6,-3],[-3,1],[-2,-4],[-6,7],[-6,1],[-2,-4],[-4,-1],[-4,10],[-3,4],[-4,-2],[-3,5],[-5,19],[-5,10],[-4,-1],[0,5],[-5,18],[-3,7],[-2,3],[-5,-1],[-2,3],[2,9],[2,1],[-1,12],[-4,15],[0,6],[-3,8],[-5,12],[-3,4],[1,14],[-3,4],[-2,-4],[-5,3],[-1,3],[0,12],[-5,-5],[-2,5],[0,9],[-2,7],[-3,1],[-1,-3],[-3,0],[-4,6],[-6,-3],[-1,4],[-1,6],[-2,5],[-4,8],[-2,5],[-4,5],[-3,1],[-2,11],[-2,-1],[-3,11]],[[5477,415],[0,-6],[-2,-4],[-4,-1],[-3,4],[2,3],[7,4]],[[5069,1356],[-2,-9],[-2,0],[-3,-2],[-3,-5],[-1,-6],[0,-6],[0,-5],[-5,-2],[-4,-14],[-5,-6],[-1,-8],[-2,-9],[-4,-7],[-1,-4],[-2,-3],[-3,0],[-4,-5],[-3,-6],[-2,0],[-5,9],[-1,9],[-2,4],[-3,0],[-7,-10],[-2,3],[-1,-2],[-3,1],[-4,-12],[-2,-11],[-3,-5],[-1,1],[-3,-4],[-1,4],[-2,0],[-3,-11],[-5,-2],[-1,-6],[-2,-7],[-2,1],[-1,3],[-2,1],[-1,5],[-3,-3],[-1,1],[-1,7],[-4,11],[-1,0],[-3,-4],[-3,-9],[-2,-6],[-2,-1],[-2,1],[-5,9],[-2,-1],[-5,-1],[-2,1],[-3,-4],[0,-3],[-3,-5],[-4,-3],[-1,-5],[-4,-5],[-3,-3],[-3,-9],[-2,-1],[-5,-8],[-2,1],[-1,-5],[-1,3],[-3,-2],[-1,-3],[-6,-8],[-1,1],[-3,-2],[-4,-2],[-4,-5],[-2,-1],[-4,-5],[-1,-4],[-2,1],[-2,-2],[-4,2],[-3,-4],[-1,4],[-1,4],[-5,-8],[-5,8],[-2,-3],[-6,5],[-7,8],[-6,3],[-5,-1],[-2,-2],[-3,-16],[-2,-2],[-1,-4],[-3,-5],[0,-8],[-4,-4],[-3,1],[-6,-5],[-2,0],[-2,-4],[-3,2]],[[4788,1127],[0,11],[2,5],[0,7],[1,2],[1,9],[1,5],[-1,13],[2,8],[0,17],[-1,14],[4,4],[1,8],[-1,7],[0,8],[-1,9],[-3,6],[-1,8],[2,2],[1,7],[2,7],[0,6],[-1,1],[-1,5],[-4,7],[-3,1],[0,8],[1,3],[4,2],[4,12],[1,6],[1,18],[-1,8],[-1,6],[-3,6],[0,4],[-3,0],[-2,5],[-1,-2],[-4,13],[-5,15],[-6,8],[-5,6],[-9,21],[-4,7],[-3,6],[0,5],[2,6]],[[4754,1467],[7,0],[2,3],[0,5],[4,-3],[2,6],[0,6],[3,3],[1,-2],[4,2],[2,-9],[2,8],[0,4],[2,4],[-1,10],[2,0],[4,11],[2,1],[2,4],[1,1],[1,8],[6,4],[-2,10],[3,5],[2,11],[4,0],[2,-4],[3,2],[1,5],[4,-7],[3,-11],[3,-6],[2,-1],[3,5],[2,0],[2,-7],[2,-4],[2,1],[6,-6],[1,-4],[2,1],[2,-5],[4,-1],[3,-6],[5,-4],[3,-4],[0,-4],[2,0],[3,5],[0,5],[3,12],[1,8],[2,5],[1,4],[1,3],[1,-6],[3,0],[3,-2],[2,1],[4,-1],[7,3],[3,4],[4,-4],[1,-10],[-2,-8],[1,-6],[0,-17],[1,-13],[4,-2],[0,10],[-2,3],[-1,18],[0,10],[2,5],[1,-4],[6,-4],[2,-3],[2,-18],[-1,-7],[-1,-7],[1,-16],[0,-8],[1,-4],[-1,-4],[2,-4],[1,2],[2,-4],[5,-3],[4,-4],[0,6],[5,-2],[1,3],[3,0],[0,-5],[-1,-4],[-1,-7],[2,-2],[2,3],[2,-2],[1,-8],[-2,-8],[0,-18],[2,-7],[3,-14],[-1,-4],[1,-12],[4,-6],[2,2],[1,-5],[2,3],[4,8],[1,-6],[2,0],[2,8],[3,5],[2,-3],[2,1],[2,-2],[1,-6],[-3,-3],[0,-3],[3,-8],[2,3],[2,7],[2,-3],[4,-2],[-1,-8],[3,0],[4,2],[3,10],[-1,4],[5,2],[4,16],[2,1],[0,6],[5,7],[2,-1],[3,3],[1,3],[5,-2],[4,4],[1,-1],[8,-1],[1,-1]],[[4901,1693],[5,-5],[5,-2],[5,2],[4,-1],[2,3],[1,-1],[4,-9],[2,-8],[-2,-7],[-5,-4],[-3,-9],[-4,-6],[-4,-9],[0,-11],[-1,-7],[-4,-8],[-1,-11],[-1,-8],[0,-6],[-1,-6],[-4,-15],[-1,-6],[-3,-6],[-1,-5],[-3,3],[-4,7],[-6,9],[2,15],[3,9],[1,8],[2,15],[0,5],[-2,4],[-3,0],[-1,3],[2,17],[-2,12],[0,9],[2,7],[3,4],[3,8],[3,3],[2,0],[3,6],[2,1]],[[4937,1495],[0,-7],[2,-8],[0,-9],[1,-5],[1,-2],[1,-5],[2,-5],[2,3],[0,-5],[2,-2],[4,4],[1,-4],[-5,-4],[-2,5],[-1,-7],[-1,-3],[-3,0],[-2,6],[-1,6],[-4,9],[-1,10],[1,2],[-1,6],[-2,5],[2,6],[3,6],[1,-2]],[[4921,1513],[1,-1],[2,-4],[1,-6],[-1,-6],[2,-4],[0,-10],[-1,-5],[1,-6],[-1,-1],[-1,4],[-3,-5],[-3,1],[-1,7],[2,4],[0,5],[1,4],[0,14],[1,9]],[[4989,1416],[2,0],[1,-10],[4,-7],[0,-6],[2,-11],[-1,-6],[-2,-7],[-4,3],[4,14],[0,5],[-3,-2],[-5,-8],[2,14],[2,0],[-1,10],[-3,4],[0,8],[2,-1]],[[4768,1530],[2,-3],[-1,-7],[-2,-1],[-1,3],[-3,-5],[-7,-5],[-1,3],[-3,0],[-3,-5],[-4,2],[1,6],[3,-1],[2,6],[5,-3],[3,1],[2,-2],[1,2],[1,5],[5,4]],[[4789,1554],[-1,-6],[1,-4],[-3,-9],[-2,1],[0,-5],[-2,1],[-4,-3],[0,-5],[-4,-2],[1,11],[2,7],[2,-6],[4,4],[1,8],[4,8],[1,0]],[[4867,1702],[3,-4],[-5,-6],[-4,-3],[0,-6],[-3,0],[-3,4],[2,5],[3,-1],[2,9],[5,2]],[[4923,1521],[-4,-3],[0,4],[3,8],[1,-1],[0,-8]],[[4960,1438],[2,-2],[-1,-7],[-2,8],[1,1]],[[4751,1487],[2,-4],[-2,-4],[-2,4],[2,4]],[[4788,1127],[-6,-5],[-1,2],[-1,7],[-4,3],[-4,6],[-3,12],[-3,3],[-4,1],[-1,-3],[-4,-5],[-7,5],[-4,7],[-2,3],[-1,-3],[-6,7],[-4,-2],[-4,11],[-7,13],[0,6],[-2,9],[-1,0],[0,7],[3,2],[-1,10],[3,7],[1,3],[-2,4],[-2,-1],[-2,4],[2,5],[0,6],[3,-5],[1,3],[-3,9],[-1,8],[4,2],[1,-1],[2,5],[1,4],[0,10],[2,0],[2,7],[3,-4],[2,4],[1,5],[-2,5],[1,6],[-2,12],[-2,4],[-3,1],[1,7],[-2,5],[-2,4],[1,7],[2,-2],[1,10],[-1,4],[-1,10],[0,9],[-4,-1],[-1,7],[3,5],[1,10],[1,10],[2,6],[1,12],[3,5],[3,2],[2,4],[2,8],[0,6],[-3,14],[2,5],[1,-9],[2,-5],[2,0],[4,6],[3,2]],[[4733,1465],[0,-9],[-2,-6],[-2,-3],[-1,4],[1,6],[2,7],[2,1]],[[4748,1481],[-1,-6],[-1,-4],[-1,7],[3,3]],[[2852,2346],[-1,-1]],[[4049,2435],[3,1],[3,2],[3,1],[8,-3],[4,2],[5,-1],[3,1],[5,-1],[12,8],[4,0],[3,3],[5,2],[6,-2],[7,-4],[7,-8],[5,-7],[9,-12],[5,-5],[4,-8],[4,-22],[-3,-2],[-4,1],[-6,-11],[-3,-4],[-4,-2],[-4,2],[-5,-1],[-4,-10],[-2,-8],[-4,-2],[-1,3],[1,4],[-2,5],[-2,1],[-1,-6],[1,-4],[4,-5],[0,-5],[-1,-3],[-3,7],[-2,2],[-5,-9],[-4,-13],[-1,-10],[4,-5],[1,-11],[-1,-6],[-6,0],[-6,1],[-4,-1],[-1,3],[-4,2],[-2,0],[-8,5],[-5,0],[-2,3],[-5,0],[-2,2],[-2,-1],[-4,-10],[-2,-2],[-2,4],[-7,-2],[-1,-1]],[[4402,2471],[13,-4],[4,1],[7,-2],[4,1],[9,-7],[9,-10],[3,-4],[7,-8],[4,-11],[4,-3],[1,-10],[2,-2],[-1,-9],[-4,-6],[-1,-8],[-2,4],[-4,8],[-5,-1],[0,4],[-5,7],[-3,-3],[1,7],[-3,6],[-2,-6],[-2,3],[-2,-3],[1,-6],[-3,-6],[-1,2],[-1,9],[-2,2],[1,8],[-2,1],[-2,-5],[-1,8],[-2,-4],[1,-8],[-1,-3],[-4,0],[-2,4],[-2,-7],[1,-3],[4,-1],[0,-3],[2,-5],[4,-2],[5,-20],[-5,-4],[-4,2],[-2,-3],[-5,1],[-2,8],[1,12],[-5,7],[-1,-5],[3,-11],[-2,-1],[-2,4],[-1,-5],[3,-5],[-1,-7],[-1,-3],[-3,1],[-1,5],[-2,1],[-1,5],[1,5],[-1,3],[0,5],[-1,5],[4,3],[-1,8],[-5,-7],[-5,7],[-3,-4],[-2,3],[0,8],[0,9],[1,11],[3,4],[2,-2],[3,2],[0,6],[2,6],[-1,11],[-2,4],[1,6],[5,0]],[[4200,2336],[4,-12],[3,-5],[1,-9],[0,-7],[4,-12],[0,-12],[3,-11],[-4,-6],[-5,1],[-5,6],[-6,6],[-4,9],[-3,17],[-1,4],[-1,9],[1,6],[5,13],[6,3],[2,0]],[[4541,2307],[-1,-13],[0,-13],[0,-16],[-2,-10],[-3,-6],[-9,-2],[-2,1],[-2,4],[-5,7],[-5,3],[-4,5],[-1,5],[-2,7],[3,4],[2,9],[1,-2],[2,3],[1,11],[3,-6],[1,-5],[-1,-6],[1,-4],[3,-2],[5,0],[1,-8],[7,3],[-1,15],[4,7],[1,-4],[1,8],[2,5]],[[4117,2335],[1,-5],[5,-4],[7,2],[7,-3],[2,-3],[2,-18],[-5,-2],[-6,5],[-5,-1],[-7,6],[-3,5],[-2,9],[1,5],[1,5],[2,-1]],[[4472,2404],[14,-20],[1,-3],[4,-6],[2,-6],[0,-7],[-2,-1],[-2,5],[-5,5],[-2,-5],[-2,3],[-2,-2],[-3,6],[-3,3],[1,5],[-1,3],[-3,0],[-2,9],[2,3],[-1,4],[2,4],[2,0]],[[4253,2291],[2,0],[6,-5],[0,-7],[-1,-5],[-8,-3],[-2,9],[-3,4],[-3,1],[-5,-1],[-2,-1],[0,-5],[-2,-3],[-4,1],[-1,5],[0,5],[5,2],[2,-5],[2,6],[3,2],[1,2],[6,-2],[3,2],[1,-2]],[[4217,3236],[0,-7],[1,-4],[3,3],[4,-1],[-1,-18],[-3,-6],[-3,0],[-1,9],[-2,3],[-2,-2],[-1,5],[1,7],[-1,6],[5,5]],[[4110,2266],[1,-6],[3,-9],[0,-9],[3,-6],[-2,-3],[-3,14],[-1,2],[-4,-4],[-5,-1],[-1,6],[0,4],[4,6],[3,3],[2,3]],[[4446,2382],[-1,-6],[2,-9],[0,-2],[-5,2],[-4,3],[-1,8],[1,3],[4,-1],[4,2]],[[4075,2245],[3,0],[3,-4],[5,0],[-2,-5],[-2,-6],[-5,4],[-2,6],[-3,2],[1,5],[2,-2]],[[4463,2378],[-2,-9],[0,-3],[-1,-15],[-1,1],[-3,8],[-2,2],[3,10],[2,4],[4,2]],[[4259,3516],[1,-5],[0,-6],[-2,-14],[-3,4],[1,10],[-1,7],[2,8],[2,-4]],[[4166,2367],[0,-1],[-4,4],[1,15],[2,5],[2,-4],[1,-5],[-2,-14]],[[4483,2344],[-2,-13],[-3,1],[0,8],[-3,-1],[0,8],[2,0],[4,-3],[2,0]],[[4217,3297],[3,-5],[2,-8],[0,-5],[-3,-1],[-2,7],[-1,6],[1,6]],[[4617,2411],[3,-5],[-1,-4],[-2,-3],[-4,1],[0,5],[4,6]],[[4488,2343],[3,-11],[-1,-2],[-3,0],[-2,4],[0,7],[3,2]],[[4495,2334],[3,1],[1,-7],[-1,-2],[-3,1],[-2,3],[0,6],[2,-2]],[[4543,2399],[4,-4],[-4,-4],[-3,1],[1,7],[2,0]],[[4516,2407],[1,-7],[-1,-7],[-3,-1],[3,15],[0,0]],[[4534,2405],[2,-6],[-1,-6],[-2,-1],[0,6],[1,7]],[[4274,2275],[-2,-5],[-2,3],[4,2]],[[4510,2319],[0,-8],[-2,2],[0,4],[2,2]],[[4463,2364],[2,-4],[-3,-6],[0,8],[1,2]],[[4399,2387],[2,-4],[0,-5],[-1,2],[-3,5],[2,2]],[[4297,2300],[-1,-9],[-1,2],[2,7]],[[8845,6033],[3,5],[-1,6],[-1,-3],[-2,-6],[-1,0],[-1,-11],[-2,-7],[-1,-6],[-2,-5],[-1,-8],[-3,-6],[-2,-9],[-1,3],[-3,3],[-3,14],[-4,8],[-4,4],[-2,7],[-2,10],[-3,1],[-3,12],[-5,1],[-2,5],[-3,2],[-1,4],[1,8],[-1,2],[-3,-2],[0,-6],[3,-9],[0,-4],[3,-7],[0,-6],[1,0],[1,8],[2,0],[3,-10],[-1,-8],[2,-7],[3,-6],[0,-6],[-1,-6],[-6,5],[-1,4],[1,10],[-2,3],[-3,5],[0,6],[-2,3],[-6,10],[-2,7],[-2,2],[-2,8],[-2,6],[-2,4],[0,6],[-3,3],[0,4],[-2,10],[2,5],[-1,5],[0,4],[-3,5],[0,7],[-2,6],[0,9],[2,1],[2,4],[2,0],[2,-8],[4,-11],[2,2],[1,4],[6,-2],[3,-4],[2,-5],[3,6],[3,-4],[3,-2],[3,-3],[4,6],[2,-4],[4,0],[3,-2],[-1,-6],[2,-10],[3,8],[1,6],[4,5],[4,-5],[0,-5],[2,0],[3,-8],[0,-8],[0,-4],[1,-5],[2,-1],[2,6],[3,2],[2,-5],[2,-9],[2,-4],[3,1],[1,9],[3,1],[2,6],[0,3],[2,5],[1,6]],[[8800,5950],[1,-15],[-2,2],[-1,13],[2,0]],[[8751,6267],[-1,-2],[-2,5],[2,5],[1,-8]],[[4366,1402],[-2,4],[-2,11],[-2,10],[-3,8],[-6,13],[-3,4],[-5,11],[0,3],[-5,13],[-4,5],[-5,13],[-3,4]],[[5325,3234],[-2,-8],[0,-4],[-6,-4],[-3,-7],[-1,-3],[2,-6],[3,1],[2,-9],[-5,-2],[-6,7],[0,3],[-3,10],[-2,8],[2,8],[2,5],[0,11],[-1,8],[-3,11],[-4,18],[-4,7],[-1,9],[-3,7],[0,11],[-1,8],[1,24],[-2,11],[3,8],[1,10],[1,18],[2,31]],[[5275,3285],[3,1],[4,-8],[1,-8],[0,-7],[0,-13],[-3,-9],[-2,-4],[-5,-3],[-1,6],[-3,3],[0,5],[-3,4],[1,9],[2,4],[1,-1],[0,-10],[4,6],[-1,10],[-2,8],[0,4],[1,4],[3,-1]],[[5265,3290],[0,-9],[-3,-7],[0,7],[1,8],[2,1]],[[8329,5753],[-7,4],[-2,2],[-10,2],[-3,3],[-13,7],[-14,9],[-8,3],[-9,3],[-6,3],[-3,3],[-5,1],[-4,5],[-18,7],[-10,5],[-6,4],[-13,3],[-5,4]],[[8043,6182],[9,8],[3,13],[-1,13],[2,6],[5,11],[9,11],[4,12],[7,9],[11,6],[3,3],[0,9],[2,2],[5,-3],[7,0],[5,2],[3,6],[1,5],[4,-3],[6,12],[4,0],[7,-3],[9,-5],[5,2],[12,-1],[4,0],[9,-3],[1,2],[7,-5],[3,0],[2,4],[2,-2],[1,-7],[7,-8],[2,3],[3,-9],[1,1],[3,-6],[5,-5],[4,-6],[7,-7],[4,-6],[6,0],[4,-3],[7,8],[1,-1],[2,-7],[-2,-13],[5,-4],[4,0],[-1,-6],[2,-6],[2,-15],[1,7],[4,-3],[1,3],[3,-3],[2,2],[3,0],[0,-7],[1,-6],[2,-4],[6,-5],[1,5],[4,1],[3,-6],[0,-8],[4,-10],[2,-3],[8,-6],[5,-11],[0,-6],[5,-13],[4,-6],[3,-10],[4,-13],[6,-9],[5,-5],[4,-10],[9,1],[4,-1],[7,0],[6,-2],[-1,-3]],[[4885,8677],[0,-10],[2,-8],[-3,-1],[-1,5],[-1,1],[-2,-6],[-2,-2],[-4,4],[-1,-2],[-1,-8],[-6,8],[-3,2],[-4,-2],[-3,-3],[-7,-5],[-11,-4],[-3,0],[-8,7],[-4,2],[-7,7],[-5,-1],[-5,-4],[-2,0],[-6,1],[-5,-4],[-5,-10],[-6,-11],[-3,1],[0,-6],[3,-1],[3,1],[4,5],[6,9],[3,-1],[3,1],[5,5],[2,1],[6,-1],[3,0],[7,-6],[3,0],[1,-3],[0,-5],[0,-5],[-3,-6],[-2,-8],[-2,-13],[0,-8],[3,-6],[1,-10],[1,-5],[-1,-7],[0,-11],[2,-10],[1,1],[-1,6],[0,17],[2,0],[3,-6],[2,-3],[5,-1],[3,-3],[5,2],[1,-5],[-3,-2],[-2,-8],[1,-7],[0,-6]],[[4851,8505],[0,9],[-1,8],[-3,6],[-2,14],[0,5],[5,1],[6,-1],[1,-4],[1,-14],[1,-4],[5,-3],[4,-10],[1,-16],[0,-7],[0,-9],[-1,-6],[-5,-2]],[[4908,8742],[1,-4],[3,0],[4,2],[4,-5],[1,2],[2,8],[2,-3],[0,-2],[-2,-2],[0,-1],[1,-2],[8,-11],[2,-4],[3,-1],[0,-7],[1,-5],[-1,-21],[-4,-10],[0,-11],[2,-9],[-1,-4],[-4,0],[-3,-3],[-3,-4],[-1,0],[-4,3],[-10,3],[-5,5],[-5,9],[-3,6],[-4,8],[-2,7],[-2,10],[-4,9],[2,3],[-2,3],[1,9],[-2,5],[1,8],[3,6],[2,-6],[3,6],[2,-5],[6,10],[3,-2],[2,1],[3,7],[1,-1],[-1,-7]],[[4833,8629],[5,-1],[3,-11],[2,-4],[3,-1],[6,3],[5,0],[2,-1],[7,-9],[1,-6],[7,-5],[-1,-4],[0,-8],[2,-3],[3,3],[3,-2],[2,-7],[3,-1],[3,3],[2,-9],[-1,-6],[-4,-7],[-1,-6],[-1,-10],[-2,1],[-3,9],[-4,4],[-3,2],[-5,4],[-5,2],[-3,3],[-5,5],[-5,4],[-5,-3],[-8,1],[-7,6],[-6,25],[4,19],[3,8],[3,2]],[[4927,8740],[1,-3],[9,-5],[5,-9],[13,-13],[3,-13],[-3,-1],[-4,-8],[-3,-1],[-2,3],[-4,5],[-2,9],[-1,3],[-2,6],[1,6],[-2,2],[-2,-1],[-3,5],[-5,7],[0,2],[-3,3],[1,1],[3,2]],[[4871,8636],[7,-10],[1,-9],[-5,-4],[-3,10],[-3,6],[-4,1],[-10,-1],[-7,-3],[-2,-3],[-3,11],[2,2],[6,0],[9,4],[5,4],[3,-2],[4,-6]],[[4870,8530],[4,-2],[1,-11],[-1,-16],[0,-6],[-1,-8],[-2,-5],[-2,4],[2,14],[-1,6],[-2,10],[-3,6],[-5,4],[-1,7],[0,9],[1,-1],[10,-11]],[[4941,8695],[2,-5],[3,-6],[-2,-14],[-1,-2],[-1,-6],[-4,-8],[-2,3],[-3,8],[0,11],[4,10],[1,19],[2,-3],[1,-7]],[[4884,8658],[1,-2],[2,2],[2,-2],[2,3],[1,-3],[-4,-17],[-3,-4],[-5,6],[-5,4],[-3,5],[2,10],[4,-5],[3,4],[2,4],[1,-5]],[[4897,8624],[-8,9],[1,9],[2,3],[5,-5],[1,-5],[0,-10],[-1,-1]],[[4947,8726],[3,-1],[5,1],[1,-4],[-1,-9],[-2,1],[-3,6],[-2,0],[-2,3],[-4,4],[1,4],[4,-5]],[[4886,8676],[2,0],[3,-10],[0,-6],[-2,-3],[-2,2],[-2,9],[1,8]],[[4859,8649],[-2,-5],[-4,-2],[-3,5],[7,3],[2,-1]],[[4863,8627],[1,0],[2,-8],[-1,-1],[-6,6],[4,3]],[[4865,8627],[3,-1],[1,-7],[-2,-2],[-2,10]],[[4873,8549],[2,0],[3,-4],[1,-5],[-3,3],[-3,6]],[[5363,4880],[-3,-10],[2,-15],[2,-19],[1,-20],[-2,-7],[1,-17],[2,-5],[1,-11],[1,-10],[5,-4],[1,6],[2,4],[8,-2],[2,-11],[1,-3],[-2,-6],[0,-4],[1,-12],[2,-9],[0,-9],[4,0],[2,8],[2,9],[2,-9],[0,-13],[1,-3],[4,4],[1,7],[4,2],[0,-14],[6,0],[2,-12],[4,-4],[4,5],[0,-6],[-1,-11],[0,-8],[3,-14],[-3,-10],[-1,-1],[0,-14],[4,-8],[2,-1]],[[4580,4568],[-1,-9],[-1,-2],[-1,-7],[-1,-4],[-1,-10],[-3,-10],[-3,-4],[-1,-4],[0,-7],[-2,-12],[1,-8],[-3,-5],[-1,-8],[0,-13],[2,-14],[-5,-24],[0,-17],[1,-11],[-4,-14],[-2,-10],[-3,-3],[-4,1],[-5,-2],[-13,-6],[-7,-8],[-3,-7],[-2,-3],[-2,-8],[-1,-6],[-4,-9],[-3,-4],[-5,-7],[-3,-8],[0,-3],[-3,-3],[-3,0],[-5,-4],[-2,0],[-5,-5],[-5,-10],[-7,-4],[-5,-6],[-5,-5],[-2,-4],[-3,-2],[-4,-6],[-3,-1],[-6,-6],[-8,-12],[-8,-9]],[[4426,4225],[-2,4],[0,4],[1,5],[-1,10],[-3,5],[-1,7],[-1,12],[-1,1],[-5,25],[-1,10],[-3,6],[-2,7],[-4,20],[-5,40]],[[4567,4463],[-2,8],[0,4],[1,6],[2,4],[2,-3],[-1,-6],[0,-7],[-2,-6]],[[4575,4507],[-2,3],[1,15],[2,3],[1,-2],[0,-16],[-2,-3]],[[4567,4494],[0,2],[2,15],[0,8],[2,3],[0,-7],[-2,-16],[-2,-5]],[[4426,4225],[-6,-6],[-17,-18],[-5,-8],[-7,-6],[-7,-7],[-2,-4],[-7,-8],[-5,-7],[-7,-6],[-6,-6],[-11,-14],[-13,-19],[-3,-5],[-12,-15],[-10,-13],[-8,-13],[-12,-19],[-8,-10],[-4,-3],[-6,0],[-5,2],[-3,7],[2,7],[0,27],[-1,19],[0,4],[2,3],[0,8],[0,12],[0,17],[-1,13],[-1,7],[-4,46],[1,14],[-2,19],[0,14],[1,9],[0,5],[1,25],[2,10],[0,7],[0,23],[-1,14],[-2,14],[-2,10],[-4,11],[-2,11],[-3,9],[-3,3],[-6,4]],[[2478,2946],[4,-5],[2,1],[4,-3],[3,-5],[4,-1],[7,8],[3,13],[3,-8],[4,-4],[4,-1],[6,7],[3,5],[1,3],[2,3],[3,-10],[2,-2],[3,5],[5,-8],[2,-8],[-1,-9],[1,-8],[3,-11]],[[2208,3078],[-2,-4],[-3,0],[-2,6],[-3,2],[1,6],[-3,5],[-5,-10],[1,8],[-2,3],[1,9],[-3,3],[-2,-1],[-1,-5],[-1,7],[-2,4],[-5,-4],[-1,3],[-1,8],[2,3],[-5,7],[-1,-2],[-3,0],[-1,5],[-2,-3],[-3,-1],[-1,9],[-1,5],[-2,-5],[-2,1],[-4,9],[0,10],[2,-1],[1,4],[-5,1],[-1,-2],[-3,0],[-2,5],[0,4],[-5,8],[-3,1],[-2,4],[0,4],[-2,1],[-2,3],[-5,3],[-4,5],[-3,15],[-4,10],[-2,0],[-1,7],[-2,10],[-2,5],[-5,6],[-7,0],[-4,5],[-2,0],[-1,3],[-5,0],[-5,-5],[-1,0],[-3,-7],[-1,-2],[-3,-9],[-1,-4],[3,-6],[2,-12],[2,-16],[10,-29],[4,-13],[4,-16],[2,-16],[-2,-1],[0,-8],[1,-6],[2,-4],[1,-8],[2,-8],[2,-3],[1,-7],[2,-6],[1,-8],[2,-3],[0,-9],[-2,-9],[-1,-9],[3,-6],[4,-14],[-1,-14],[-5,0],[-9,-1]],[[2130,3091],[4,-6],[1,-1],[4,-9],[0,-10],[1,-6],[-1,-4],[-4,7],[-1,-1],[-4,3],[0,6],[-2,8],[-1,3],[-1,7],[-2,2],[-1,7],[2,3],[3,-2],[2,-7]],[[1696,5666],[-2,6],[-2,12],[1,5],[1,6],[-3,19],[0,5],[-3,15],[-2,6],[-1,8],[-2,10],[-3,5],[-3,-1],[-2,2],[-2,8],[-2,2],[-1,9],[-2,3],[0,9],[0,6],[-2,6],[-2,13],[-4,13],[0,13]],[[1832,6070],[1,3],[4,0],[3,-8],[2,-10],[0,-7],[0,-12],[7,-2],[6,-5],[1,-3],[2,-18],[-1,-6],[3,-9],[1,-3]],[[1861,5990],[-1,-4],[0,-7],[-2,-5],[0,-8],[1,-8],[-1,-7],[-1,-11],[0,-3],[-3,-1],[0,-8],[-2,-3],[1,-5],[-3,-5],[-1,1],[-5,-9],[-1,-2],[-3,-5],[-4,-11],[-2,-9],[-2,-5],[0,-6],[-2,-12],[0,-11],[1,-26],[0,-19],[-7,-20],[-12,0]],[[1861,5990],[2,-2],[1,3],[4,-10],[8,-18],[3,-4],[3,-6],[1,-8],[5,1],[3,-1],[4,-5],[4,-13],[0,-6],[9,0],[3,-1],[1,-12],[6,2],[5,4],[2,4],[1,-1],[5,5],[3,5],[3,-3],[6,-3],[1,-3],[2,3],[2,0],[10,-4],[2,-2],[2,-4],[2,0],[8,-11],[5,-2],[1,-4],[4,-3],[1,-5],[5,2],[3,-1],[2,8],[2,0],[3,3],[2,-2],[8,1],[3,-6],[3,0],[2,-3],[3,0],[3,2],[5,1],[4,9],[1,6],[2,-6],[3,-14],[2,-9],[1,-14],[2,-22],[0,-8],[0,-11],[-1,-4],[0,-8],[-2,0],[-1,-11],[1,-11],[2,-13],[4,-23],[4,-15],[0,-6],[4,-12],[-1,-17],[-1,-15],[2,-9],[0,-14],[-2,-4],[-1,-15],[-1,-15],[0,-19],[3,-21],[0,-9],[4,-36],[4,-17],[1,-4],[1,-6]],[[833,7274],[2,6],[0,5],[-2,8],[-2,17],[-2,11],[-3,10],[-5,14],[-2,9]],[[819,7354],[4,-5],[0,6],[3,-2],[3,2],[2,-3],[2,6],[-3,7],[4,4],[1,5],[3,-3],[1,3],[2,-7],[3,-4],[5,-3],[2,-3],[8,6],[2,-4],[3,4],[0,4],[-4,1],[-1,2],[5,7],[5,1],[0,11],[-1,7],[-2,2],[-2,4],[1,12],[3,6],[2,8],[0,5],[2,6],[2,19],[1,10],[2,3],[2,8],[1,13],[-2,21],[2,-1],[0,0],[0,0]],[[880,7512],[3,0],[2,-5],[5,-18],[2,-7],[3,-5],[3,0],[4,14],[3,3],[6,12],[7,17],[2,10],[3,6],[2,9],[3,26],[1,13],[0,7],[6,-5],[3,4],[4,10],[1,11],[-2,6],[1,8],[-1,6],[3,3],[2,15],[4,4],[4,-2],[4,5],[5,3],[1,-2],[2,4],[0,13],[-2,14],[0,15],[1,32],[1,8],[1,18]],[[797,7684],[0,-2],[5,-8],[2,-1],[1,-5],[3,-3],[3,1],[5,-2],[2,1],[2,-5],[2,-8],[0,-11],[-1,-12],[-1,-6],[-1,-5],[2,-10],[3,6],[3,-2],[0,-4],[6,-23],[4,-6],[2,-6],[0,-5],[2,-15],[2,-8],[5,2],[4,0],[6,1],[4,7],[2,-2],[0,-5],[-1,-14],[0,-14],[-2,-9],[-1,-11],[2,-10],[3,-1],[2,13],[2,6],[4,5],[2,5],[1,-2],[2,5],[2,-9]],[[819,7354],[-1,8],[0,11],[-2,16],[-1,5],[-4,6],[-3,13],[-1,10],[-1,3],[-2,6],[2,4],[2,-1],[3,-7],[1,-10],[3,-6],[1,-1],[1,9],[1,8],[-1,4],[2,7],[2,2],[1,-5],[3,-2],[0,6],[-2,1],[0,10],[2,4],[3,-1],[3,15],[1,2],[0,11],[-2,6],[-1,11],[-3,7],[-4,-4],[-1,5],[-1,11],[-1,4],[4,3]],[[817,7546],[0,2],[-4,2],[-3,9],[-2,-3],[-1,4],[-4,3],[-2,-9],[-3,2],[0,-4],[4,1],[4,-9],[2,7],[1,-10],[-1,-10],[2,0],[0,-7],[-3,-2],[-5,8],[-4,3],[-2,7],[-4,20],[-3,11],[-4,12],[-4,12],[-2,5],[-3,8],[-2,0],[-2,4],[-1,7],[-3,16],[-3,5],[-4,14],[-3,2],[0,5],[-2,7],[-9,22],[-3,4],[-3,1],[-1,-2],[-3,2],[-2,-2],[-3,5],[-2,2],[-3,12],[-3,4],[-3,-1],[-2,1],[-3,-6],[-4,6],[-2,-5],[0,-5],[-3,1],[2,6],[-2,12],[-2,6],[-3,4],[-1,6],[-3,6],[-3,5],[-5,7],[-5,15],[-7,13]],[[756,7506],[3,-5],[-2,-9],[-1,-6],[5,-4],[3,0],[2,-4],[1,8],[1,6],[3,7],[3,-7],[-1,-9],[2,-2],[1,8],[1,3],[0,-12],[3,-4],[1,-5],[1,-10],[-1,-1],[-1,6],[-3,2],[-5,-6],[-3,3],[0,6],[-2,2],[-5,-5],[-4,0],[-1,4],[-4,5],[-3,-2],[-4,9],[0,10],[3,20],[5,0],[3,-4],[-1,-4]],[[865,7889],[1,-19],[1,-15],[1,-7],[-1,-8],[7,0],[4,8],[3,3],[4,0],[3,-3],[1,-7],[8,1],[5,-13],[4,-2],[4,-1],[3,-10],[0,-6],[0,-10],[2,-13],[3,-8],[3,-14],[3,-3],[3,-5],[3,-1],[1,2],[7,5],[2,0],[1,4],[6,8],[3,13],[3,0]],[[2897,1886],[-4,1],[-3,2],[-3,0],[-11,6],[-22,10],[-1,4],[-3,1],[0,-2],[-5,5],[-4,-1],[-2,3],[-2,0],[-6,8],[-8,5],[-12,7],[-8,1]],[[3075,2461],[6,-8],[4,-3],[4,0],[7,-5],[3,-1],[5,0],[4,1],[7,6],[1,0]],[[8265,5021],[1,9],[3,7],[4,5],[4,10],[2,0],[5,14],[6,0],[4,4],[5,0],[3,5],[1,5],[2,1],[5,-3],[1,-4],[8,-6],[1,-3],[4,-3],[2,-4],[6,-19],[2,-5],[6,-13],[1,-5],[-1,-15],[5,-1],[0,8],[2,2],[2,9],[1,6],[4,2],[2,-17],[0,-16],[4,5],[-2,17],[1,5],[2,4],[2,-3],[1,-15],[1,-3],[2,-9],[2,-12],[2,0],[2,10],[2,7],[4,-5],[2,3],[1,-8],[3,-1],[4,11],[4,7],[3,2],[3,-2],[1,-5],[6,-13],[3,1],[1,6],[-1,7],[1,6],[-1,13],[1,6],[7,-1],[2,-3],[5,-3],[5,-2],[1,4],[0,15],[-2,5],[-1,-3],[-3,0],[-4,7],[-2,9],[-1,8],[1,9],[3,3],[3,-1],[5,1],[9,5],[2,4],[3,9],[4,3],[3,-4],[2,1],[6,-4],[5,2],[3,-2],[4,4],[2,3],[-6,1],[-2,-1],[-5,0],[-5,2],[-4,6],[-4,6],[0,5],[-3,12],[1,7],[3,6],[4,0],[9,2],[2,6],[2,10],[0,8],[2,17],[-3,11],[0,14],[-2,-12],[1,-11],[0,-9],[0,-8],[-2,-4],[1,-4],[-1,-13],[-2,-2],[-5,3],[-4,1],[-1,6],[-3,5],[-2,-2],[-1,-4],[-4,-3],[-2,0],[-3,6],[-4,10],[-3,7],[0,8],[1,4],[6,6],[1,3],[4,4],[6,7],[4,18],[1,12],[1,2],[5,1],[0,5],[5,12],[1,5],[-1,8],[-1,2],[-3,-8],[-3,1],[-4,-5],[-3,7],[-2,2],[-3,-4],[-2,-10],[-1,-8],[-2,-5],[-8,-7],[-1,-5],[-3,-4],[-2,-1],[-4,3],[-2,2],[-4,-11],[-1,-9],[-1,-3],[-5,2],[-4,-9],[-2,-6],[-3,-6],[-2,0],[-2,9],[-3,-1],[-3,-5],[-1,3],[-1,6],[0,11],[3,9],[-1,1],[-3,-5],[-1,-10],[0,-8],[-4,-8],[-4,-4],[-3,-1],[-3,5],[-1,-1],[-4,1],[-2,-1],[-3,2],[-6,-1],[-2,1],[-4,12],[-4,-2],[-3,3],[-2,-3],[-8,-3],[-5,0],[-1,2],[-4,6],[-1,5],[-2,-4],[-5,-2],[-4,-7],[-2,5],[0,4],[-7,3],[-3,0],[-5,-3],[-6,-11],[-2,-5],[-4,-1],[-1,-3],[-6,2],[-6,-4],[-4,-7],[-4,-13],[-2,-2],[-3,-7],[-4,-4],[-2,6],[-3,3],[-7,-1],[-4,5],[-1,6],[-2,6],[-4,5],[-3,1],[-7,-1],[-5,-4],[-5,-5],[-6,-9],[-3,-13],[-2,-3],[-3,4],[-3,0],[-5,4],[-3,0],[-3,6],[-3,12],[1,10],[-2,11],[-1,7],[-5,11],[-10,0]],[[8478,5322],[1,-10],[0,-10],[1,-20],[1,-19],[2,-50],[1,-4],[1,-25],[0,-15],[1,-38],[1,-9],[0,-17],[2,-24],[1,-9],[-1,-10],[0,-13],[0,-8],[0,-17],[1,-28],[0,-6],[1,-17],[2,-13],[1,-12],[4,-20],[1,-4],[2,-16],[2,-15],[1,-12],[1,-10],[2,-13],[2,-15],[2,-12],[0,-10]],[[8362,5088],[1,-4],[6,-9],[3,-7],[1,1],[4,-6],[5,-2],[2,-9],[1,-14],[-3,-6],[-2,-8],[-4,2],[-3,4],[-1,8],[-4,6],[-1,-1],[-4,5],[-2,13],[0,4],[-2,6],[-3,10],[2,8],[4,-1]],[[8432,5207],[-4,2],[1,10],[7,15],[2,4],[3,1],[5,-3],[-1,-3],[-4,-3],[0,-5],[1,-9],[0,-4],[-4,-3],[-6,-2]],[[8421,5217],[4,2],[0,-2],[-4,-14],[-1,0],[-6,-10],[-4,-10],[-2,-1],[-3,6],[0,4],[6,5],[2,6],[2,6],[0,10],[1,2],[5,-4]],[[8330,5075],[6,-15],[2,-16],[0,-6],[-1,-6],[-2,6],[-4,6],[0,7],[-4,10],[-1,4],[2,9],[2,1]],[[8422,5180],[-1,-3],[-2,2],[-4,0],[-3,-5],[-6,-7],[0,7],[5,5],[4,10],[7,9],[2,-2],[-2,-16]],[[8406,5004],[-2,0],[-4,11],[-2,9],[0,7],[2,3],[2,0],[2,-5],[3,-17],[-1,-8]],[[8448,5242],[-7,6],[1,13],[1,4],[6,-7],[0,-12],[-1,-4]],[[8452,5245],[-2,1],[0,6],[1,7],[4,2],[2,-2],[1,-4],[-4,-9],[-2,-1]],[[8392,5033],[2,0],[1,-12],[-2,-3],[-3,8],[1,7],[1,0]],[[8390,5004],[-1,-3],[-5,-10],[-1,6],[3,8],[2,3],[2,-4]],[[8352,5038],[2,-1],[0,-6],[-4,-3],[-1,8],[1,3],[2,-1]],[[8394,5187],[-4,-3],[-1,3],[1,7],[2,-1],[2,-6]],[[8446,5230],[-2,-10],[-3,6],[1,4],[4,0]],[[8459,5258],[-2,6],[3,4],[-1,-10]],[[8494,5462],[1,1],[0,-13],[0,-6],[1,-10],[-1,-12],[2,-8],[-1,-7],[1,-4],[3,2],[0,-12],[1,-17],[1,-8],[1,-12],[0,-5],[4,-4],[-2,-5],[-2,-3],[1,-4],[0,-12],[0,-4],[-4,-11],[0,-7],[-3,-2],[-1,-5],[1,-5],[-1,-8],[2,-14],[-1,-3],[2,-7],[-1,-8],[1,-17],[2,-2],[3,2],[2,-11],[-1,-3],[1,-11],[-2,-10],[1,-7],[-2,0],[1,-8],[2,-2],[1,-8],[1,-5],[-1,-6],[1,-7],[0,-4],[1,-10],[2,-6],[1,-19],[3,-8],[1,-8],[2,-1],[0,-11],[1,-3],[1,-10],[4,-1],[2,-5],[1,-5],[2,8],[2,-4],[-1,-6],[0,-5],[4,-8],[-1,-6],[4,-6],[1,-5],[0,-6],[4,-1],[-1,-6],[1,-2],[1,-6],[-1,-3],[1,-6],[3,-1],[2,-3],[-2,-4],[0,-5],[2,-5],[-2,-6],[2,-7],[1,-5],[3,-10],[-2,-1],[2,-9],[3,-7],[-2,-4],[1,-9],[2,0],[2,-12],[-1,-1],[3,-9],[0,-6],[2,1],[-1,-9],[2,-7],[0,-6],[-1,-6],[3,-6],[1,-8],[2,-3],[3,-15],[0,-8],[-1,-7],[2,-5],[0,-6],[6,1],[1,2],[2,-1],[0,6],[3,10],[2,10],[1,14],[-2,7],[0,7],[-2,4],[0,7],[1,9],[-2,8],[-1,6],[1,9],[-2,8],[1,5],[0,9],[-4,9],[-2,17],[1,3],[0,7],[-3,5],[0,15],[3,21],[1,5],[3,4],[-1,3],[2,8],[4,8],[1,0],[6,-2],[1,2],[3,-2],[1,4],[-3,2],[-2,1],[-2,-2],[-5,4],[2,4],[3,-2],[-1,11],[5,-4],[3,0],[1,-4],[-1,-7],[7,-7]],[[8563,5300],[-1,-1],[-2,-13],[2,-4],[-3,-2],[-2,-3],[1,-13],[-2,-1],[0,-8],[-2,-7],[0,-6],[-2,-9],[-3,-6],[-2,9],[1,3],[-2,6],[1,13],[-1,4],[-4,5],[3,6],[-3,3],[1,8],[4,14],[1,10],[4,18],[3,4],[3,-1],[3,-4],[1,-13],[0,-8],[1,-4]],[[8524,5477],[1,-7],[-1,-13],[-2,-7],[-3,-6],[0,9],[-3,-6],[1,-8],[1,-2],[2,-11],[-1,-5],[-3,-36],[-2,-1],[-1,-6],[-2,-3],[-1,-11],[-2,0],[0,8],[-2,8],[-3,-4],[0,6],[2,9],[1,12],[-1,9],[1,14],[5,14],[2,6],[0,5],[3,14],[1,5],[0,10],[7,-3]],[[8598,5117],[0,-7],[1,-8],[2,-4],[0,-10],[-3,1],[0,-4],[-3,1],[0,-4],[4,-5],[0,-7],[-2,-2],[-1,-5],[-3,4],[-4,2],[2,4],[1,8],[-3,-1],[-2,7],[-2,-1],[-1,5],[0,7],[-1,4],[2,6],[5,0],[5,-2],[1,4],[-1,6],[2,4],[-1,5],[-3,3],[2,4],[1,5],[-1,7],[1,6],[0,7],[1,0],[1,-6],[-1,-10],[2,-4],[-1,-10],[1,-4],[-1,-6]],[[8557,5011],[1,0],[1,-7],[1,-11],[-1,-8],[-2,-1],[-2,14],[-1,13],[2,5],[1,-5]],[[8634,5294],[-1,4],[-2,12],[3,5],[1,-8],[0,-11],[-1,-2]],[[8576,5131],[-2,1],[1,9],[3,7],[2,-5],[-3,-5],[-1,-7]],[[8577,5182],[-1,5],[1,5],[0,7],[2,6],[2,-6],[-2,-7],[-2,-10]],[[8508,5310],[-1,-4],[1,-11],[-2,1],[0,7],[0,11],[2,-4]],[[8583,5121],[3,0],[2,-4],[-4,-2],[-1,6]],[[3274,2141],[-1,3],[-4,7],[-5,13],[-2,9],[-5,10],[0,5],[-1,15],[1,6],[-1,6],[-7,16],[-2,10],[-3,4],[-1,4]],[[6341,901],[3,-2],[2,-8],[3,-4],[1,-12],[-3,-7],[-1,-4],[4,-8],[0,8],[2,2],[3,-5],[3,-1],[1,-4],[2,-6],[4,1],[3,-5],[1,-10],[3,1],[3,3],[2,-1],[2,-5],[2,4],[4,-5],[1,3],[3,-4],[3,1],[6,-12],[1,-8],[1,-3],[7,-5],[4,-8],[5,-1],[2,5],[0,5],[3,-1],[2,4],[1,5],[1,6],[2,2],[3,-1],[4,5],[3,13],[3,2]],[[6476,720],[-5,-17],[-3,-14],[-2,-4],[-2,-10],[-1,-10],[-6,-7],[-5,-12],[-3,-4],[-2,1],[-3,-7],[-1,-9],[-4,-7],[-3,-4],[-5,-8],[-3,-12],[-1,-2],[-7,-3],[-3,-8],[-1,-5],[-1,-14],[-2,-13],[-2,-10],[-3,-6],[-1,-3],[-3,-8],[-3,-4],[-5,-10],[-7,-12],[-5,-4],[-8,-1],[-10,3],[-9,1],[-9,2]],[[6321,947],[3,-3],[3,0],[2,-9],[4,0],[2,3],[0,4],[2,9],[1,5],[3,4],[1,3],[2,0],[1,5],[2,2],[8,-15],[2,-2],[2,-10],[1,-7],[0,-6],[3,-10],[-1,-4],[1,-9],[-1,-4],[-1,-10],[2,-4],[2,1],[1,5],[3,-1],[3,6],[3,1],[1,-1],[2,2],[0,10],[1,3],[0,8],[-2,3],[-1,4],[0,6],[2,3],[2,0],[1,4],[-1,5],[3,4],[-1,10],[0,11],[5,4],[1,9],[5,5],[2,-2],[1,11],[1,6],[2,-2],[2,6],[-2,9],[0,11],[1,2],[2,14],[-1,8],[1,10],[2,5],[1,4],[-1,10],[2,1],[2,-3],[2,2],[5,-6],[2,4],[3,4],[2,-3],[3,7],[3,2],[6,5],[2,5],[3,9],[2,3],[2,0],[2,2],[3,11],[2,11],[2,18],[2,2],[2,-1],[3,-4],[6,10],[2,5],[1,1],[3,7],[1,1]],[[5624,5672],[6,-2],[3,2],[4,-1],[3,2],[5,7],[3,-8],[4,-4],[4,1],[1,-9],[2,1],[2,-5],[4,3],[3,-3],[2,2],[3,5],[2,8],[0,4],[2,4],[1,10],[4,11],[2,-1],[-1,12],[2,5],[3,8],[0,11],[2,7],[0,13],[3,6],[0,15],[1,3],[1,7],[2,4],[0,6],[2,5],[3,3],[1,9],[3,6],[1,0],[2,3],[1,12],[2,3],[0,11],[2,2],[1,8],[2,3],[3,9],[2,9],[6,13],[3,3],[2,1],[2,15],[-1,2],[5,10],[6,6],[1,4],[2,10],[0,5],[1,4],[2,9],[0,9],[2,6],[2,0],[2,7],[4,1],[4,7],[3,0],[2,4],[6,0],[2,5],[1,9],[-2,6],[1,5],[2,-2],[2,7],[4,5],[4,2],[2,-4],[1,-17],[-1,-4],[1,-5],[-2,-21],[0,-13],[3,-6],[6,-2],[3,-9],[-1,-5],[2,-2],[3,1],[1,-3],[5,-8],[2,-1],[3,1],[3,6],[3,-2],[0,3],[3,1],[1,-5],[3,-2],[2,0],[0,-1],[1,0],[0,1]],[[5834,6265],[4,-2],[0,-4],[3,-3],[2,0],[2,-5],[3,-5],[-1,-7],[1,-10],[-1,-15],[1,-12],[-3,-7],[-4,-7],[-3,3],[1,5],[-1,8],[-2,10],[-3,2],[-1,-7],[2,1],[2,-6],[-1,-5],[-4,0],[-3,-6],[0,6],[-3,4],[-1,-1],[-2,6],[-3,4],[-2,-2],[-3,1],[-3,-6],[-2,10],[-2,-4],[0,-5],[-2,-9],[-1,-1],[-1,-5],[-2,-7],[1,-3],[-2,-6],[-4,1],[-2,-9],[-3,-1],[-1,6],[1,9],[-2,6],[3,5],[2,1],[0,11],[2,2],[1,9],[2,3],[0,6],[1,5],[1,1],[4,-2],[2,5],[0,6],[2,3],[2,-2],[3,6],[-2,5],[0,5],[2,2],[3,-1],[1,-13],[2,5],[3,-3],[5,9],[3,9],[3,1]],[[5854,6316],[3,-5],[2,3],[1,-12],[8,-8],[0,-5],[2,2],[0,4],[4,0],[0,5],[3,3],[1,-4],[1,-12],[-1,-8],[2,-5],[-3,-14],[-2,-4],[-4,6],[-2,-3],[-1,3],[-4,-6],[-2,3],[-6,1],[-4,-8],[-4,-4],[-3,3],[0,3],[-2,5],[-2,-1],[-3,9],[-1,10],[-1,0],[-1,4],[1,8],[4,14],[1,3],[6,-1],[0,-5],[2,-3],[1,-6],[4,7],[0,7],[-2,0],[-3,4],[3,6],[2,1]],[[5886,6345],[2,-9],[0,-4],[1,-5],[1,-14],[0,-6],[2,-1],[1,-5],[4,2],[1,-16],[0,-7],[1,-7],[-3,-7],[0,-5],[-2,1],[-2,-3],[-3,9],[-2,4],[-2,-7],[2,-6],[0,-6],[-2,-7],[-1,9],[-1,5],[-3,6],[0,5],[3,0],[1,5],[-3,-1],[-2,17],[0,7],[2,5],[0,4],[-1,5],[2,2],[-1,13],[1,-1],[2,4],[-1,4],[1,9],[2,1]],[[5918,6385],[2,-9],[2,0],[0,-8],[3,7],[3,-3],[0,-8],[1,-3],[4,7],[2,-5],[4,-2],[2,-6],[2,-2],[2,-7],[3,0],[1,-13],[-3,-5],[2,-4],[-3,-11],[4,-11],[-1,-10],[-3,8],[-2,6],[0,8],[-1,2],[-2,8],[0,6],[1,5],[-2,3],[-2,-4],[-1,3],[-1,4],[-4,7],[0,4],[-2,-4],[-2,8],[-1,-8],[-3,4],[-2,4],[-2,2],[-3,9],[-1,14],[3,4]],[[5786,6433],[3,-2],[1,-4],[1,-9],[0,-18],[-1,-6],[-3,-9],[-4,-2],[-1,-3],[-5,3],[-3,7],[-3,11],[0,12],[1,2],[5,12],[2,5],[7,1]],[[5911,6383],[0,-6],[-2,-8],[-2,-5],[5,-4],[1,-8],[2,4],[2,-5],[-1,-4],[3,-2],[0,-10],[-3,2],[2,5],[-5,-3],[-1,-4],[-3,9],[-4,-2],[-2,9],[0,5],[-4,-3],[-1,10],[3,7],[2,6],[4,6],[4,1]],[[5885,6365],[1,-4],[-1,-7],[-3,-4],[-1,3],[-4,-7],[-2,-3],[-3,1],[1,8],[2,4],[4,3],[1,0],[5,6]],[[5893,6349],[-1,-2],[-2,2],[0,7],[1,2],[2,-4],[0,-5]],[[5826,6266],[-1,1],[0,10],[3,-4],[-2,-7]],[[5839,6300],[-2,-7],[-3,-1],[0,6],[5,2]],[[5838,6205],[0,-11],[-3,2],[1,6],[2,3]],[[5816,6071],[-2,-8],[-1,4],[1,4],[2,0]],[[5461,6948],[4,5],[4,2],[12,21],[2,5],[1,11],[0,10],[0,3],[0,8],[-1,14],[-1,2],[0,7],[1,7],[0,9],[3,8],[-1,13],[3,3],[1,4],[2,0],[0,7],[2,3],[5,-2],[2,2],[4,-2],[4,1],[-2,-6],[0,-13],[-1,-7],[0,-12],[-1,-6],[1,-6],[-1,-9],[-1,-4],[0,-6],[-1,-4],[0,-5],[3,-6],[4,-3],[2,17],[1,-1],[0,-12],[0,-8],[2,-4],[1,-13],[2,-5],[4,0],[4,-2],[2,-3],[3,-3],[4,-1],[2,5],[3,4],[5,0],[4,-1],[3,-8],[0,-4],[-1,-7],[5,-4],[5,-2],[0,9],[-4,2],[0,5],[3,11],[2,0],[1,10],[2,6],[-3,4],[0,7],[2,5],[0,8],[-1,4],[2,4],[2,17],[4,9],[-1,8],[2,6],[1,-1],[4,5],[0,9],[2,-8],[3,1],[1,7],[-3,6],[3,7],[2,-1],[1,-7],[3,1],[-1,-7],[4,6],[0,8],[2,4],[1,4],[7,16],[2,2],[3,-1],[1,9],[-1,5],[-2,0],[0,9],[1,4],[-1,8],[-2,9],[-2,3],[1,6],[1,11],[0,5],[0,9],[2,-2],[4,7],[1,1],[2,7],[0,13],[-2,0],[-2,8],[2,22],[-2,4],[0,11],[2,1],[0,6],[-2,4],[0,15],[3,-1],[3,-7],[9,6],[2,3],[0,5],[1,4],[1,5],[2,2],[2,-7],[-4,-5],[0,-9],[1,-6],[3,6],[3,0],[0,13],[3,6],[4,-5],[2,1],[8,-10],[7,-4],[0,-4],[3,-2],[2,-4],[2,4],[1,6],[3,-3],[2,1],[7,-11],[5,-8],[5,-10],[0,-4]],[[5517,7122],[0,-5],[0,-5],[-1,-7],[-1,-2],[-2,1],[-2,6],[-1,6],[1,18],[2,8],[2,3],[3,-4],[0,-9],[-1,-10]],[[5566,7138],[5,-12],[0,-3],[4,-1],[0,-9],[-1,-1],[-1,6],[-2,0],[0,6],[-2,4],[-2,-2],[-5,13],[4,-1]],[[5591,7095],[-3,-5],[-4,1],[0,6],[2,3],[3,0],[2,-5]],[[5624,7314],[-2,-2],[1,8],[1,-6]],[[3639,1832],[1,-11],[-2,-1],[-1,5],[-2,-6],[0,-17],[1,-7],[1,1],[3,-9],[0,-5],[-1,-6],[0,-12],[3,-11],[2,2],[4,-17],[3,-5],[1,-7],[1,0],[5,-5],[0,-14],[-2,-5],[-3,-3],[0,-2],[-11,-1],[-3,-5],[-3,5],[-2,-2],[-1,-7],[-1,-3],[-1,-10],[-2,-2],[2,-8],[2,-5],[1,-19],[-1,-5],[1,-6],[3,-4],[1,-13],[2,-6],[3,1]],[[3643,1607],[-1,-3],[1,-7],[-1,-3],[0,-10],[-3,-7],[-3,5],[0,5],[2,6],[-1,5],[-4,10],[-3,-2],[-1,-8],[1,-6],[0,-5],[-4,0],[-1,-9],[2,-4],[3,-4],[0,-4],[2,-6],[-2,-2],[-1,3],[-3,-7],[-1,5],[-3,-1],[-2,3],[0,6],[-2,0],[-5,5],[0,4],[-2,10],[-3,2],[-1,-6],[-3,5],[-2,-7],[-3,5],[0,4],[-1,4],[-3,4],[-2,-4],[-1,-1],[-3,-10],[-2,-1],[-5,10],[-3,6],[-3,-10],[-2,3],[-2,9],[0,5],[1,5],[0,8],[-4,7],[-2,1],[-3,-12],[-1,5]],[[3625,2515],[4,-7],[4,-4],[5,1],[2,-3],[1,2],[3,-4],[2,-1],[4,-7],[5,-5],[2,0],[5,0],[5,3],[5,5],[4,5],[5,9],[4,0],[3,-6],[1,-13],[5,-13],[1,-11],[5,-20],[4,-10],[2,-3],[4,-3],[1,2],[4,-1],[4,-4],[4,0],[2,3],[4,0]],[[2159,3829],[0,4],[1,14],[4,9],[0,6],[1,3],[0,6],[2,7],[2,-4],[1,-1],[5,-8],[7,0],[3,3],[1,11],[-2,6],[0,13],[-2,1],[0,5],[-3,-4],[-4,6],[-1,-3],[-4,4],[-2,-3],[2,21],[-1,20],[0,14],[2,-1],[-1,11],[0,4],[0,10],[-2,9],[-2,-1],[-8,16],[-2,9],[-1,13]],[[2220,4034],[-1,-14],[-1,-3],[-1,-9],[-5,-4],[0,-21],[-4,1],[-3,-3],[0,-13],[2,-2],[2,1],[1,-3],[4,0],[1,-16],[1,-3],[-1,-4],[2,-5],[4,2],[-1,-8],[-1,4],[-3,-1],[-1,-3],[-1,-7],[1,-5],[3,-1],[2,-5],[4,0],[-1,-12],[2,-5],[1,0],[1,-13],[2,-2],[-2,-5],[-1,-10],[-2,-1],[-1,6],[-5,7],[-1,-8],[-1,1],[-1,-4],[-2,0],[-1,-4],[1,-7],[-2,-5],[-3,-2],[-2,-4],[3,-5],[0,-11],[0,-16],[2,-8],[3,-1],[1,-5],[-1,-9],[0,-9]],[[2349,4059],[0,-10],[0,-2],[2,-17],[-2,-23],[0,-39],[0,-15],[1,-13],[1,-6],[2,-5],[5,-10],[-1,-9],[-1,-8],[3,-2],[3,-12],[3,-6],[3,4],[1,-2],[-2,-21],[-1,-16],[0,-8],[2,-23],[-3,-7],[-2,-11],[0,-11],[1,-6],[1,-8],[2,-2],[3,-8],[-4,-25],[-4,2],[-1,-1]],[[3698,1593],[-1,5],[-6,4],[-4,8],[-2,2],[-4,2],[-2,-4],[1,-6],[-1,-7],[-3,1],[-2,4],[-2,-3],[-4,3],[-3,5],[-3,11],[-2,1],[-2,-2],[-1,-6],[-1,1],[-1,4],[-5,4],[-2,7],[-4,-1],[-2,-8],[2,-2],[-1,-9]],[[5520,4342],[2,-9],[4,-5],[0,-11],[1,-22],[-2,-7],[-5,-12],[-4,-18],[-3,-14],[-1,-7],[-2,-5],[-2,-10],[-2,-15],[0,-6],[-2,-20],[1,-10],[3,-12],[-1,-8],[-2,-6],[2,-8],[2,-7],[-1,-6],[1,-10],[-1,-10],[-5,-23],[2,-7],[1,-10],[4,-5],[2,-2],[0,-5],[2,-9],[0,-7],[-1,-5],[-1,-9],[-1,-11]],[[6208,3405],[3,0],[7,-11],[4,-11],[1,-8],[-1,-14],[-2,-12],[2,-14],[-1,-4],[-2,-1],[-2,-5],[-1,3],[-4,-5],[-3,2],[-7,18],[-1,1],[-2,14],[-1,7],[-1,14],[-1,14],[0,7],[2,5],[6,-1],[4,1]],[[6298,3033],[4,-8],[7,-11],[4,-23],[1,-2],[1,-12],[1,-3],[2,-17],[-1,-8],[-2,-4],[-3,-2],[-2,-3],[-2,9],[1,3],[2,7],[0,7],[-2,7],[-6,1],[-3,5],[-3,1],[-2,10],[-2,7],[1,5],[1,9],[0,7],[1,6],[1,8],[1,1]],[[6237,3270],[2,-2],[2,1],[1,-2],[1,-5],[2,-4],[2,-1],[3,-4],[2,-10],[2,-7],[4,-8],[1,-7],[3,0],[1,-7],[-3,0],[-1,-3],[1,-8],[-1,-5],[-7,5],[-2,13],[-2,5],[-1,9],[-8,16],[-4,21],[2,3]],[[6280,3127],[7,-3],[5,-6],[3,-7],[4,-7],[2,-5],[-4,-5],[-8,-4],[-4,2],[-2,2],[-5,13],[-1,7],[1,9],[2,4]],[[6187,3356],[4,-3],[0,-5],[5,-11],[0,-7],[-4,3],[-1,3],[-4,3],[-2,9],[-2,8],[1,3],[3,-3]],[[6264,3227],[6,-12],[4,-1],[1,-6],[-2,-6],[-2,-2],[-3,3],[-4,2],[-1,3],[0,13],[-1,5],[2,1]],[[6217,3312],[3,-7],[3,-3],[-1,-7],[-2,-1],[-5,4],[-4,8],[-1,3],[3,2],[4,1]],[[6286,3077],[2,-2],[0,-7],[-1,-3],[-4,0],[-4,10],[1,3],[6,-1]],[[6375,3355],[1,-2],[0,-9],[-3,3],[-3,10],[2,4],[3,-6]],[[6272,3231],[1,-2],[-3,-7],[-3,2],[0,3],[3,9],[2,-5]],[[6281,3095],[-1,-3],[-3,0],[0,5],[2,5],[2,-7]],[[6251,3281],[1,-6],[-4,-6],[0,11],[3,1]],[[6237,3242],[-1,-1],[-2,3],[1,4],[3,3],[0,-6],[-1,-3]],[[6431,2886],[-1,2],[0,7],[2,4],[1,-6],[-2,-7]],[[6248,3263],[-2,-5],[-2,4],[4,1]],[[8911,4901],[-1,5],[2,9],[2,1],[2,-2],[6,14],[4,0],[6,2],[3,4],[3,10],[2,-3],[2,4],[5,4],[1,-2],[3,7],[1,1],[3,3],[2,6],[4,15],[2,14],[2,3],[2,14],[2,11],[0,8],[0,13],[0,9],[2,7],[2,27],[4,4],[2,10],[4,6],[-2,6],[1,12],[-1,28],[-1,4],[1,6],[2,11],[3,1],[3,11],[2,3],[3,9],[7,8],[3,0],[4,-5],[0,2],[4,3],[2,0],[3,3],[2,5],[2,0],[2,-11],[3,-8],[3,7],[3,3],[2,8],[1,-4],[-2,-11],[2,-10],[3,-1],[1,-9],[5,3],[2,-3],[2,3],[2,-6],[5,-1],[6,14],[0,5],[2,-1],[4,-8],[2,-3],[1,-7],[2,-2],[2,4],[-2,5],[0,5],[2,5],[4,0],[3,11],[1,-5],[3,3],[1,4],[0,9],[-2,10]],[[8967,5193],[-1,-3],[-2,-3],[-2,2],[2,8],[3,-4]],[[3455,1653],[-6,0],[-2,3],[-7,0],[-2,3]],[[9639,4075],[5,3],[21,14],[3,3],[8,7],[7,3],[14,16],[12,22],[21,106],[24,117],[0,1]]],"transform":{"scale":[0.004601282678267816,0.0016914930593059307],"translate":[95.01117450000008,-11.007241199999953]},"objects":{"idn_admin2":{"type":"GeometryCollection","geometries":[{"arcs":[[0,1,2,3,4]],"type":"Polygon","properties":{"adm2_name":"Aceh Barat","adm2_pcode":"ID1107","adm1_name":"Aceh","adm1_pcode":"ID11"}},{"arcs":[[5,6,7,8]],"type":"Polygon","properties":{"adm2_name":"Aceh Barat Daya","adm2_pcode":"ID1112","adm1_name":"Aceh","adm1_pcode":"ID11"}},{"arcs":[[[9,10,11,12,13]],[[14]],[[15]],[[16]],[[17]]],"type":"MultiPolygon","properties":{"adm2_name":"Aceh Besar","adm2_pcode":"ID1108","adm1_name":"Aceh","adm1_pcode":"ID11"}},{"arcs":[[[-3,18,-11,19]],[[20]]],"type":"MultiPolygon","properties":{"adm2_name":"Aceh Jaya","adm2_pcode":"ID1116","adm1_name":"Aceh","adm1_pcode":"ID11"}},{"arcs":[[-6,21,22,23,24,25]],"type":"Polygon","properties":{"adm2_name":"Aceh Selatan","adm2_pcode":"ID1103","adm1_name":"Aceh","adm1_pcode":"ID11"}},{"arcs":[[[-25,26,27,28,29]],[[30]],[[31]],[[32]],[[33]],[[34]],[[35]],[[36]]],"type":"MultiPolygon","properties":{"adm2_name":"Aceh Singkil","adm2_pcode":"ID1102","adm1_name":"Aceh","adm1_pcode":"ID11"}},{"arcs":[[37,38,39,40,41]],"type":"Polygon","properties":{"adm2_name":"Aceh Tamiang","adm2_pcode":"ID1114","adm1_name":"Aceh","adm1_pcode":"ID11"}},{"arcs":[[-5,42,43,44,45,46,47]],"type":"Polygon","properties":{"adm2_name":"Aceh Tengah","adm2_pcode":"ID1106","adm1_name":"Aceh","adm1_pcode":"ID11"}},{"arcs":[[-23,48,49,50,51,52]],"type":"Polygon","properties":{"adm2_name":"Aceh Tenggara","adm2_pcode":"ID1104","adm1_name":"Aceh","adm1_pcode":"ID11"}},{"arcs":[[[-40,53,-46,54,55,56,57]],[[58]]],"type":"MultiPolygon","properties":{"adm2_name":"Aceh Timur","adm2_pcode":"ID1105","adm1_name":"Aceh","adm1_pcode":"ID11"}},{"arcs":[[-56,59,60,61,62,63]],"type":"Polygon","properties":{"adm2_name":"Aceh Utara","adm2_pcode":"ID1111","adm1_name":"Aceh","adm1_pcode":"ID11"}},{"arcs":[[64,65,66,67,68,69],[70]],"type":"Polygon","properties":{"adm2_name":"Agam","adm2_pcode":"ID1307","adm1_name":"Sumatera Barat","adm1_pcode":"ID13"}},{"arcs":[[[71]],[[72]],[[73]],[[74]],[[75]],[[76]],[[77]],[[78]],[[79]],[[80]],[[81]]],"type":"MultiPolygon","properties":{"adm2_name":"Alor","adm2_pcode":"ID5307","adm1_name":"Nusa Tenggara Timur","adm1_pcode":"ID53"}},{"arcs":[[82,83,84,85,86],[87]],"type":"Polygon","properties":{"adm2_name":"Asahan","adm2_pcode":"ID1208","adm1_name":"Sumatera Utara","adm1_pcode":"ID12"}},{"arcs":[[88,89,90,91,92]],"type":"Polygon","properties":{"adm2_name":"Asmat","adm2_pcode":"ID9415","adm1_name":"Papua Selatan","adm1_pcode":"ID93"}},{"arcs":[[93,94,95,96,97,98]],"type":"Polygon","properties":{"adm2_name":"Badung","adm2_pcode":"ID5103","adm1_name":"Bali","adm1_pcode":"ID51"}},{"arcs":[[99,100,101,102,103]],"type":"Polygon","properties":{"adm2_name":"Balangan","adm2_pcode":"ID6311","adm1_name":"Kalimantan Selatan","adm1_pcode":"ID63"}},{"arcs":[[104,105,106,107,108,109,110,111]],"type":"Polygon","properties":{"adm2_name":"Bandung","adm2_pcode":"ID3204","adm1_name":"Jawa Barat","adm1_pcode":"ID32"}},{"arcs":[[-108,112,113,114,115,-111,116,117]],"type":"Polygon","properties":{"adm2_name":"Bandung Barat","adm2_pcode":"ID3217","adm1_name":"Jawa Barat","adm1_pcode":"ID32"}},{"arcs":[[[118,119,120]],[[121]]],"type":"MultiPolygon","properties":{"adm2_name":"Banggai","adm2_pcode":"ID7202","adm1_name":"Sulawesi Tengah","adm1_pcode":"ID72"}},{"arcs":[[[122]],[[123]]],"type":"MultiPolygon","properties":{"adm2_name":"Banggai Kepulauan","adm2_pcode":"ID7201","adm1_name":"Sulawesi Tengah","adm1_pcode":"ID72"}},{"arcs":[[[124]],[[125]],[[126]],[[127]],[[128]],[[129]],[[130]],[[131]],[[132]],[[133]],[[134]],[[135]],[[136]],[[137]],[[138]],[[139]],[[140]],[[141]],[[142]],[[143]]],"type":"MultiPolygon","properties":{"adm2_name":"Banggai Laut","adm2_pcode":"ID7211","adm1_name":"Sulawesi Tengah","adm1_pcode":"ID72"}},{"arcs":[[144,145,146,147,148]],"type":"Polygon","properties":{"adm2_name":"Bangka","adm2_pcode":"ID1901","adm1_name":"Kepulauan Bangka Belitung","adm1_pcode":"ID19"}},{"arcs":[[-148,149]],"type":"Polygon","properties":{"adm2_name":"Bangka Barat","adm2_pcode":"ID1903","adm1_name":"Kepulauan Bangka Belitung","adm1_pcode":"ID19"}},{"arcs":[[[150,151]],[[152]],[[153]],[[154]],[[155]],[[156]],[[157]]],"type":"MultiPolygon","properties":{"adm2_name":"Bangka Selatan","adm2_pcode":"ID1905","adm1_name":"Kepulauan Bangka Belitung","adm1_pcode":"ID19"}},{"arcs":[[[-146,158,159,-152,160]],[[161]]],"type":"MultiPolygon","properties":{"adm2_name":"Bangka Tengah","adm2_pcode":"ID1904","adm1_name":"Kepulauan Bangka Belitung","adm1_pcode":"ID19"}},{"arcs":[[162,163]],"type":"Polygon","properties":{"adm2_name":"Bangkalan","adm2_pcode":"ID3526","adm1_name":"Jawa Timur","adm1_pcode":"ID35"}},{"arcs":[[-99,164,165,166,167]],"type":"Polygon","properties":{"adm2_name":"Bangli","adm2_pcode":"ID5106","adm1_name":"Bali","adm1_pcode":"ID51"}},{"arcs":[[168,169,170,171,172,173,174,175,176,177,178]],"type":"Polygon","properties":{"adm2_name":"Banjar","adm2_pcode":"ID6303","adm1_name":"Kalimantan Selatan","adm1_pcode":"ID63"}},{"arcs":[[179,180,181,182,183,184]],"type":"Polygon","properties":{"adm2_name":"Banjarnegara","adm2_pcode":"ID3304","adm1_name":"Jawa Tengah","adm1_pcode":"ID33"}},{"arcs":[[185,186,187,188,189]],"type":"Polygon","properties":{"adm2_name":"Bantaeng","adm2_pcode":"ID7303","adm1_name":"Sulawesi Selatan","adm1_pcode":"ID73"}},{"arcs":[[190,191,192,193,194,195]],"type":"Polygon","properties":{"adm2_name":"Bantul","adm2_pcode":"ID3402","adm1_name":"Daerah Istimewa Yogyakarta","adm1_pcode":"ID34"}},{"arcs":[[[196,197,198,199,200,201,202,203,204]],[[205]],[[206]],[[207]],[[208]]],"type":"MultiPolygon","properties":{"adm2_name":"Banyu Asin","adm2_pcode":"ID1607","adm1_name":"Sumatera Selatan","adm1_pcode":"ID16"}},{"arcs":[[-182,209,210,211,212,213,214]],"type":"Polygon","properties":{"adm2_name":"Banyumas","adm2_pcode":"ID3302","adm1_name":"Jawa Tengah","adm1_pcode":"ID33"}},{"arcs":[[215,216,217,218]],"type":"Polygon","properties":{"adm2_name":"Banyuwangi","adm2_pcode":"ID3510","adm1_name":"Jawa Timur","adm1_pcode":"ID35"}},{"arcs":[[-175,219,220,221,222,223,-177,224]],"type":"Polygon","properties":{"adm2_name":"Barito Kuala","adm2_pcode":"ID6304","adm1_name":"Kalimantan Selatan","adm1_pcode":"ID63"}},{"arcs":[[-222,225,226,227,228,229]],"type":"Polygon","properties":{"adm2_name":"Barito Selatan","adm2_pcode":"ID6204","adm1_name":"Kalimantan Tengah","adm1_pcode":"ID62"}},{"arcs":[[-229,230,231]],"type":"Polygon","properties":{"adm2_name":"Barito Timur","adm2_pcode":"ID6212","adm1_name":"Kalimantan Tengah","adm1_pcode":"ID62"}},{"arcs":[[-227,232,233,234,235,236,237]],"type":"Polygon","properties":{"adm2_name":"Barito Utara","adm2_pcode":"ID6205","adm1_name":"Kalimantan Tengah","adm1_pcode":"ID62"}},{"arcs":[[238,239,240,241,242,243]],"type":"Polygon","properties":{"adm2_name":"Barru","adm2_pcode":"ID7310","adm1_name":"Sulawesi Selatan","adm1_pcode":"ID73"}},{"arcs":[[-185,244,245,246,247,248]],"type":"Polygon","properties":{"adm2_name":"Batang","adm2_pcode":"ID3325","adm1_name":"Jawa Tengah","adm1_pcode":"ID33"}},{"arcs":[[249,250,251,252,253]],"type":"Polygon","properties":{"adm2_name":"Batang Hari","adm2_pcode":"ID1504","adm1_name":"Jambi","adm1_pcode":"ID15"}},{"arcs":[[[-86,254,255,256]],[[257,258]]],"type":"MultiPolygon","properties":{"adm2_name":"Batu Bara","adm2_pcode":"ID1219","adm1_name":"Sumatera Utara","adm1_pcode":"ID12"}},{"arcs":[[259,260,261,262,263,264]],"type":"Polygon","properties":{"adm2_name":"Bekasi","adm2_pcode":"ID3216","adm1_name":"Jawa Barat","adm1_pcode":"ID32"}},{"arcs":[[[265,266]],[[267]],[[268]],[[269]],[[270]],[[271]],[[272]],[[273]],[[274]],[[275]],[[276]],[[277]],[[278]]],"type":"MultiPolygon","properties":{"adm2_name":"Belitung","adm2_pcode":"ID1902","adm1_name":"Kepulauan Bangka Belitung","adm1_pcode":"ID19"}},{"arcs":[[[-266,279]],[[280]],[[281]],[[282]],[[283]],[[284]],[[285]],[[286]]],"type":"MultiPolygon","properties":{"adm2_name":"Belitung Timur","adm2_pcode":"ID1906","adm1_name":"Kepulauan Bangka Belitung","adm1_pcode":"ID19"}},{"arcs":[[287,288,289]],"type":"Polygon","properties":{"adm2_name":"Belu","adm2_pcode":"ID5306","adm1_name":"Nusa Tenggara Timur","adm1_pcode":"ID53"}},{"arcs":[[-45,290,-60,-55]],"type":"Polygon","properties":{"adm2_name":"Bener Meriah","adm2_pcode":"ID1117","adm1_name":"Aceh","adm1_pcode":"ID11"}},{"arcs":[[[291,292,293,294,295]],[[296]],[[297]],[[298]],[[299]],[[300]]],"type":"MultiPolygon","properties":{"adm2_name":"Bengkalis","adm2_pcode":"ID1408","adm1_name":"Riau","adm1_pcode":"ID14"}},{"arcs":[[[301,302,303,304,305,306,307]],[[308]],[[309]],[[310]]],"type":"MultiPolygon","properties":{"adm2_name":"Bengkayang","adm2_pcode":"ID6102","adm1_name":"Kalimantan Barat","adm1_pcode":"ID61"}},{"arcs":[[311,312,313,314,315]],"type":"Polygon","properties":{"adm2_name":"Bengkulu Selatan","adm2_pcode":"ID1701","adm1_name":"Bengkulu","adm1_pcode":"ID17"}},{"arcs":[[316,317,318,319,320,321]],"type":"Polygon","properties":{"adm2_name":"Bengkulu Tengah","adm2_pcode":"ID1709","adm1_name":"Bengkulu","adm1_pcode":"ID17"}},{"arcs":[[[-320,322,323,324,325,326]],[[327]]],"type":"MultiPolygon","properties":{"adm2_name":"Bengkulu Utara","adm2_pcode":"ID1703","adm1_name":"Bengkulu","adm1_pcode":"ID17"}},{"arcs":[[[328,329,330,331]],[[332]],[[333]],[[334]],[[335]],[[336]],[[337]],[[338]],[[339]],[[340]],[[341]],[[342]],[[343]],[[344]],[[345]],[[346]],[[347]],[[348]],[[349]],[[350]]],"type":"MultiPolygon","properties":{"adm2_name":"Berau","adm2_pcode":"ID6405","adm1_name":"Kalimantan Timur","adm1_pcode":"ID64"}},{"arcs":[[[351,352]],[[353]],[[354]],[[355]],[[356]],[[357]],[[358]],[[359]],[[360]],[[361]]],"type":"MultiPolygon","properties":{"adm2_name":"Biak Numfor","adm2_pcode":"ID9409","adm1_name":"Papua","adm1_pcode":"ID91"}},{"arcs":[[[362,363,364,365]],[[366,367]],[[368]],[[369]],[[370]],[[371]],[[372]]],"type":"MultiPolygon","properties":{"adm2_name":"Bima","adm2_pcode":"ID5206","adm1_name":"Nusa Tenggara Barat","adm1_pcode":"ID52"}},{"arcs":[[[373,374]],[[375]],[[376]],[[377]],[[378]],[[379]],[[380]],[[381]],[[382]],[[383]],[[384]],[[385]],[[386]],[[387]],[[388]],[[389]],[[390]],[[391]],[[392]],[[393]],[[394]],[[395]],[[396]],[[397]],[[398]],[[399]],[[400]],[[401]]],"type":"MultiPolygon","properties":{"adm2_name":"Bintan","adm2_pcode":"ID2102","adm1_name":"Kepulauan Riau","adm1_pcode":"ID21"}},{"arcs":[[-44,402,403,404,-61,-291]],"type":"Polygon","properties":{"adm2_name":"Bireuen","adm2_pcode":"ID1110","adm1_name":"Aceh","adm1_pcode":"ID11"}},{"arcs":[[405,406,407,408],[409]],"type":"Polygon","properties":{"adm2_name":"Blitar","adm2_pcode":"ID3505","adm1_name":"Jawa Timur","adm1_pcode":"ID35"}},{"arcs":[[410,411,412,413,414,415]],"type":"Polygon","properties":{"adm2_name":"Blora","adm2_pcode":"ID3316","adm1_name":"Jawa Tengah","adm1_pcode":"ID33"}},{"arcs":[[[416,417,418,419]],[[420]]],"type":"MultiPolygon","properties":{"adm2_name":"Boalemo","adm2_pcode":"ID7501","adm1_name":"Gorontalo","adm1_pcode":"ID75"}},{"arcs":[[-261,421,422,423,424,425,426,427,428,429],[430]],"type":"Polygon","properties":{"adm2_name":"Bogor","adm2_pcode":"ID3201","adm1_name":"Jawa Barat","adm1_pcode":"ID32"}},{"arcs":[[-413,431,432,433,434,435,436]],"type":"Polygon","properties":{"adm2_name":"Bojonegoro","adm2_pcode":"ID3522","adm1_name":"Jawa Timur","adm1_pcode":"ID35"}},{"arcs":[[437,438,439,440,441,442,443]],"type":"Polygon","properties":{"adm2_name":"Bolaang Mongondow","adm2_pcode":"ID7101","adm1_name":"Sulawesi Utara","adm1_pcode":"ID71"}},{"arcs":[[-442,444,445,446,447]],"type":"Polygon","properties":{"adm2_name":"Bolaang Mongondow Selatan","adm2_pcode":"ID7110","adm1_name":"Sulawesi Utara","adm1_pcode":"ID71"}},{"arcs":[[-439,448,449,450,451,452,-445,-441,453]],"type":"Polygon","properties":{"adm2_name":"Bolaang Mongondow Timur","adm2_pcode":"ID7111","adm1_name":"Sulawesi Utara","adm1_pcode":"ID71"}},{"arcs":[[-443,-448,454,455,456]],"type":"Polygon","properties":{"adm2_name":"Bolaang Mongondow Utara","adm2_pcode":"ID7107","adm1_name":"Sulawesi Utara","adm1_pcode":"ID71"}},{"arcs":[[[457,458,459,460]],[[461,462]],[[463]],[[464]],[[465]]],"type":"MultiPolygon","properties":{"adm2_name":"Bombana","adm2_pcode":"ID7406","adm1_name":"Sulawesi Tenggara","adm1_pcode":"ID74"}},{"arcs":[[-218,466,467,468]],"type":"Polygon","properties":{"adm2_name":"Bondowoso","adm2_pcode":"ID3511","adm1_name":"Jawa Timur","adm1_pcode":"ID35"}},{"arcs":[[[-242,469,470,471,472,473,474,475]],[[476]],[[477]]],"type":"MultiPolygon","properties":{"adm2_name":"Bone","adm2_pcode":"ID7311","adm1_name":"Sulawesi Selatan","adm1_pcode":"ID73"}},{"arcs":[[-447,478,479,480,481,-455]],"type":"Polygon","properties":{"adm2_name":"Bone Bolango","adm2_pcode":"ID7504","adm1_name":"Gorontalo","adm1_pcode":"ID75"}},{"arcs":[[482,483,484,485,486]],"type":"Polygon","properties":{"adm2_name":"Boven Digoel","adm2_pcode":"ID9413","adm1_name":"Papua Selatan","adm1_pcode":"ID93"}},{"arcs":[[487,488,489,490,491,492,493,494,495,496,497,498]],"type":"Polygon","properties":{"adm2_name":"Boyolali","adm2_pcode":"ID3309","adm1_name":"Jawa Tengah","adm1_pcode":"ID33"}},{"arcs":[[-212,499,500,501,502,503,504]],"type":"Polygon","properties":{"adm2_name":"Brebes","adm2_pcode":"ID3329","adm1_name":"Jawa Tengah","adm1_pcode":"ID33"}},{"arcs":[[-98,505,506,507,508,-165]],"type":"Polygon","properties":{"adm2_name":"Buleleng","adm2_pcode":"ID5108","adm1_name":"Bali","adm1_pcode":"ID51"}},{"arcs":[[[-186,509,510]],[[511]]],"type":"MultiPolygon","properties":{"adm2_name":"Bulukumba","adm2_pcode":"ID7302","adm1_name":"Sulawesi Selatan","adm1_pcode":"ID73"}},{"arcs":[[[-332,512,513,514,515,516]],[[517]],[[518]],[[519]],[[520]],[[521]],[[522]],[[523]],[[524]],[[525]],[[526]],[[527]],[[528]],[[529]],[[530]],[[531]],[[532]],[[533]],[[534]],[[535]],[[536]],[[537]],[[538]],[[539]],[[540]],[[541]],[[542]],[[543]],[[544]],[[545]],[[546]],[[547]],[[548]]],"type":"MultiPolygon","properties":{"adm2_name":"Bulungan","adm2_pcode":"ID6502","adm1_name":"Kalimantan Utara","adm1_pcode":"ID65"}},{"arcs":[[549,550,551,552]],"type":"Polygon","properties":{"adm2_name":"Bungo","adm2_pcode":"ID1509","adm1_name":"Jambi","adm1_pcode":"ID15"}},{"arcs":[[553,554,555,556,557]],"type":"Polygon","properties":{"adm2_name":"Buol","adm2_pcode":"ID7207","adm1_name":"Sulawesi Tengah","adm1_pcode":"ID72"}},{"arcs":[[558,559]],"type":"Polygon","properties":{"adm2_name":"Buru","adm2_pcode":"ID8104","adm1_name":"Maluku","adm1_pcode":"ID81"}},{"arcs":[[[-559,560]],[[561]],[[562]]],"type":"MultiPolygon","properties":{"adm2_name":"Buru Selatan","adm2_pcode":"ID8109","adm1_name":"Maluku","adm1_pcode":"ID81"}},{"arcs":[[[563,564,565,566,567,568]],[[569]]],"type":"MultiPolygon","properties":{"adm2_name":"Buton","adm2_pcode":"ID7401","adm1_name":"Sulawesi Tenggara","adm1_pcode":"ID74"}},{"arcs":[[[-565,570,571]],[[572]],[[573]],[[574]]],"type":"MultiPolygon","properties":{"adm2_name":"Buton Selatan","adm2_pcode":"ID7415","adm1_name":"Sulawesi Tenggara","adm1_pcode":"ID74"}},{"arcs":[[[-462,575]],[[576,577]],[[578]],[[579]]],"type":"MultiPolygon","properties":{"adm2_name":"Buton Tengah","adm2_pcode":"ID7414","adm1_name":"Sulawesi Tenggara","adm1_pcode":"ID74"}},{"arcs":[[[-569,580,581]],[[582]],[[583]],[[584]]],"type":"MultiPolygon","properties":{"adm2_name":"Buton Utara","adm2_pcode":"ID7409","adm1_name":"Sulawesi Tenggara","adm1_pcode":"ID74"}},{"arcs":[[585,586,587,588,589,590,591,592,593]],"type":"Polygon","properties":{"adm2_name":"Ciamis","adm2_pcode":"ID3207","adm1_name":"Jawa Barat","adm1_pcode":"ID32"}},{"arcs":[[-107,594,595,596,-424,597,598,-113]],"type":"Polygon","properties":{"adm2_name":"Cianjur","adm2_pcode":"ID3203","adm1_name":"Jawa Barat","adm1_pcode":"ID32"}},{"arcs":[[-211,599,600,601,-589,602,-587,603,-500]],"type":"Polygon","properties":{"adm2_name":"Cilacap","adm2_pcode":"ID3301","adm1_name":"Jawa Tengah","adm1_pcode":"ID33"}},{"arcs":[[-502,604,605,606,607,608,609]],"type":"Polygon","properties":{"adm2_name":"Cirebon","adm2_pcode":"ID3209","adm1_name":"Jawa Barat","adm1_pcode":"ID32"}},{"arcs":[[-52,610,611,612,613,614]],"type":"Polygon","properties":{"adm2_name":"Dairi","adm2_pcode":"ID1210","adm1_name":"Sumatera Utara","adm1_pcode":"ID12"}},{"arcs":[[615,616]],"type":"Polygon","properties":{"adm2_name":"Danau","adm2_pcode":"ID1388","adm1_name":"Sumatera Barat","adm1_pcode":"ID13"}},{"arcs":[[617,618,619]],"type":"Polygon","properties":{"adm2_name":"Danau","adm2_pcode":"ID1688","adm1_name":"Sumatera Selatan","adm1_pcode":"ID16"}},{"arcs":[[-618,620,621]],"type":"Polygon","properties":{"adm2_name":"Danau","adm2_pcode":"ID1888","adm1_name":"Lampung","adm1_pcode":"ID18"}},{"arcs":[[[-450,622]],[[623]]],"type":"MultiPolygon","properties":{"adm2_name":"Danau","adm2_pcode":"ID7188","adm1_name":"Sulawesi Utara","adm1_pcode":"ID71"}},{"arcs":[[-612,624,625,626,627,628,629],[630],[631]],"type":"Polygon","properties":{"adm2_name":"Danau Toba","adm2_pcode":"ID1288","adm1_name":"Sumatera Utara","adm1_pcode":"ID12"}},{"arcs":[[632,633,634]],"type":"Polygon","properties":{"adm2_name":"Deiyai","adm2_pcode":"ID9436","adm1_name":"Papua Tengah","adm1_pcode":"ID94"}},{"arcs":[[635,636,637,638,639,640,641,642,643]],"type":"Polygon","properties":{"adm2_name":"Deli Serdang","adm2_pcode":"ID1212","adm1_name":"Sumatera Utara","adm1_pcode":"ID12"}},{"arcs":[[644,645,646,647,648,649]],"type":"Polygon","properties":{"adm2_name":"Demak","adm2_pcode":"ID3321","adm1_name":"Jawa Tengah","adm1_pcode":"ID33"}},{"arcs":[[-552,650,651,652,653,654,655]],"type":"Polygon","properties":{"adm2_name":"Dharmasraya","adm2_pcode":"ID1311","adm1_name":"Sumatera Barat","adm1_pcode":"ID13"}},{"arcs":[[-634,656,657,658,659]],"type":"Polygon","properties":{"adm2_name":"Dogiyai","adm2_pcode":"ID9434","adm1_name":"Papua Tengah","adm1_pcode":"ID94"}},{"arcs":[[[-365,660,661,662,-367,663]],[[664]]],"type":"MultiPolygon","properties":{"adm2_name":"Dompu","adm2_pcode":"ID5205","adm1_name":"Nusa Tenggara Barat","adm1_pcode":"ID52"}},{"arcs":[[[665,666,667,668]],[[669,670,671,672]],[[673]],[[674]]],"type":"MultiPolygon","properties":{"adm2_name":"Donggala","adm2_pcode":"ID7205","adm1_name":"Sulawesi Tengah","adm1_pcode":"ID72"}},{"arcs":[[675,676,677,678,679,680]],"type":"Polygon","properties":{"adm2_name":"Empat Lawang","adm2_pcode":"ID1611","adm1_name":"Sumatera Selatan","adm1_pcode":"ID16"}},{"arcs":[[[681,682,683,684]],[[685]]],"type":"MultiPolygon","properties":{"adm2_name":"Ende","adm2_pcode":"ID5311","adm1_name":"Nusa Tenggara Timur","adm1_pcode":"ID53"}},{"arcs":[[686,687,688,689]],"type":"Polygon","properties":{"adm2_name":"Enrekang","adm2_pcode":"ID7316","adm1_name":"Sulawesi Selatan","adm1_pcode":"ID73"}},{"arcs":[[[690,691,692]],[[693]],[[694]],[[695]],[[696]],[[697]],[[698]],[[699]],[[700]]],"type":"MultiPolygon","properties":{"adm2_name":"Fakfak","adm2_pcode":"ID9101","adm1_name":"Papua Barat","adm1_pcode":"ID92"}},{"arcs":[[[701,702]],[[703]],[[704]]],"type":"MultiPolygon","properties":{"adm2_name":"Flores Timur","adm2_pcode":"ID5309","adm1_name":"Nusa Tenggara Timur","adm1_pcode":"ID53"}},{"arcs":[[-106,705,706,707,-595]],"type":"Polygon","properties":{"adm2_name":"Garut","adm2_pcode":"ID3205","adm1_name":"Jawa Barat","adm1_pcode":"ID32"}},{"arcs":[[-9,708,-47,-54,-39,709,-49,-22]],"type":"Polygon","properties":{"adm2_name":"Gayo Lues","adm2_pcode":"ID1113","adm1_name":"Aceh","adm1_pcode":"ID11"}},{"arcs":[[-94,-168,710,711,712]],"type":"Polygon","properties":{"adm2_name":"Gianyar","adm2_pcode":"ID5104","adm1_name":"Bali","adm1_pcode":"ID51"}},{"arcs":[[-417,713,-481,714,715]],"type":"Polygon","properties":{"adm2_name":"Gorontalo","adm2_pcode":"ID7502","adm1_name":"Gorontalo","adm1_pcode":"ID75"}},{"arcs":[[[-420,716,-554,717,-456,-482,-714]],[[718]],[[719]]],"type":"MultiPolygon","properties":{"adm2_name":"Gorontalo Utara","adm2_pcode":"ID7505","adm1_name":"Gorontalo","adm1_pcode":"ID75"}},{"arcs":[[-189,720,721,722,723,-474,724]],"type":"Polygon","properties":{"adm2_name":"Gowa","adm2_pcode":"ID7306","adm1_name":"Sulawesi Selatan","adm1_pcode":"ID73"}},{"arcs":[[[725,726,727,728,729]],[[730]]],"type":"MultiPolygon","properties":{"adm2_name":"Gresik","adm2_pcode":"ID3525","adm1_name":"Jawa Timur","adm1_pcode":"ID35"}},{"arcs":[[-415,731,732,733,-499,734,-646,735,736]],"type":"Polygon","properties":{"adm2_name":"Grobogan","adm2_pcode":"ID3315","adm1_name":"Jawa Tengah","adm1_pcode":"ID33"}},{"arcs":[[-192,737,738,739,740,741]],"type":"Polygon","properties":{"adm2_name":"Gunung Kidul","adm2_pcode":"ID3403","adm1_name":"Daerah Istimewa Yogyakarta","adm1_pcode":"ID34"}},{"arcs":[[742,743,744,745,746,747]],"type":"Polygon","properties":{"adm2_name":"Gunung Mas","adm2_pcode":"ID6211","adm1_name":"Kalimantan Tengah","adm1_pcode":"ID62"}},{"arcs":[[[748,749,750,751]],[[752]],[[753]],[[754]]],"type":"MultiPolygon","properties":{"adm2_name":"Halmahera Barat","adm2_pcode":"ID8201","adm1_name":"Maluku Utara","adm1_pcode":"ID82"}},{"arcs":[[[755]],[[756,757,758]],[[759]],[[760]],[[761]],[[762]],[[763]],[[764]],[[765]],[[766]],[[767]],[[768]],[[769]],[[770]],[[771]],[[772]],[[773]],[[774]],[[775]],[[776]],[[777]],[[778]],[[779]],[[780]],[[781]],[[782]],[[783]],[[784]],[[785]],[[786]],[[787]],[[788]],[[789]],[[790]],[[791]],[[792]],[[793]],[[794]],[[795]],[[796]],[[797]],[[798]],[[799]],[[800]],[[801]],[[802]],[[803]],[[804]],[[805]],[[806]],[[807]]],"type":"MultiPolygon","properties":{"adm2_name":"Halmahera Selatan","adm2_pcode":"ID8204","adm1_name":"Maluku Utara","adm1_pcode":"ID82"}},{"arcs":[[[-758,808,809,810]],[[811]],[[812]],[[813]],[[814]],[[815]],[[816]],[[817]]],"type":"MultiPolygon","properties":{"adm2_name":"Halmahera Tengah","adm2_pcode":"ID8202","adm1_name":"Maluku Utara","adm1_pcode":"ID82"}},{"arcs":[[[-749,818,819,-810,820]],[[821]],[[822]],[[823]]],"type":"MultiPolygon","properties":{"adm2_name":"Halmahera Timur","adm2_pcode":"ID8206","adm1_name":"Maluku Utara","adm1_pcode":"ID82"}},{"arcs":[[[-752,824,-819]],[[825]],[[826]],[[827]],[[828]],[[829]],[[830]],[[831]],[[832]]],"type":"MultiPolygon","properties":{"adm2_name":"Halmahera Utara","adm2_pcode":"ID8205","adm1_name":"Maluku Utara","adm1_pcode":"ID82"}},{"arcs":[[-179,833,834,835,836]],"type":"Polygon","properties":{"adm2_name":"Hulu Sungai Selatan","adm2_pcode":"ID6306","adm1_name":"Kalimantan Selatan","adm1_pcode":"ID63"}},{"arcs":[[-101,837,-836,838]],"type":"Polygon","properties":{"adm2_name":"Hulu Sungai Tengah","adm2_pcode":"ID6307","adm1_name":"Kalimantan Selatan","adm1_pcode":"ID63"}},{"arcs":[[-102,-839,-835,839,-223,-230,-232,840]],"type":"Polygon","properties":{"adm2_name":"Hulu Sungai Utara","adm2_pcode":"ID6308","adm1_name":"Kalimantan Selatan","adm1_pcode":"ID63"}},{"arcs":[[-629,841,842,843,844]],"type":"Polygon","properties":{"adm2_name":"Humbang Hasundutan","adm2_pcode":"ID1215","adm1_name":"Sumatera Utara","adm1_pcode":"ID12"}},{"arcs":[[845,846]],"type":"Polygon","properties":{"adm2_name":"Hutan","adm2_pcode":"ID3399","adm1_name":"Jawa Tengah","adm1_pcode":"ID33"}},{"arcs":[[[847,848,849,850,851]],[[852]],[[853]],[[854]],[[855]],[[856]],[[857]],[[858]],[[859]],[[860]],[[861]],[[862]],[[863]],[[864]]],"type":"MultiPolygon","properties":{"adm2_name":"Indragiri Hilir","adm2_pcode":"ID1403","adm1_name":"Riau","adm1_pcode":"ID14"}},{"arcs":[[-850,865,866,867]],"type":"Polygon","properties":{"adm2_name":"Indragiri Hulu","adm2_pcode":"ID1402","adm1_name":"Riau","adm1_pcode":"ID14"}},{"arcs":[[-607,868,869,870,871]],"type":"Polygon","properties":{"adm2_name":"Indramayu","adm2_pcode":"ID3212","adm1_name":"Jawa Barat","adm1_pcode":"ID32"}},{"arcs":[[872,873,874,875]],"type":"Polygon","properties":{"adm2_name":"Intan Jaya","adm2_pcode":"ID9435","adm1_name":"Papua Tengah","adm1_pcode":"ID94"}},{"arcs":[[876,877,878,879,880,881,882]],"type":"Polygon","properties":{"adm2_name":"Jayapura","adm2_pcode":"ID9403","adm1_name":"Papua","adm1_pcode":"ID91"}},{"arcs":[[883,884,885,886,887]],"type":"Polygon","properties":{"adm2_name":"Jayawijaya","adm2_pcode":"ID9402","adm1_name":"Papua Pegunungan","adm1_pcode":"ID95"}},{"arcs":[[[-217,888,889,890,-467]],[[891]]],"type":"MultiPolygon","properties":{"adm2_name":"Jember","adm2_pcode":"ID3509","adm1_name":"Jawa Timur","adm1_pcode":"ID35"}},{"arcs":[[-507,892,893]],"type":"Polygon","properties":{"adm2_name":"Jembrana","adm2_pcode":"ID5101","adm1_name":"Bali","adm1_pcode":"ID51"}},{"arcs":[[-188,894,895,-721]],"type":"Polygon","properties":{"adm2_name":"Jeneponto","adm2_pcode":"ID7304","adm1_name":"Sulawesi Selatan","adm1_pcode":"ID73"}},{"arcs":[[[-650,896,897,898]],[[899]],[[900]]],"type":"MultiPolygon","properties":{"adm2_name":"Jepara","adm2_pcode":"ID3320","adm1_name":"Jawa Tengah","adm1_pcode":"ID33"}},{"arcs":[[-434,901,902,903,904,905]],"type":"Polygon","properties":{"adm2_name":"Jombang","adm2_pcode":"ID3517","adm1_name":"Jawa Timur","adm1_pcode":"ID35"}},{"arcs":[[[-658,906,907,-691,908,909,910]],[[911]],[[912]],[[913]],[[914]],[[915]],[[916]],[[917]],[[918]],[[919]],[[920]]],"type":"MultiPolygon","properties":{"adm2_name":"Kaimana","adm2_pcode":"ID9102","adm1_name":"Papua Barat","adm1_pcode":"ID92"}},{"arcs":[[[921,922,923,924,925,926,927,928]],[[929]]],"type":"MultiPolygon","properties":{"adm2_name":"Kampar","adm2_pcode":"ID1406","adm1_name":"Riau","adm1_pcode":"ID14"}},{"arcs":[[-221,930,931,-743,932,-233,-226]],"type":"Polygon","properties":{"adm2_name":"Kapuas","adm2_pcode":"ID6203","adm1_name":"Kalimantan Tengah","adm1_pcode":"ID62"}},{"arcs":[[933,934,935,936]],"type":"Polygon","properties":{"adm2_name":"Kapuas Hulu","adm2_pcode":"ID6108","adm1_name":"Kalimantan Barat","adm1_pcode":"ID61"}},{"arcs":[[-166,-509,937,938]],"type":"Polygon","properties":{"adm2_name":"Karang Asem","adm2_pcode":"ID5107","adm1_name":"Bali","adm1_pcode":"ID51"}},{"arcs":[[[-492,939,940,941,942,943,944]],[[-494,945,946]]],"type":"MultiPolygon","properties":{"adm2_name":"Karanganyar","adm2_pcode":"ID3313","adm1_name":"Jawa Tengah","adm1_pcode":"ID33"}},{"arcs":[[-260,947,948,949,-422]],"type":"Polygon","properties":{"adm2_name":"Karawang","adm2_pcode":"ID3215","adm1_name":"Jawa Barat","adm1_pcode":"ID32"}},{"arcs":[[[950]],[[951]],[[952]],[[953]],[[954]],[[955]],[[956]],[[957]],[[958]],[[959]],[[960]],[[961]],[[962]],[[963]],[[964]],[[965]],[[966]],[[967]],[[968]],[[969]],[[970]],[[971]],[[972]],[[973]],[[974]],[[975]],[[976]],[[977]],[[978]]],"type":"MultiPolygon","properties":{"adm2_name":"Karimun","adm2_pcode":"ID2101","adm1_name":"Kepulauan Riau","adm1_pcode":"ID21"}},{"arcs":[[-51,979,-640,980,-625,-611]],"type":"Polygon","properties":{"adm2_name":"Karo","adm2_pcode":"ID1211","adm1_name":"Sumatera Utara","adm1_pcode":"ID12"}},{"arcs":[[[-746,981,982,983,984,985,986,987]],[[988]]],"type":"MultiPolygon","properties":{"adm2_name":"Katingan","adm2_pcode":"ID6209","adm1_name":"Kalimantan Tengah","adm1_pcode":"ID62"}},{"arcs":[[-313,989,990,991,992,993]],"type":"Polygon","properties":{"adm2_name":"Kaur","adm2_pcode":"ID1704","adm1_name":"Bengkulu","adm1_pcode":"ID17"}},{"arcs":[[[994,995,996]],[[997]],[[998]],[[999]],[[1000]],[[1001]],[[1002]],[[1003]],[[1004]],[[1005]]],"type":"MultiPolygon","properties":{"adm2_name":"Kayong Utara","adm2_pcode":"ID6111","adm1_name":"Kalimantan Barat","adm1_pcode":"ID61"}},{"arcs":[[-181,1006,1007,1008,-600,-210]],"type":"Polygon","properties":{"adm2_name":"Kebumen","adm2_pcode":"ID3305","adm1_name":"Jawa Tengah","adm1_pcode":"ID33"}},{"arcs":[[-408,1009,1010,-905,1011],[1012]],"type":"Polygon","properties":{"adm2_name":"Kediri","adm2_pcode":"ID3506","adm1_name":"Jawa Timur","adm1_pcode":"ID35"}},{"arcs":[[-878,1013,1014,1015]],"type":"Polygon","properties":{"adm2_name":"Keerom","adm2_pcode":"ID9420","adm1_name":"Papua","adm1_pcode":"ID91"}},{"arcs":[[-248,1016,1017,1018,-847,1019,1020,1021]],"type":"Polygon","properties":{"adm2_name":"Kendal","adm2_pcode":"ID3324","adm1_name":"Jawa Tengah","adm1_pcode":"ID33"}},{"arcs":[[-322,1022,-680,1023]],"type":"Polygon","properties":{"adm2_name":"Kepahiang","adm2_pcode":"ID1708","adm1_name":"Bengkulu","adm1_pcode":"ID17"}},{"arcs":[[[1024]],[[1025]],[[1026]],[[1027]],[[1028]],[[1029]],[[1030]],[[1031]],[[1032]],[[1033]],[[1034]],[[1035]],[[1036]],[[1037]],[[1038]],[[1039]],[[1040]],[[1041]],[[1042]],[[1043]],[[1044]],[[1045]],[[1046]],[[1047]],[[1048]],[[1049]],[[1050]],[[1051]],[[1052]],[[1053]],[[1054]],[[1055]],[[1056]],[[1057]],[[1058]]],"type":"MultiPolygon","properties":{"adm2_name":"Kepulauan Anambas","adm2_pcode":"ID2105","adm1_name":"Kepulauan Riau","adm1_pcode":"ID21"}},{"arcs":[[[1059]],[[1060]],[[1061]],[[1062]],[[1063]],[[1064]],[[1065]],[[1066]],[[1067]],[[1068]],[[1069]],[[1070]],[[1071]],[[1072]],[[1073]],[[1074]],[[1075]],[[1076]],[[1077]],[[1078]],[[1079]],[[1080]],[[1081]],[[1082]],[[1083]],[[1084]],[[1085]],[[1086]],[[1087]],[[1088]],[[1089]],[[1090]],[[1091]],[[1092]],[[1093]],[[1094]],[[1095]],[[1096]],[[1097]],[[1098]],[[1099]],[[1100]],[[1101]],[[1102]],[[1103]],[[1104]],[[1105]],[[1106]],[[1107]],[[1108]],[[1109]],[[1110]],[[1111]],[[1112]],[[1113]],[[1114]],[[1115]],[[1116]],[[1117]],[[1118]],[[1119]],[[1120]],[[1121]],[[1122]],[[1123]],[[1124]],[[1125]],[[1126]],[[1127]],[[1128]]],"type":"MultiPolygon","properties":{"adm2_name":"Kepulauan Aru","adm2_pcode":"ID8105","adm1_name":"Maluku","adm1_pcode":"ID81"}},{"arcs":[[[1129]],[[1130]],[[1131]],[[1132]],[[1133]],[[1134]],[[1135]],[[1136]],[[1137]],[[1138]],[[1139]],[[1140]],[[1141]],[[1142]],[[1143]],[[1144]],[[1145]],[[1146]],[[1147]]],"type":"MultiPolygon","properties":{"adm2_name":"Kepulauan Mentawai","adm2_pcode":"ID1301","adm1_name":"Sumatera Barat","adm1_pcode":"ID13"}},{"arcs":[[[1148]],[[1149]],[[1150]],[[1151]],[[1152]],[[1153]]],"type":"MultiPolygon","properties":{"adm2_name":"Kepulauan Meranti","adm2_pcode":"ID1410","adm1_name":"Riau","adm1_pcode":"ID14"}},{"arcs":[[[1154]],[[1155]],[[1156]],[[1157]],[[1158]],[[1159]],[[1160]],[[1161]],[[1162]],[[1163]]],"type":"MultiPolygon","properties":{"adm2_name":"Kepulauan Sangihe","adm2_pcode":"ID7103","adm1_name":"Sulawesi Utara","adm1_pcode":"ID71"}},{"arcs":[[[1164]],[[1165]],[[1166]],[[1167]],[[1168]],[[1169]],[[1170]],[[1171]],[[1172]],[[1173]],[[1174]],[[1175]],[[1176]],[[1177]],[[1178]],[[1179]],[[1180]],[[1181]],[[1182]],[[1183]]],"type":"MultiPolygon","properties":{"adm2_name":"Kepulauan Selayar","adm2_pcode":"ID7301","adm1_name":"Sulawesi Selatan","adm1_pcode":"ID73"}},{"arcs":[[1184]],"type":"Polygon","properties":{"adm2_name":"Kepulauan Seribu","adm2_pcode":"ID3101","adm1_name":"Dki Jakarta","adm1_pcode":"ID31"}},{"arcs":[[[1185]],[[1186]],[[1187]],[[1188]],[[1189]]],"type":"MultiPolygon","properties":{"adm2_name":"Kepulauan Sula","adm2_pcode":"ID8203","adm1_name":"Maluku Utara","adm1_pcode":"ID82"}},{"arcs":[[[1190]],[[1191]],[[1192]],[[1193]],[[1194]],[[1195]],[[1196]],[[1197]]],"type":"MultiPolygon","properties":{"adm2_name":"Kepulauan Talaud","adm2_pcode":"ID7104","adm1_name":"Sulawesi Utara","adm1_pcode":"ID71"}},{"arcs":[[[1198]],[[1199]],[[1200]],[[1201]],[[1202]],[[1203]],[[1204]],[[1205]]],"type":"MultiPolygon","properties":{"adm2_name":"Kepulauan Yapen","adm2_pcode":"ID9408","adm1_name":"Papua","adm1_pcode":"ID91"}},{"arcs":[[-551,1206,1207,1208,1209,1210,1211,-651]],"type":"Polygon","properties":{"adm2_name":"Kerinci","adm2_pcode":"ID1501","adm1_name":"Jambi","adm1_pcode":"ID15"}},{"arcs":[[[-997,1212,1213,1214,1215,1216,1217,1218,1219]],[[1220]],[[1221]]],"type":"MultiPolygon","properties":{"adm2_name":"Ketapang","adm2_pcode":"ID6106","adm1_name":"Kalimantan Barat","adm1_pcode":"ID61"}},{"arcs":[[-496,1222,-739,1223]],"type":"Polygon","properties":{"adm2_name":"Klaten","adm2_pcode":"ID3310","adm1_name":"Jawa Tengah","adm1_pcode":"ID33"}},{"arcs":[[[-167,-939,1224,-711]],[[1225]],[[1226]],[[1227]]],"type":"MultiPolygon","properties":{"adm2_name":"Klungkung","adm2_pcode":"ID5105","adm1_name":"Bali","adm1_pcode":"ID51"}},{"arcs":[[[-460,1228,1229,1230]],[[1231]],[[1232]],[[1233]]],"type":"MultiPolygon","properties":{"adm2_name":"Kolaka","adm2_pcode":"ID7404","adm1_name":"Sulawesi Tenggara","adm1_pcode":"ID74"}},{"arcs":[[-461,-1231,1234,1235,1236,1237]],"type":"Polygon","properties":{"adm2_name":"Kolaka Timur","adm2_pcode":"ID7411","adm1_name":"Sulawesi Tenggara","adm1_pcode":"ID74"}},{"arcs":[[-1230,1238,1239,1240,1241,-1235]],"type":"Polygon","properties":{"adm2_name":"Kolaka Utara","adm2_pcode":"ID7408","adm1_name":"Sulawesi Tenggara","adm1_pcode":"ID74"}},{"arcs":[[[-1237,1242,1243,1244,1245]],[[-1241,1246,1247,1248]],[[1249]],[[1250]]],"type":"MultiPolygon","properties":{"adm2_name":"Konawe","adm2_pcode":"ID7403","adm1_name":"Sulawesi Tenggara","adm1_pcode":"ID74"}},{"arcs":[[1251]],"type":"Polygon","properties":{"adm2_name":"Konawe Kepulauan","adm2_pcode":"ID7412","adm1_name":"Sulawesi Tenggara","adm1_pcode":"ID74"}},{"arcs":[[-458,-1238,-1246,1252,1253]],"type":"Polygon","properties":{"adm2_name":"Konawe Selatan","adm2_pcode":"ID7405","adm1_name":"Sulawesi Tenggara","adm1_pcode":"ID74"}},{"arcs":[[[-1236,-1242,-1249,1254,1255,-1243]],[[1256]],[[1257]]],"type":"MultiPolygon","properties":{"adm2_name":"Konawe Utara","adm2_pcode":"ID7410","adm1_name":"Sulawesi Tenggara","adm1_pcode":"ID74"}},{"arcs":[[1258,1259]],"type":"Polygon","properties":{"adm2_name":"Kota Ambon","adm2_pcode":"ID8171","adm1_name":"Maluku","adm1_pcode":"ID81"}},{"arcs":[[1260,1261,1262]],"type":"Polygon","properties":{"adm2_name":"Kota Balikpapan","adm2_pcode":"ID6471","adm1_name":"Kalimantan Timur","adm1_pcode":"ID64"}},{"arcs":[[-13,1263]],"type":"Polygon","properties":{"adm2_name":"Kota Banda Aceh","adm2_pcode":"ID1171","adm1_name":"Aceh","adm1_pcode":"ID11"}},{"arcs":[[1264,1265,1266]],"type":"Polygon","properties":{"adm2_name":"Kota Bandar Lampung","adm2_pcode":"ID1871","adm1_name":"Lampung","adm1_pcode":"ID18"}},{"arcs":[[-110,1267,-117]],"type":"Polygon","properties":{"adm2_name":"Kota Bandung","adm2_pcode":"ID3273","adm1_name":"Jawa Barat","adm1_pcode":"ID32"}},{"arcs":[[-588,-603]],"type":"Polygon","properties":{"adm2_name":"Kota Banjar","adm2_pcode":"ID3279","adm1_name":"Jawa Barat","adm1_pcode":"ID32"}},{"arcs":[[-172,1268]],"type":"Polygon","properties":{"adm2_name":"Kota Banjar Baru","adm2_pcode":"ID6372","adm1_name":"Kalimantan Selatan","adm1_pcode":"ID63"}},{"arcs":[[-176,-225]],"type":"Polygon","properties":{"adm2_name":"Kota Banjarmasin","adm2_pcode":"ID6371","adm1_name":"Kalimantan Selatan","adm1_pcode":"ID63"}},{"arcs":[[[-100,1269,1270,1271,-169,-837,-838]],[[1272]],[[1273]],[[1274]],[[1275]],[[1276]],[[1277]],[[1278]],[[1279]],[[1280]],[[1281]],[[1282]],[[1283]],[[1284]],[[1285]],[[1286]],[[1287]],[[1288]]],"type":"MultiPolygon","properties":{"adm2_name":"Kota Baru","adm2_pcode":"ID6302","adm1_name":"Kalimantan Selatan","adm1_pcode":"ID63"}},{"arcs":[[[1289],[1290]],[[1291]],[[1292]],[[1293]],[[1294]],[[1295]],[[1296]],[[1297]],[[1298]],[[1299]],[[1300]],[[1301]],[[1302]],[[1303]],[[1304]],[[1305]],[[1306]],[[1307]],[[1308]],[[1309]],[[1310]],[[1311]],[[1312]],[[1313]],[[1314]],[[1315]],[[1316]],[[1317]],[[1318]],[[1319]],[[1320]]],"type":"MultiPolygon","properties":{"adm2_name":"Kota Batam","adm2_pcode":"ID2171","adm1_name":"Kepulauan Riau","adm1_pcode":"ID21"}},{"arcs":[[1321,1322,1323]],"type":"Polygon","properties":{"adm2_name":"Kota Batu","adm2_pcode":"ID3579","adm1_name":"Jawa Timur","adm1_pcode":"ID35"}},{"arcs":[[-566,-572,1324]],"type":"Polygon","properties":{"adm2_name":"Kota Baubau","adm2_pcode":"ID7472","adm1_name":"Sulawesi Tenggara","adm1_pcode":"ID74"}},{"arcs":[[-262,-430,1325,1326]],"type":"Polygon","properties":{"adm2_name":"Kota Bekasi","adm2_pcode":"ID3275","adm1_name":"Jawa Barat","adm1_pcode":"ID32"}},{"arcs":[[-318,1327,1328]],"type":"Polygon","properties":{"adm2_name":"Kota Bengkulu","adm2_pcode":"ID1771","adm1_name":"Bengkulu","adm1_pcode":"ID17"}},{"arcs":[[-363,1329]],"type":"Polygon","properties":{"adm2_name":"Kota Bima","adm2_pcode":"ID5272","adm1_name":"Nusa Tenggara Barat","adm1_pcode":"ID52"}},{"arcs":[[-642,1330]],"type":"Polygon","properties":{"adm2_name":"Kota Binjai","adm2_pcode":"ID1276","adm1_name":"Sumatera Utara","adm1_pcode":"ID12"}},{"arcs":[[[1331,1332]],[[1333]]],"type":"MultiPolygon","properties":{"adm2_name":"Kota Bitung","adm2_pcode":"ID7172","adm1_name":"Sulawesi Utara","adm1_pcode":"ID71"}},{"arcs":[[-410]],"type":"Polygon","properties":{"adm2_name":"Kota Blitar","adm2_pcode":"ID3572","adm1_name":"Jawa Timur","adm1_pcode":"ID35"}},{"arcs":[[-431]],"type":"Polygon","properties":{"adm2_name":"Kota Bogor","adm2_pcode":"ID3271","adm1_name":"Jawa Barat","adm1_pcode":"ID32"}},{"arcs":[[1334,1335,1336]],"type":"Polygon","properties":{"adm2_name":"Kota Bontang","adm2_pcode":"ID6474","adm1_name":"Kalimantan Timur","adm1_pcode":"ID64"}},{"arcs":[[-71]],"type":"Polygon","properties":{"adm2_name":"Kota Bukittinggi","adm2_pcode":"ID1375","adm1_name":"Sumatera Barat","adm1_pcode":"ID13"}},{"arcs":[[1337,1338]],"type":"Polygon","properties":{"adm2_name":"Kota Cilegon","adm2_pcode":"ID3672","adm1_name":"Banten","adm1_pcode":"ID36"}},{"arcs":[[-109,-118,-1268]],"type":"Polygon","properties":{"adm2_name":"Kota Cimahi","adm2_pcode":"ID3277","adm1_name":"Jawa Barat","adm1_pcode":"ID32"}},{"arcs":[[-609,1339]],"type":"Polygon","properties":{"adm2_name":"Kota Cirebon","adm2_pcode":"ID3274","adm1_name":"Jawa Barat","adm1_pcode":"ID32"}},{"arcs":[[-95,-713,1340]],"type":"Polygon","properties":{"adm2_name":"Kota Denpasar","adm2_pcode":"ID5171","adm1_name":"Bali","adm1_pcode":"ID51"}},{"arcs":[[-429,1341,1342,1343,-1326]],"type":"Polygon","properties":{"adm2_name":"Kota Depok","adm2_pcode":"ID3276","adm1_name":"Jawa Barat","adm1_pcode":"ID32"}},{"arcs":[[-295,1344,1345]],"type":"Polygon","properties":{"adm2_name":"Kota Dumai","adm2_pcode":"ID1473","adm1_name":"Riau","adm1_pcode":"ID14"}},{"arcs":[[-480,1346,-715]],"type":"Polygon","properties":{"adm2_name":"Kota Gorontalo","adm2_pcode":"ID7571","adm1_name":"Gorontalo","adm1_pcode":"ID75"}},{"arcs":[[[1347,1348,1349]],[[1350]]],"type":"MultiPolygon","properties":{"adm2_name":"Kota Gunungsitoli","adm2_pcode":"ID1278","adm1_name":"Sumatera Utara","adm1_pcode":"ID12"}},{"arcs":[[1351,1352,1353,1354,1355]],"type":"Polygon","properties":{"adm2_name":"Kota Jakarta Barat","adm2_pcode":"ID3174","adm1_name":"Dki Jakarta","adm1_pcode":"ID31"}},{"arcs":[[-1353,1356,1357,1358]],"type":"Polygon","properties":{"adm2_name":"Kota Jakarta Pusat","adm2_pcode":"ID3173","adm1_name":"Dki Jakarta","adm1_pcode":"ID31"}},{"arcs":[[-1343,1359,1360,-1354,-1359,1361]],"type":"Polygon","properties":{"adm2_name":"Kota Jakarta Selatan","adm2_pcode":"ID3171","adm1_name":"Dki Jakarta","adm1_pcode":"ID31"}},{"arcs":[[-263,-1327,-1344,-1362,-1358,1362]],"type":"Polygon","properties":{"adm2_name":"Kota Jakarta Timur","adm2_pcode":"ID3172","adm1_name":"Dki Jakarta","adm1_pcode":"ID31"}},{"arcs":[[-264,-1363,-1357,-1352,1363,1364]],"type":"Polygon","properties":{"adm2_name":"Kota Jakarta Utara","adm2_pcode":"ID3175","adm1_name":"Dki Jakarta","adm1_pcode":"ID31"}},{"arcs":[[1365]],"type":"Polygon","properties":{"adm2_name":"Kota Jambi","adm2_pcode":"ID1571","adm1_name":"Jambi","adm1_pcode":"ID15"}},{"arcs":[[-877,1366,-1014]],"type":"Polygon","properties":{"adm2_name":"Kota Jayapura","adm2_pcode":"ID9471","adm1_name":"Papua","adm1_pcode":"ID91"}},{"arcs":[[-1013]],"type":"Polygon","properties":{"adm2_name":"Kota Kediri","adm2_pcode":"ID3571","adm1_name":"Jawa Timur","adm1_pcode":"ID35"}},{"arcs":[[[-1245,1367,-1253]],[[1368]]],"type":"MultiPolygon","properties":{"adm2_name":"Kota Kendari","adm2_pcode":"ID7471","adm1_name":"Sulawesi Tenggara","adm1_pcode":"ID74"}},{"arcs":[[-440,-454]],"type":"Polygon","properties":{"adm2_name":"Kota Kotamobagu","adm2_pcode":"ID7174","adm1_name":"Sulawesi Utara","adm1_pcode":"ID71"}},{"arcs":[[1369,1370]],"type":"Polygon","properties":{"adm2_name":"Kota Kupang","adm2_pcode":"ID5371","adm1_name":"Nusa Tenggara Timur","adm1_pcode":"ID53"}},{"arcs":[[-41,-58,1371]],"type":"Polygon","properties":{"adm2_name":"Kota Langsa","adm2_pcode":"ID1173","adm1_name":"Aceh","adm1_pcode":"ID11"}},{"arcs":[[-63,1372]],"type":"Polygon","properties":{"adm2_name":"Kota Lhokseumawe","adm2_pcode":"ID1174","adm1_name":"Aceh","adm1_pcode":"ID11"}},{"arcs":[[1373,1374]],"type":"Polygon","properties":{"adm2_name":"Kota Lubuklinggau","adm2_pcode":"ID1674","adm1_name":"Sumatera Selatan","adm1_pcode":"ID16"}},{"arcs":[[1375,1376]],"type":"Polygon","properties":{"adm2_name":"Kota Madiun","adm2_pcode":"ID3577","adm1_name":"Jawa Timur","adm1_pcode":"ID35"}},{"arcs":[[1377]],"type":"Polygon","properties":{"adm2_name":"Kota Magelang","adm2_pcode":"ID3371","adm1_name":"Jawa Tengah","adm1_pcode":"ID33"}},{"arcs":[[-723,1378,1379,1380]],"type":"Polygon","properties":{"adm2_name":"Kota Makassar","adm2_pcode":"ID7371","adm1_name":"Sulawesi Selatan","adm1_pcode":"ID73"}},{"arcs":[[1381]],"type":"Polygon","properties":{"adm2_name":"Kota Malang","adm2_pcode":"ID3573","adm1_name":"Jawa Timur","adm1_pcode":"ID35"}},{"arcs":[[[1382,1383,1384]],[[1385]],[[1386]]],"type":"MultiPolygon","properties":{"adm2_name":"Kota Manado","adm2_pcode":"ID7171","adm1_name":"Sulawesi Utara","adm1_pcode":"ID71"}},{"arcs":[[1387,1388]],"type":"Polygon","properties":{"adm2_name":"Kota Mataram","adm2_pcode":"ID5271","adm1_name":"Nusa Tenggara Barat","adm1_pcode":"ID52"}},{"arcs":[[-636,1389]],"type":"Polygon","properties":{"adm2_name":"Kota Medan","adm2_pcode":"ID1275","adm1_name":"Sumatera Utara","adm1_pcode":"ID12"}},{"arcs":[[1390,1391]],"type":"Polygon","properties":{"adm2_name":"Kota Metro","adm2_pcode":"ID1872","adm1_name":"Lampung","adm1_pcode":"ID18"}},{"arcs":[[1392]],"type":"Polygon","properties":{"adm2_name":"Kota Mojokerto","adm2_pcode":"ID3576","adm1_name":"Jawa Timur","adm1_pcode":"ID35"}},{"arcs":[[1393,1394,1395,1396,1397,1398]],"type":"Polygon","properties":{"adm2_name":"Kota Padang","adm2_pcode":"ID1371","adm1_name":"Sumatera Barat","adm1_pcode":"ID13"}},{"arcs":[[1399]],"type":"Polygon","properties":{"adm2_name":"Kota Padang Panjang","adm2_pcode":"ID1374","adm1_name":"Sumatera Barat","adm1_pcode":"ID13"}},{"arcs":[[1400]],"type":"Polygon","properties":{"adm2_name":"Kota Padangsidimpuan","adm2_pcode":"ID1277","adm1_name":"Sumatera Utara","adm1_pcode":"ID12"}},{"arcs":[[-312,1401,1402,1403,-990]],"type":"Polygon","properties":{"adm2_name":"Kota Pagar Alam","adm2_pcode":"ID1673","adm1_name":"Sumatera Selatan","adm1_pcode":"ID16"}},{"arcs":[[-745,1404,-982]],"type":"Polygon","properties":{"adm2_name":"Kota Palangka Raya","adm2_pcode":"ID6271","adm1_name":"Kalimantan Tengah","adm1_pcode":"ID62"}},{"arcs":[[-200,1405,1406]],"type":"Polygon","properties":{"adm2_name":"Kota Palembang","adm2_pcode":"ID1671","adm1_name":"Sumatera Selatan","adm1_pcode":"ID16"}},{"arcs":[[1407,1408,1409,1410]],"type":"Polygon","properties":{"adm2_name":"Kota Palopo","adm2_pcode":"ID7373","adm1_name":"Sulawesi Selatan","adm1_pcode":"ID73"}},{"arcs":[[-668,1411,1412,-670,1413]],"type":"Polygon","properties":{"adm2_name":"Kota Palu","adm2_pcode":"ID7271","adm1_name":"Sulawesi Tengah","adm1_pcode":"ID72"}},{"arcs":[[-145,1414,-159]],"type":"Polygon","properties":{"adm2_name":"Kota Pangkal Pinang","adm2_pcode":"ID1971","adm1_name":"Kepulauan Bangka Belitung","adm1_pcode":"ID19"}},{"arcs":[[-239,1415,1416,1417]],"type":"Polygon","properties":{"adm2_name":"Kota Parepare","adm2_pcode":"ID7372","adm1_name":"Sulawesi Selatan","adm1_pcode":"ID73"}},{"arcs":[[1418,1419]],"type":"Polygon","properties":{"adm2_name":"Kota Pariaman","adm2_pcode":"ID1377","adm1_name":"Sumatera Barat","adm1_pcode":"ID13"}},{"arcs":[[1420,1421]],"type":"Polygon","properties":{"adm2_name":"Kota Pasuruan","adm2_pcode":"ID3575","adm1_name":"Jawa Timur","adm1_pcode":"ID35"}},{"arcs":[[1422]],"type":"Polygon","properties":{"adm2_name":"Kota Payakumbuh","adm2_pcode":"ID1376","adm1_name":"Sumatera Barat","adm1_pcode":"ID13"}},{"arcs":[[-246,1423,1424]],"type":"Polygon","properties":{"adm2_name":"Kota Pekalongan","adm2_pcode":"ID3375","adm1_name":"Jawa Tengah","adm1_pcode":"ID33"}},{"arcs":[[-924,1425,1426]],"type":"Polygon","properties":{"adm2_name":"Kota Pekanbaru","adm2_pcode":"ID1471","adm1_name":"Riau","adm1_pcode":"ID14"}},{"arcs":[[1427]],"type":"Polygon","properties":{"adm2_name":"Kota Pematang Siantar","adm2_pcode":"ID1273","adm1_name":"Sumatera Utara","adm1_pcode":"ID12"}},{"arcs":[[[1428,1429]],[[1430,1431,1432]],[[1433,1434]]],"type":"MultiPolygon","properties":{"adm2_name":"Kota Pontianak","adm2_pcode":"ID6171","adm1_name":"Kalimantan Barat","adm1_pcode":"ID61"}},{"arcs":[[1435,1436,1437,1438]],"type":"Polygon","properties":{"adm2_name":"Kota Prabumulih","adm2_pcode":"ID1672","adm1_name":"Sumatera Selatan","adm1_pcode":"ID16"}},{"arcs":[[1439,1440]],"type":"Polygon","properties":{"adm2_name":"Kota Probolinggo","adm2_pcode":"ID3574","adm1_name":"Jawa Timur","adm1_pcode":"ID35"}},{"arcs":[[1441]],"type":"Polygon","properties":{"adm2_name":"Kota Sabang","adm2_pcode":"ID1172","adm1_name":"Aceh","adm1_pcode":"ID11"}},{"arcs":[[1442]],"type":"Polygon","properties":{"adm2_name":"Kota Salatiga","adm2_pcode":"ID3373","adm1_name":"Jawa Tengah","adm1_pcode":"ID33"}},{"arcs":[[1443,1444]],"type":"Polygon","properties":{"adm2_name":"Kota Samarinda","adm2_pcode":"ID6472","adm1_name":"Kalimantan Timur","adm1_pcode":"ID64"}},{"arcs":[[1445,1446,1447]],"type":"Polygon","properties":{"adm2_name":"Kota Sawah Lunto","adm2_pcode":"ID1373","adm1_name":"Sumatera Barat","adm1_pcode":"ID13"}},{"arcs":[[-648,1448,-1018,1449]],"type":"Polygon","properties":{"adm2_name":"Kota Semarang","adm2_pcode":"ID3374","adm1_name":"Jawa Tengah","adm1_pcode":"ID33"}},{"arcs":[[1450,1451]],"type":"Polygon","properties":{"adm2_name":"Kota Serang","adm2_pcode":"ID3673","adm1_name":"Banten","adm1_pcode":"ID36"}},{"arcs":[[1452,1453]],"type":"Polygon","properties":{"adm2_name":"Kota Sibolga","adm2_pcode":"ID1271","adm1_name":"Sumatera Utara","adm1_pcode":"ID12"}},{"arcs":[[-306,1454,1455]],"type":"Polygon","properties":{"adm2_name":"Kota Singkawang","adm2_pcode":"ID6172","adm1_name":"Kalimantan Barat","adm1_pcode":"ID61"}},{"arcs":[[-1395,1456]],"type":"Polygon","properties":{"adm2_name":"Kota Solok","adm2_pcode":"ID1372","adm1_name":"Sumatera Barat","adm1_pcode":"ID13"}},{"arcs":[[[1457,1458]],[[1459]]],"type":"MultiPolygon","properties":{"adm2_name":"Kota Sorong","adm2_pcode":"ID9171","adm1_name":"Papua Barat Daya","adm1_pcode":"ID96"}},{"arcs":[[-24,-53,-615,1460,-27]],"type":"Polygon","properties":{"adm2_name":"Kota Subulussalam","adm2_pcode":"ID1175","adm1_name":"Aceh","adm1_pcode":"ID11"}},{"arcs":[[1461]],"type":"Polygon","properties":{"adm2_name":"Kota Sukabumi","adm2_pcode":"ID3272","adm1_name":"Jawa Barat","adm1_pcode":"ID32"}},{"arcs":[[-1210,1462]],"type":"Polygon","properties":{"adm2_name":"Kota Sungai Penuh","adm2_pcode":"ID1572","adm1_name":"Jambi","adm1_pcode":"ID15"}},{"arcs":[[-726,1463,1464]],"type":"Polygon","properties":{"adm2_name":"Kota Surabaya","adm2_pcode":"ID3578","adm1_name":"Jawa Timur","adm1_pcode":"ID35"}},{"arcs":[[-493,-945,1465,-946]],"type":"Polygon","properties":{"adm2_name":"Kota Surakarta","adm2_pcode":"ID3372","adm1_name":"Jawa Tengah","adm1_pcode":"ID33"}},{"arcs":[[-1355,-1361,1466,1467]],"type":"Polygon","properties":{"adm2_name":"Kota Tangerang","adm2_pcode":"ID3671","adm1_name":"Banten","adm1_pcode":"ID36"}},{"arcs":[[-428,1468,-1467,-1360,-1342]],"type":"Polygon","properties":{"adm2_name":"Kota Tangerang Selatan","adm2_pcode":"ID3674","adm1_name":"Banten","adm1_pcode":"ID36"}},{"arcs":[[-88]],"type":"Polygon","properties":{"adm2_name":"Kota Tanjung Balai","adm2_pcode":"ID1272","adm1_name":"Sumatera Utara","adm1_pcode":"ID12"}},{"arcs":[[[-374,1469]],[[1470]]],"type":"MultiPolygon","properties":{"adm2_name":"Kota Tanjung Pinang","adm2_pcode":"ID2172","adm1_name":"Kepulauan Riau","adm1_pcode":"ID21"}},{"arcs":[[1471]],"type":"Polygon","properties":{"adm2_name":"Kota Tarakan","adm2_pcode":"ID6571","adm1_name":"Kalimantan Utara","adm1_pcode":"ID65"}},{"arcs":[[-592,1472]],"type":"Polygon","properties":{"adm2_name":"Kota Tasikmalaya","adm2_pcode":"ID3278","adm1_name":"Jawa Barat","adm1_pcode":"ID32"}},{"arcs":[[1473]],"type":"Polygon","properties":{"adm2_name":"Kota Tebing Tinggi","adm2_pcode":"ID1274","adm1_name":"Sumatera Utara","adm1_pcode":"ID12"}},{"arcs":[[-504,1474,1475]],"type":"Polygon","properties":{"adm2_name":"Kota Tegal","adm2_pcode":"ID3376","adm1_name":"Jawa Tengah","adm1_pcode":"ID33"}},{"arcs":[[[1476]],[[1477]],[[1478]],[[1479]],[[1480]]],"type":"MultiPolygon","properties":{"adm2_name":"Kota Ternate","adm2_pcode":"ID8271","adm1_name":"Maluku Utara","adm1_pcode":"ID82"}},{"arcs":[[[-750,-821,-809,-757,1481]],[[1482]],[[1483]],[[1484]]],"type":"MultiPolygon","properties":{"adm2_name":"Kota Tidore Kepulauan","adm2_pcode":"ID8272","adm1_name":"Maluku Utara","adm1_pcode":"ID82"}},{"arcs":[[1485]],"type":"Polygon","properties":{"adm2_name":"Kota Tomohon","adm2_pcode":"ID7173","adm1_name":"Sulawesi Utara","adm1_pcode":"ID71"}},{"arcs":[[[1486]],[[1487]],[[1488]],[[1489]],[[1490]],[[1491]],[[1492]],[[1493]],[[1494]],[[1495]],[[1496]],[[1497]],[[1498]],[[1499]]],"type":"MultiPolygon","properties":{"adm2_name":"Kota Tual","adm2_pcode":"ID8172","adm1_name":"Maluku","adm1_pcode":"ID81"}},{"arcs":[[-196,1500]],"type":"Polygon","properties":{"adm2_name":"Kota Yogyakarta","adm2_pcode":"ID3471","adm1_name":"Daerah Istimewa Yogyakarta","adm1_pcode":"ID34"}},{"arcs":[[1501,1502,1503,1504]],"type":"Polygon","properties":{"adm2_name":"Kotawaringin Barat","adm2_pcode":"ID6201","adm1_name":"Kalimantan Tengah","adm1_pcode":"ID62"}},{"arcs":[[-985,1505,1506]],"type":"Polygon","properties":{"adm2_name":"Kotawaringin Timur","adm2_pcode":"ID6202","adm1_name":"Kalimantan Tengah","adm1_pcode":"ID62"}},{"arcs":[[-655,1507,-926,1508,-867,1509]],"type":"Polygon","properties":{"adm2_name":"Kuantan Singingi","adm2_pcode":"ID1401","adm1_name":"Riau","adm1_pcode":"ID14"}},{"arcs":[[[-996,1510,-1429,1511,-1434,1512,-1431,1513,1514,1515,-1213]],[[1516]],[[1517]],[[1518]],[[1519]],[[1520]],[[1521]],[[1522]],[[1523]],[[1524]],[[1525]],[[1526]],[[1527]],[[1528]],[[1529]],[[1530]],[[1531]],[[1532]],[[1533]],[[1534]],[[1535]]],"type":"MultiPolygon","properties":{"adm2_name":"Kubu Raya","adm2_pcode":"ID6112","adm1_name":"Kalimantan Barat","adm1_pcode":"ID61"}},{"arcs":[[-645,-899,1536,-736]],"type":"Polygon","properties":{"adm2_name":"Kudus","adm2_pcode":"ID3319","adm1_name":"Jawa Tengah","adm1_pcode":"ID33"}},{"arcs":[[-194,1537,1538,1539,1540]],"type":"Polygon","properties":{"adm2_name":"Kulon Progo","adm2_pcode":"ID3401","adm1_name":"Daerah Istimewa Yogyakarta","adm1_pcode":"ID34"}},{"arcs":[[-501,-604,-586,1541,-605]],"type":"Polygon","properties":{"adm2_name":"Kuningan","adm2_pcode":"ID3208","adm1_name":"Jawa Barat","adm1_pcode":"ID32"}},{"arcs":[[[-1371,1542,1543,1544,1545]],[[1546]],[[1547]]],"type":"MultiPolygon","properties":{"adm2_name":"Kupang","adm2_pcode":"ID5303","adm1_name":"Nusa Tenggara Timur","adm1_pcode":"ID53"}},{"arcs":[[-236,1548,1549,1550,1551]],"type":"Polygon","properties":{"adm2_name":"Kutai Barat","adm2_pcode":"ID6402","adm1_name":"Kalimantan Timur","adm1_pcode":"ID64"}},{"arcs":[[[-1261,1552,-1550,1553,1554,1555,1556,-1445,1557]],[[-1335,1558,1559]],[[1560]],[[1561]],[[1562]],[[1563]],[[1564]],[[1565]],[[1566]],[[1567]],[[1568]],[[1569]],[[1570]],[[1571]],[[1572]],[[1573]],[[1574]],[[1575]],[[1576]],[[1577]],[[1578]],[[1579]],[[1580]],[[1581]],[[1582]],[[1583]],[[1584]],[[1585]],[[1586]],[[1587]],[[1588]],[[1589]],[[1590]],[[1591]],[[1592]],[[1593]],[[1594]],[[1595]],[[1596]],[[1597]],[[1598]],[[1599]]],"type":"MultiPolygon","properties":{"adm2_name":"Kutai Kartanegara","adm2_pcode":"ID6403","adm1_name":"Kalimantan Timur","adm1_pcode":"ID64"}},{"arcs":[[[-330,1600,-1336,-1560,1601,-1556,1602]],[[1603]],[[1604]],[[1605]],[[1606]]],"type":"MultiPolygon","properties":{"adm2_name":"Kutai Timur","adm2_pcode":"ID6404","adm1_name":"Kalimantan Timur","adm1_pcode":"ID64"}},{"arcs":[[[1607,1608,1609,1610,1611]],[[1612]]],"type":"MultiPolygon","properties":{"adm2_name":"Labuhan Batu","adm2_pcode":"ID1207","adm1_name":"Sumatera Utara","adm1_pcode":"ID12"}},{"arcs":[[-1609,1613,1614]],"type":"Polygon","properties":{"adm2_name":"Labuhan Batu Selatan","adm2_pcode":"ID1222","adm1_name":"Sumatera Utara","adm1_pcode":"ID12"}},{"arcs":[[[-83,1615,-1611,1616,1617,1618,1619]],[[1620]]],"type":"MultiPolygon","properties":{"adm2_name":"Labuhan Batu Utara","adm2_pcode":"ID1223","adm1_name":"Sumatera Utara","adm1_pcode":"ID12"}},{"arcs":[[[-316,1621,-678,-1402]],[[-677,1622,1623,-1403]]],"type":"MultiPolygon","properties":{"adm2_name":"Lahat","adm2_pcode":"ID1604","adm1_name":"Sumatera Selatan","adm1_pcode":"ID16"}},{"arcs":[[-1218,1624,1625,-1504,1626]],"type":"Polygon","properties":{"adm2_name":"Lamandau","adm2_pcode":"ID6207","adm1_name":"Kalimantan Tengah","adm1_pcode":"ID62"}},{"arcs":[[-433,1627,1628,-729,1629,-902]],"type":"Polygon","properties":{"adm2_name":"Lamongan","adm2_pcode":"ID3524","adm1_name":"Jawa Timur","adm1_pcode":"ID35"}},{"arcs":[[-619,-622,1630,1631,1632,1633,1634,1635,1636,-993,1637]],"type":"Polygon","properties":{"adm2_name":"Lampung Barat","adm2_pcode":"ID1801","adm1_name":"Lampung","adm1_pcode":"ID18"}},{"arcs":[[[-1267,1638,1639,1640,1641]],[[1642]],[[1643]],[[1644]],[[1645]],[[1646]],[[1647]],[[1648]],[[1649]]],"type":"MultiPolygon","properties":{"adm2_name":"Lampung Selatan","adm2_pcode":"ID1803","adm1_name":"Lampung","adm1_pcode":"ID18"}},{"arcs":[[-1391,-1640,1650,1651,1652,-1634,1653,1654,1655,1656]],"type":"Polygon","properties":{"adm2_name":"Lampung Tengah","adm2_pcode":"ID1805","adm1_name":"Lampung","adm1_pcode":"ID18"}},{"arcs":[[-1392,-1657,1657,1658,-1641]],"type":"Polygon","properties":{"adm2_name":"Lampung Timur","adm2_pcode":"ID1804","adm1_name":"Lampung","adm1_pcode":"ID18"}},{"arcs":[[-1633,1659,1660,-1654]],"type":"Polygon","properties":{"adm2_name":"Lampung Utara","adm2_pcode":"ID1806","adm1_name":"Lampung","adm1_pcode":"ID18"}},{"arcs":[[-303,1661,-1515,1662]],"type":"Polygon","properties":{"adm2_name":"Landak","adm2_pcode":"ID6103","adm1_name":"Kalimantan Barat","adm1_pcode":"ID61"}},{"arcs":[[[-38,1663,-643,-1331,-641,-980,-50,-710]],[[1664]],[[1665]]],"type":"MultiPolygon","properties":{"adm2_name":"Langkat","adm2_pcode":"ID1213","adm1_name":"Sumatera Utara","adm1_pcode":"ID12"}},{"arcs":[[-887,1666,1667,1668,1669,1670]],"type":"Polygon","properties":{"adm2_name":"Lanny Jaya","adm2_pcode":"ID9430","adm1_name":"Papua Pegunungan","adm1_pcode":"ID95"}},{"arcs":[[-426,1671,1672,1673,1674,1675]],"type":"Polygon","properties":{"adm2_name":"Lebak","adm2_pcode":"ID3602","adm1_name":"Banten","adm1_pcode":"ID36"}},{"arcs":[[-326,1676,1677,1678,1679]],"type":"Polygon","properties":{"adm2_name":"Lebong","adm2_pcode":"ID1707","adm1_name":"Bengkulu","adm1_pcode":"ID17"}},{"arcs":[[1680]],"type":"Polygon","properties":{"adm2_name":"Lembata","adm2_pcode":"ID5308","adm1_name":"Nusa Tenggara Timur","adm1_pcode":"ID53"}},{"arcs":[[-70,1681,1682,-928,1683,1684],[-1423]],"type":"Polygon","properties":{"adm2_name":"Lima Puluh Kota","adm2_pcode":"ID1308","adm1_name":"Sumatera Barat","adm1_pcode":"ID13"}},{"arcs":[[[1685]],[[1686]],[[1687]],[[1688]],[[1689]],[[1690]],[[1691]],[[1692]],[[1693]],[[1694]],[[1695]],[[1696]],[[1697]],[[1698]],[[1699]],[[1700]],[[1701]],[[1702]],[[1703]],[[1704]],[[1705]],[[1706]],[[1707]],[[1708]],[[1709]],[[1710]],[[1711]],[[1712]],[[1713]],[[1714]],[[1715]],[[1716]],[[1717]],[[1718]],[[1719]],[[1720]],[[1721]],[[1722]],[[1723]],[[1724]],[[1725]],[[1726]],[[1727]],[[1728]],[[1729]]],"type":"MultiPolygon","properties":{"adm2_name":"Lingga","adm2_pcode":"ID2104","adm1_name":"Kepulauan Riau","adm1_pcode":"ID21"}},{"arcs":[[[-1389,1730,1731,1732,1733]],[[1734]]],"type":"MultiPolygon","properties":{"adm2_name":"Lombok Barat","adm2_pcode":"ID5201","adm1_name":"Nusa Tenggara Barat","adm1_pcode":"ID52"}},{"arcs":[[-1733,1735,1736,1737]],"type":"Polygon","properties":{"adm2_name":"Lombok Tengah","adm2_pcode":"ID5202","adm1_name":"Nusa Tenggara Barat","adm1_pcode":"ID52"}},{"arcs":[[[-1737,1738,1739]],[[1740]],[[1741]]],"type":"MultiPolygon","properties":{"adm2_name":"Lombok Timur","adm2_pcode":"ID5203","adm1_name":"Nusa Tenggara Barat","adm1_pcode":"ID52"}},{"arcs":[[[-1732,1742,-1739,-1736]],[[1743]],[[1744]],[[1745]]],"type":"MultiPolygon","properties":{"adm2_name":"Lombok Utara","adm2_pcode":"ID5208","adm1_name":"Nusa Tenggara Barat","adm1_pcode":"ID52"}},{"arcs":[[-890,1746,1747,1748]],"type":"Polygon","properties":{"adm2_name":"Lumajang","adm2_pcode":"ID3508","adm1_name":"Jawa Timur","adm1_pcode":"ID35"}},{"arcs":[[[-687,1749,1750,-1409,1751,1752,1753]],[[-1411,1754,1755,1756]]],"type":"MultiPolygon","properties":{"adm2_name":"Luwu","adm2_pcode":"ID7317","adm1_name":"Sulawesi Selatan","adm1_pcode":"ID73"}},{"arcs":[[-1240,1757,1758,1759,1760,1761,-1247]],"type":"Polygon","properties":{"adm2_name":"Luwu Timur","adm2_pcode":"ID7325","adm1_name":"Sulawesi Selatan","adm1_pcode":"ID73"}},{"arcs":[[-1756,1762,1763,1764,1765,1766,-1759,1767]],"type":"Polygon","properties":{"adm2_name":"Luwu Utara","adm2_pcode":"ID7322","adm1_name":"Sulawesi Selatan","adm1_pcode":"ID73"}},{"arcs":[[-436,1768,1769,1770,-1377,1771,1772]],"type":"Polygon","properties":{"adm2_name":"Madiun","adm2_pcode":"ID3519","adm1_name":"Jawa Timur","adm1_pcode":"ID35"}},{"arcs":[[-497,1773,-1540,1774,1775,1776,1777],[-1378]],"type":"Polygon","properties":{"adm2_name":"Magelang","adm2_pcode":"ID3308","adm1_name":"Jawa Tengah","adm1_pcode":"ID33"}},{"arcs":[[-942,1778,-1772,-1376,-1771,1779,1780]],"type":"Polygon","properties":{"adm2_name":"Magetan","adm2_pcode":"ID3520","adm1_name":"Jawa Timur","adm1_pcode":"ID35"}},{"arcs":[[-235,1781,-934,1782,1783,-1554,-1549]],"type":"Polygon","properties":{"adm2_name":"Mahakam Hulu","adm2_pcode":"ID6411","adm1_name":"Kalimantan Timur","adm1_pcode":"ID64"}},{"arcs":[[-594,1784,1785,-869,-606,-1542]],"type":"Polygon","properties":{"adm2_name":"Majalengka","adm2_pcode":"ID3210","adm1_name":"Jawa Barat","adm1_pcode":"ID32"}},{"arcs":[[1786,1787,1788,1789]],"type":"Polygon","properties":{"adm2_name":"Majene","adm2_pcode":"ID7601","adm1_name":"Sulawesi Barat","adm1_pcode":"ID76"}},{"arcs":[[-288,1790,1791,1792]],"type":"Polygon","properties":{"adm2_name":"Malaka","adm2_pcode":"ID5321","adm1_name":"Nusa Tenggara Timur","adm1_pcode":"ID53"}},{"arcs":[[[-409,-1012,-904,1793,-1323,1794,1795,-1748,1796],[-1382]],[[1797]]],"type":"MultiPolygon","properties":{"adm2_name":"Malang","adm2_pcode":"ID3507","adm1_name":"Jawa Timur","adm1_pcode":"ID35"}},{"arcs":[[-331,-1603,-1555,-1784,1798,1799,1800,-513]],"type":"Polygon","properties":{"adm2_name":"Malinau","adm2_pcode":"ID6501","adm1_name":"Kalimantan Utara","adm1_pcode":"ID65"}},{"arcs":[[[1801]],[[1802]],[[1803]],[[1804]],[[1805]],[[1806]],[[1807]],[[1808]],[[1809]],[[1810]],[[1811]],[[1812]],[[1813]],[[1814]],[[1815]],[[1816]],[[1817]],[[1818]],[[1819]],[[1820]],[[1821]],[[1822]],[[1823]],[[1824]],[[1825]],[[1826]]],"type":"MultiPolygon","properties":{"adm2_name":"Maluku Barat Daya","adm2_pcode":"ID8108","adm1_name":"Maluku","adm1_pcode":"ID81"}},{"arcs":[[[-1260,1827]],[[1828,1829,1830,1831]],[[1832]],[[1833]],[[1834]],[[1835]],[[1836]],[[1837]],[[1838]],[[1839]],[[1840]],[[1841]],[[1842]],[[1843]]],"type":"MultiPolygon","properties":{"adm2_name":"Maluku Tengah","adm2_pcode":"ID8103","adm1_name":"Maluku","adm1_pcode":"ID81"}},{"arcs":[[[1844]],[[1845]],[[1846]],[[1847]],[[1848]],[[1849]],[[1850]],[[1851]],[[1852]],[[1853]],[[1854]],[[1855]]],"type":"MultiPolygon","properties":{"adm2_name":"Maluku Tenggara","adm2_pcode":"ID8102","adm1_name":"Maluku","adm1_pcode":"ID81"}},{"arcs":[[[1856]],[[1857]],[[1858]],[[1859]],[[1860]],[[1861]],[[1862]],[[1863]],[[1864]],[[1865]],[[1866]],[[1867]],[[1868]],[[1869]],[[1870]],[[1871]],[[1872]],[[1873]],[[1874]],[[1875]],[[1876]],[[1877]],[[1878]],[[1879]],[[1880]],[[1881]]],"type":"MultiPolygon","properties":{"adm2_name":"Maluku Tenggara Barat","adm2_pcode":"ID8101","adm1_name":"Maluku","adm1_pcode":"ID81"}},{"arcs":[[-1787,1882,1883,1884,1885]],"type":"Polygon","properties":{"adm2_name":"Mamasa","adm2_pcode":"ID7603","adm1_name":"Sulawesi Barat","adm1_pcode":"ID76"}},{"arcs":[[[1886,1887,1888,1889,1890,1891,1892]],[[1893]],[[1894]]],"type":"MultiPolygon","properties":{"adm2_name":"Mamberamo Raya","adm2_pcode":"ID9428","adm1_name":"Papua","adm1_pcode":"ID91"}},{"arcs":[[-888,-1671,1895,-1888,1896,1897]],"type":"Polygon","properties":{"adm2_name":"Mamberamo Tengah","adm2_pcode":"ID9431","adm1_name":"Papua Pegunungan","adm1_pcode":"ID95"}},{"arcs":[[[-1764,1898,1899,-1883,-1790,1900,1901]],[[1902]],[[1903]],[[1904]],[[1905]],[[1906]],[[1907]],[[1908]],[[1909]]],"type":"MultiPolygon","properties":{"adm2_name":"Mamuju","adm2_pcode":"ID7604","adm1_name":"Sulawesi Barat","adm1_pcode":"ID76"}},{"arcs":[[-1765,-1902,1910,1911,1912]],"type":"Polygon","properties":{"adm2_name":"Mamuju Tengah","adm2_pcode":"ID7606","adm1_name":"Sulawesi Barat","adm1_pcode":"ID76"}},{"arcs":[[-672,1913,-1912,1914]],"type":"Polygon","properties":{"adm2_name":"Mamuju Utara","adm2_pcode":"ID7605","adm1_name":"Sulawesi Barat","adm1_pcode":"ID76"}},{"arcs":[[[1915,1916,1917,1918,1919]],[[1920]]],"type":"MultiPolygon","properties":{"adm2_name":"Mandailing Natal","adm2_pcode":"ID1202","adm1_name":"Sumatera Utara","adm1_pcode":"ID12"}},{"arcs":[[[1921,1922,1923,1924]],[[1925]]],"type":"MultiPolygon","properties":{"adm2_name":"Manggarai","adm2_pcode":"ID5313","adm1_name":"Nusa Tenggara Timur","adm1_pcode":"ID53"}},{"arcs":[[[-1924,1926]],[[1927]],[[1928]],[[1929]],[[1930]],[[1931]],[[1932]],[[1933]],[[1934]],[[1935]],[[1936]],[[1937]],[[1938]],[[1939]]],"type":"MultiPolygon","properties":{"adm2_name":"Manggarai Barat","adm2_pcode":"ID5315","adm1_name":"Nusa Tenggara Timur","adm1_pcode":"ID53"}},{"arcs":[[-1922,1940,1941,1942]],"type":"Polygon","properties":{"adm2_name":"Manggarai Timur","adm2_pcode":"ID5319","adm1_name":"Nusa Tenggara Timur","adm1_pcode":"ID53"}},{"arcs":[[[1943,1944,1945,1946]],[[1947,1948]],[[1949]],[[1950]]],"type":"MultiPolygon","properties":{"adm2_name":"Manokwari","adm2_pcode":"ID9105","adm1_name":"Papua Barat","adm1_pcode":"ID92"}},{"arcs":[[-1944,1951,-1949,1952,1953,1954,1955]],"type":"Polygon","properties":{"adm2_name":"Manokwari Selatan","adm2_pcode":"ID9111","adm1_name":"Papua Barat","adm1_pcode":"ID92"}},{"arcs":[[[-90,-487,1956,1957]],[[1958]],[[1959]]],"type":"MultiPolygon","properties":{"adm2_name":"Mappi","adm2_pcode":"ID9414","adm1_name":"Papua Selatan","adm1_pcode":"ID93"}},{"arcs":[[-475,-724,-1381,1960,1961]],"type":"Polygon","properties":{"adm2_name":"Maros","adm2_pcode":"ID7308","adm1_name":"Sulawesi Selatan","adm1_pcode":"ID73"}},{"arcs":[[1962,1963,1964]],"type":"Polygon","properties":{"adm2_name":"Maybrat","adm2_pcode":"ID9110","adm1_name":"Papua Barat Daya","adm1_pcode":"ID96"}},{"arcs":[[-987,1965,-1625,-1217,1966]],"type":"Polygon","properties":{"adm2_name":"Melawi","adm2_pcode":"ID6110","adm1_name":"Kalimantan Barat","adm1_pcode":"ID61"}},{"arcs":[[[-304,-1663,-1514,-1433,1967]],[[1968]]],"type":"MultiPolygon","properties":{"adm2_name":"Mempawah","adm2_pcode":"ID6104","adm1_name":"Kalimantan Barat","adm1_pcode":"ID61"}},{"arcs":[[-325,1969,-1207,-550,1970,1971,1972,-1677]],"type":"Polygon","properties":{"adm2_name":"Merangin","adm2_pcode":"ID1502","adm1_name":"Jambi","adm1_pcode":"ID15"}},{"arcs":[[[-486,1973,-1957]],[[1974]],[[1975]],[[1976]],[[1977]],[[1978]],[[1979]],[[1980]],[[1981]],[[1982]],[[1983]],[[1984]]],"type":"MultiPolygon","properties":{"adm2_name":"Merauke","adm2_pcode":"ID9401","adm1_name":"Papua Selatan","adm1_pcode":"ID93"}},{"arcs":[[1985,1986,1987]],"type":"Polygon","properties":{"adm2_name":"Mesuji","adm2_pcode":"ID1811","adm1_name":"Lampung","adm1_pcode":"ID18"}},{"arcs":[[[-92,1988,-907,-657,-633,1989,1990,1991]],[[1992]]],"type":"MultiPolygon","properties":{"adm2_name":"Mimika","adm2_pcode":"ID9412","adm1_name":"Papua Tengah","adm1_pcode":"ID94"}},{"arcs":[[-1383,1993,1994,1995,1996,1997],[-624],[-1486]],"type":"Polygon","properties":{"adm2_name":"Minahasa","adm2_pcode":"ID7102","adm1_name":"Sulawesi Utara","adm1_pcode":"ID71"}},{"arcs":[[-438,1998,-1997,1999,-451,-623,-449]],"type":"Polygon","properties":{"adm2_name":"Minahasa Selatan","adm2_pcode":"ID7105","adm1_name":"Sulawesi Utara","adm1_pcode":"ID71"}},{"arcs":[[-452,-2000,-1996,2000]],"type":"Polygon","properties":{"adm2_name":"Minahasa Tenggara","adm2_pcode":"ID7109","adm1_name":"Sulawesi Utara","adm1_pcode":"ID71"}},{"arcs":[[[-1332,2001,-1994,-1385,2002]],[[2003]],[[2004]],[[2005]],[[2006]],[[2007]],[[2008]],[[2009]]],"type":"MultiPolygon","properties":{"adm2_name":"Minahasa Utara","adm2_pcode":"ID7106","adm1_name":"Sulawesi Utara","adm1_pcode":"ID71"}},{"arcs":[[-728,2010,2011,-1324,-1794,-903,-1630],[-1393]],"type":"Polygon","properties":{"adm2_name":"Mojokerto","adm2_pcode":"ID3516","adm1_name":"Jawa Timur","adm1_pcode":"ID35"}},{"arcs":[[[-1248,-1762,2012,2013,-1255]],[[2014]],[[2015]],[[2016]],[[2017]],[[2018]],[[2019]],[[2020]],[[2021]]],"type":"MultiPolygon","properties":{"adm2_name":"Morowali","adm2_pcode":"ID7203","adm1_name":"Sulawesi Tengah","adm1_pcode":"ID72"}},{"arcs":[[-119,2022,-2013,-1761,2023,2024]],"type":"Polygon","properties":{"adm2_name":"Morowali Utara","adm2_pcode":"ID7212","adm1_name":"Sulawesi Tengah","adm1_pcode":"ID72"}},{"arcs":[[[-201,-1407,2025,-1436,2026]],[[-991,-1404,-1624,2027,2028,-1438,2029,2030,2031]]],"type":"MultiPolygon","properties":{"adm2_name":"Muara Enim","adm2_pcode":"ID1603","adm1_name":"Sumatera Selatan","adm1_pcode":"ID16"}},{"arcs":[[-204,2032,-254,2033,2034],[-1366]],"type":"Polygon","properties":{"adm2_name":"Muaro Jambi","adm2_pcode":"ID1505","adm1_name":"Jambi","adm1_pcode":"ID15"}},{"arcs":[[-324,2035,2036,-1208,-1970]],"type":"Polygon","properties":{"adm2_name":"Mukomuko","adm2_pcode":"ID1706","adm1_name":"Bengkulu","adm1_pcode":"ID17"}},{"arcs":[[[-568,2037,-581]],[[-577,2038,2039,2040]],[[2041]],[[2042]],[[2043]]],"type":"MultiPolygon","properties":{"adm2_name":"Muna","adm2_pcode":"ID7402","adm1_name":"Sulawesi Tenggara","adm1_pcode":"ID74"}},{"arcs":[[[-2040,2044]],[[2045]],[[2046]],[[2047]],[[2048]],[[2049]],[[2050]]],"type":"MultiPolygon","properties":{"adm2_name":"Muna Barat","adm2_pcode":"ID7413","adm1_name":"Sulawesi Tenggara","adm1_pcode":"ID74"}},{"arcs":[[-234,-933,-748,2051,-935,-1782]],"type":"Polygon","properties":{"adm2_name":"Murung Raya","adm2_pcode":"ID6213","adm1_name":"Kalimantan Tengah","adm1_pcode":"ID62"}},{"arcs":[[-203,2052,2053,2054,2055,-250,-2033]],"type":"Polygon","properties":{"adm2_name":"Musi Banyuasin","adm2_pcode":"ID1606","adm1_name":"Sumatera Selatan","adm1_pcode":"ID16"}},{"arcs":[[-676,2056,-1375,2057,-1679,2058,-2054,2059,-2028,-1623]],"type":"Polygon","properties":{"adm2_name":"Musi Rawas","adm2_pcode":"ID1605","adm1_name":"Sumatera Selatan","adm1_pcode":"ID16"}},{"arcs":[[-1678,-1973,2060,-2055,-2059]],"type":"Polygon","properties":{"adm2_name":"Musi Rawas Utara","adm2_pcode":"ID1613","adm1_name":"Sumatera Selatan","adm1_pcode":"ID16"}},{"arcs":[[[-659,-911,2061,2062,2063,-875,2064]],[[2065]],[[2066]],[[2067]],[[2068]],[[2069]],[[2070]],[[2071]]],"type":"MultiPolygon","properties":{"adm2_name":"Nabire","adm2_pcode":"ID9404","adm1_name":"Papua Tengah","adm1_pcode":"ID94"}},{"arcs":[[-1,-48,-709,-8,2072]],"type":"Polygon","properties":{"adm2_name":"Nagan Raya","adm2_pcode":"ID1115","adm1_name":"Aceh","adm1_pcode":"ID11"}},{"arcs":[[-684,2073,2074,2075]],"type":"Polygon","properties":{"adm2_name":"Nagekeo","adm2_pcode":"ID5318","adm1_name":"Nusa Tenggara Timur","adm1_pcode":"ID53"}},{"arcs":[[[2076]],[[2077]],[[2078]],[[2079]],[[2080]],[[2081]],[[2082]],[[2083]],[[2084]],[[2085]],[[2086]],[[2087]],[[2088]],[[2089]],[[2090]],[[2091]],[[2092]],[[2093]]],"type":"MultiPolygon","properties":{"adm2_name":"Natuna","adm2_pcode":"ID2103","adm1_name":"Kepulauan Riau","adm1_pcode":"ID21"}},{"arcs":[[-93,-1992,-1667,-886,2094]],"type":"Polygon","properties":{"adm2_name":"Nduga","adm2_pcode":"ID9429","adm1_name":"Papua Pegunungan","adm1_pcode":"ID95"}},{"arcs":[[-1942,2095,-2075,2096]],"type":"Polygon","properties":{"adm2_name":"Ngada","adm2_pcode":"ID5312","adm1_name":"Nusa Tenggara Timur","adm1_pcode":"ID53"}},{"arcs":[[-435,-906,-1011,2097,2098,-1769]],"type":"Polygon","properties":{"adm2_name":"Nganjuk","adm2_pcode":"ID3518","adm1_name":"Jawa Timur","adm1_pcode":"ID35"}},{"arcs":[[-414,-437,-1773,-1779,-941,2099,-732]],"type":"Polygon","properties":{"adm2_name":"Ngawi","adm2_pcode":"ID3521","adm1_name":"Jawa Timur","adm1_pcode":"ID35"}},{"arcs":[[-1348,2100,2101,2102,2103],[-1351]],"type":"Polygon","properties":{"adm2_name":"Nias","adm2_pcode":"ID1201","adm1_name":"Sumatera Utara","adm1_pcode":"ID12"}},{"arcs":[[[-2103,2104,2105,2106]],[[2107]],[[2108]],[[2109]],[[2110]],[[2111]]],"type":"MultiPolygon","properties":{"adm2_name":"Nias Barat","adm2_pcode":"ID1225","adm1_name":"Sumatera Utara","adm1_pcode":"ID12"}},{"arcs":[[[-2102,2112,-2105]],[[2113]],[[2114]],[[2115]],[[2116]],[[2117]],[[2118]],[[2119]],[[2120]],[[2121]],[[2122]],[[2123]],[[2124]],[[2125]],[[2126]],[[2127]]],"type":"MultiPolygon","properties":{"adm2_name":"Nias Selatan","adm2_pcode":"ID1214","adm1_name":"Sumatera Utara","adm1_pcode":"ID12"}},{"arcs":[[-1349,-2104,-2107,2128]],"type":"Polygon","properties":{"adm2_name":"Nias Utara","adm2_pcode":"ID1224","adm1_name":"Sumatera Utara","adm1_pcode":"ID12"}},{"arcs":[[[-1800,2129,2130]],[[2131]],[[2132]],[[2133]],[[2134]],[[2135]],[[2136]],[[2137]],[[2138]],[[2139]],[[2140]],[[2141]],[[2142]]],"type":"MultiPolygon","properties":{"adm2_name":"Nunukan","adm2_pcode":"ID6504","adm1_name":"Kalimantan Utara","adm1_pcode":"ID65"}},{"arcs":[[-199,2143,2144,2145,-2030,-1437,-2026,-1406]],"type":"Polygon","properties":{"adm2_name":"Ogan Ilir","adm2_pcode":"ID1610","adm1_name":"Sumatera Selatan","adm1_pcode":"ID16"}},{"arcs":[[[-198,2146,2147,-1988,2148,2149,2150,-2144]],[[2151]]],"type":"MultiPolygon","properties":{"adm2_name":"Ogan Komering Ilir","adm2_pcode":"ID1602","adm1_name":"Sumatera Selatan","adm1_pcode":"ID16"}},{"arcs":[[-2031,-2146,2152,2153]],"type":"Polygon","properties":{"adm2_name":"Ogan Komering Ulu","adm2_pcode":"ID1601","adm1_name":"Sumatera Selatan","adm1_pcode":"ID16"}},{"arcs":[[-620,-1638,-992,-2032,-2154,2154,2155,-1631,-621]],"type":"Polygon","properties":{"adm2_name":"Ogan Komering Ulu Selatan","adm2_pcode":"ID1608","adm1_name":"Sumatera Selatan","adm1_pcode":"ID16"}},{"arcs":[[-2145,-2151,2156,-2155,-2153]],"type":"Polygon","properties":{"adm2_name":"Ogan Komering Ulu Timur","adm2_pcode":"ID1609","adm1_name":"Sumatera Selatan","adm1_pcode":"ID16"}},{"arcs":[[2157,2158,2159,2160]],"type":"Polygon","properties":{"adm2_name":"Pacitan","adm2_pcode":"ID3501","adm1_name":"Jawa Timur","adm1_pcode":"ID35"}},{"arcs":[[-1916,2161,2162,2163,2164]],"type":"Polygon","properties":{"adm2_name":"Padang Lawas","adm2_pcode":"ID1221","adm1_name":"Sumatera Utara","adm1_pcode":"ID12"}},{"arcs":[[-1610,-1615,2165,2166,-2163,2167,-1617],[2168]],"type":"Polygon","properties":{"adm2_name":"Padang Lawas Utara","adm2_pcode":"ID1220","adm1_name":"Sumatera Utara","adm1_pcode":"ID12"}},{"arcs":[[-66,2169,2170,-1399,2171,-1420,2172]],"type":"Polygon","properties":{"adm2_name":"Padang Pariaman","adm2_pcode":"ID1306","adm1_name":"Sumatera Barat","adm1_pcode":"ID13"}},{"arcs":[[-28,-1461,-614,2173,-844,2174]],"type":"Polygon","properties":{"adm2_name":"Pakpak Bharat","adm2_pcode":"ID1216","adm1_name":"Sumatera Utara","adm1_pcode":"ID12"}},{"arcs":[[2175,2176,2177,2178]],"type":"Polygon","properties":{"adm2_name":"Pamekasan","adm2_pcode":"ID3528","adm1_name":"Jawa Timur","adm1_pcode":"ID35"}},{"arcs":[[[-1674,2179,2180]],[[2181]],[[2182]],[[2183]],[[2184]]],"type":"MultiPolygon","properties":{"adm2_name":"Pandeglang","adm2_pcode":"ID3601","adm1_name":"Banten","adm1_pcode":"ID36"}},{"arcs":[[-590,-602,2185,2186]],"type":"Polygon","properties":{"adm2_name":"Pangandaran","adm2_pcode":"ID3218","adm1_name":"Jawa Barat","adm1_pcode":"ID32"}},{"arcs":[[[-243,-476,-1962,2187]],[[2188]],[[2189]],[[2190]],[[2191]],[[2192]],[[2193]],[[2194]],[[2195]],[[2196]],[[2197]],[[2198]],[[2199]]],"type":"MultiPolygon","properties":{"adm2_name":"Pangkajene Dan Kepulauan","adm2_pcode":"ID7309","adm1_name":"Sulawesi Selatan","adm1_pcode":"ID73"}},{"arcs":[[-635,-660,-2065,-874,2200,-1990]],"type":"Polygon","properties":{"adm2_name":"Paniai","adm2_pcode":"ID9410","adm1_name":"Papua Tengah","adm1_pcode":"ID94"}},{"arcs":[[-556,2201,2202,2203,2204,-1412,-667,2205]],"type":"Polygon","properties":{"adm2_name":"Parigi Moutong","adm2_pcode":"ID7208","adm1_name":"Sulawesi Tengah","adm1_pcode":"ID72"}},{"arcs":[[-69,2206,-1917,-2165,2207,-1682]],"type":"Polygon","properties":{"adm2_name":"Pasaman","adm2_pcode":"ID1309","adm1_name":"Sumatera Barat","adm1_pcode":"ID13"}},{"arcs":[[[-68,2208,-1918,-2207]],[[2209]]],"type":"MultiPolygon","properties":{"adm2_name":"Pasaman Barat","adm2_pcode":"ID1312","adm1_name":"Sumatera Barat","adm1_pcode":"ID13"}},{"arcs":[[[-104,2210,-237,-1552,2211,2212,-1270]],[[2213]]],"type":"MultiPolygon","properties":{"adm2_name":"Paser","adm2_pcode":"ID6401","adm1_name":"Kalimantan Timur","adm1_pcode":"ID64"}},{"arcs":[[-1322,-2012,2214,2215,-1421,2216,2217,-1795]],"type":"Polygon","properties":{"adm2_name":"Pasuruan","adm2_pcode":"ID3514","adm1_name":"Jawa Timur","adm1_pcode":"ID35"}},{"arcs":[[-416,-737,-1537,-898,2218,2219]],"type":"Polygon","properties":{"adm2_name":"Pati","adm2_pcode":"ID3318","adm1_name":"Jawa Tengah","adm1_pcode":"ID33"}},{"arcs":[[-1945,-1956,2220,2221],[-1951]],"type":"Polygon","properties":{"adm2_name":"Pegunungan Arfak","adm2_pcode":"ID9112","adm1_name":"Papua Barat","adm1_pcode":"ID92"}},{"arcs":[[-484,2222,-879,-1016,2223]],"type":"Polygon","properties":{"adm2_name":"Pegunungan Bintang","adm2_pcode":"ID9417","adm1_name":"Papua Pegunungan","adm1_pcode":"ID95"}},{"arcs":[[-184,2224,2225,2226,-1424,-245]],"type":"Polygon","properties":{"adm2_name":"Pekalongan","adm2_pcode":"ID3326","adm1_name":"Jawa Tengah","adm1_pcode":"ID33"}},{"arcs":[[[-851,-868,-1509,-925,-1427,2227,2228]],[[2229]],[[2230]],[[2231]],[[2232]],[[2233]],[[2234]]],"type":"MultiPolygon","properties":{"adm2_name":"Pelalawan","adm2_pcode":"ID1404","adm1_name":"Riau","adm1_pcode":"ID14"}},{"arcs":[[-214,2235,2236,-2226,2237]],"type":"Polygon","properties":{"adm2_name":"Pemalang","adm2_pcode":"ID3327","adm1_name":"Jawa Tengah","adm1_pcode":"ID33"}},{"arcs":[[-1263,2238,-2212,-1551,-1553]],"type":"Polygon","properties":{"adm2_name":"Penajam Paser Utara","adm2_pcode":"ID6409","adm1_name":"Kalimantan Timur","adm1_pcode":"ID64"}},{"arcs":[[-202,-2027,-1439,-2029,-2060,-2053]],"type":"Polygon","properties":{"adm2_name":"Penukal Abab Lematang Ilir","adm2_pcode":"ID1612","adm1_name":"Sumatera Selatan","adm1_pcode":"ID16"}},{"arcs":[[[-1266,2239,2240,2241,-1651,-1639]],[[2242]],[[2243]],[[2244]],[[2245]],[[2246]]],"type":"MultiPolygon","properties":{"adm2_name":"Pesawaran","adm2_pcode":"ID1809","adm1_name":"Lampung","adm1_pcode":"ID18"}},{"arcs":[[[-1636,2247,2248]],[[2249]]],"type":"MultiPolygon","properties":{"adm2_name":"Pesisir Barat","adm2_pcode":"ID1813","adm1_name":"Lampung","adm1_pcode":"ID18"}},{"arcs":[[[-1209,-2037,2250,-1397,2251,2252,-1211,-1463]],[[2253]],[[2254]]],"type":"MultiPolygon","properties":{"adm2_name":"Pesisir Selatan","adm2_pcode":"ID1302","adm1_name":"Sumatera Barat","adm1_pcode":"ID13"}},{"arcs":[[-4,-20,-10,2255,2256,-403,-43]],"type":"Polygon","properties":{"adm2_name":"Pidie","adm2_pcode":"ID1109","adm1_name":"Aceh","adm1_pcode":"ID11"}},{"arcs":[[-404,-2257,2257]],"type":"Polygon","properties":{"adm2_name":"Pidie Jaya","adm2_pcode":"ID1118","adm1_name":"Aceh","adm1_pcode":"ID11"}},{"arcs":[[-689,2258,-1417,2259,2260,-1885,2261]],"type":"Polygon","properties":{"adm2_name":"Pinrang","adm2_pcode":"ID7315","adm1_name":"Sulawesi Selatan","adm1_pcode":"ID73"}},{"arcs":[[[-419,2262,-2202,-555,-717]],[[2263]]],"type":"MultiPolygon","properties":{"adm2_name":"Pohuwato","adm2_pcode":"ID7503","adm1_name":"Gorontalo","adm1_pcode":"ID75"}},{"arcs":[[-1788,-1886,-2261,2264]],"type":"Polygon","properties":{"adm2_name":"Polewali Mandar","adm2_pcode":"ID7602","adm1_name":"Sulawesi Barat","adm1_pcode":"ID76"}},{"arcs":[[-1770,-2099,2265,2266,-2158,2267,-1780]],"type":"Polygon","properties":{"adm2_name":"Ponorogo","adm2_pcode":"ID3502","adm1_name":"Jawa Timur","adm1_pcode":"ID35"}},{"arcs":[[-1760,-1767,2268,-2204,2269,2270,-2024]],"type":"Polygon","properties":{"adm2_name":"Poso","adm2_pcode":"ID7204","adm1_name":"Sulawesi Tengah","adm1_pcode":"ID72"}},{"arcs":[[-1652,-2242,2271]],"type":"Polygon","properties":{"adm2_name":"Pringsewu","adm2_pcode":"ID1810","adm1_name":"Lampung","adm1_pcode":"ID18"}},{"arcs":[[-468,-891,-1749,-1796,-2218,2272,-1440,2273,2274]],"type":"Polygon","properties":{"adm2_name":"Probolinggo","adm2_pcode":"ID3513","adm1_name":"Jawa Timur","adm1_pcode":"ID35"}},{"arcs":[[-744,-932,2275,-983,-1405]],"type":"Polygon","properties":{"adm2_name":"Pulang Pisau","adm2_pcode":"ID6210","adm1_name":"Kalimantan Tengah","adm1_pcode":"ID62"}},{"arcs":[[[2276]],[[2277]]],"type":"MultiPolygon","properties":{"adm2_name":"Pulau Morotai","adm2_pcode":"ID8207","adm1_name":"Maluku Utara","adm1_pcode":"ID82"}},{"arcs":[[[2278]],[[2279]],[[2280]],[[2281]],[[2282]],[[2283]]],"type":"MultiPolygon","properties":{"adm2_name":"Pulau Taliabu","adm2_pcode":"ID8208","adm1_name":"Maluku Utara","adm1_pcode":"ID82"}},{"arcs":[[-873,2284,-1891,2285,-1668,-1991,-2201]],"type":"Polygon","properties":{"adm2_name":"Puncak","adm2_pcode":"ID9433","adm1_name":"Papua Tengah","adm1_pcode":"ID94"}},{"arcs":[[-1669,-2286,-1890,2286]],"type":"Polygon","properties":{"adm2_name":"Puncak Jaya","adm2_pcode":"ID9411","adm1_name":"Papua Tengah","adm1_pcode":"ID94"}},{"arcs":[[-183,-215,-2238,-2225]],"type":"Polygon","properties":{"adm2_name":"Purbalingga","adm2_pcode":"ID3303","adm1_name":"Jawa Tengah","adm1_pcode":"ID33"}},{"arcs":[[-115,2287,-598,-423,-950,2288]],"type":"Polygon","properties":{"adm2_name":"Purwakarta","adm2_pcode":"ID3214","adm1_name":"Jawa Barat","adm1_pcode":"ID32"}},{"arcs":[[-1008,2289,-1775,-1539,2290]],"type":"Polygon","properties":{"adm2_name":"Purworejo","adm2_pcode":"ID3306","adm1_name":"Jawa Tengah","adm1_pcode":"ID33"}},{"arcs":[[[2291]],[[2292]],[[2293,2294]],[[2295]],[[2296]],[[2297]],[[2298]],[[2299]],[[2300]],[[2301]],[[2302]],[[2303]],[[2304]],[[2305]],[[2306]],[[2307]],[[2308]],[[2309]],[[2310]],[[2311]],[[2312]],[[2313]],[[2314]],[[2315]],[[2316]],[[2317]],[[2318]],[[2319]],[[2320]],[[2321]],[[2322]],[[2323]],[[2324]],[[2325]],[[2326]],[[2327]],[[2328]],[[2329]],[[2330]],[[2331]],[[2332]],[[2333]],[[2334]],[[2335]],[[2336]],[[2337]],[[2338]],[[2339]],[[2340]],[[2341]],[[2342]],[[2343]],[[2344]],[[2345]],[[2346]],[[2347]],[[2348]],[[2349]],[[2350]],[[2351]],[[2352]],[[2353]],[[2354]],[[2355]],[[2356]],[[2357]]],"type":"MultiPolygon","properties":{"adm2_name":"Raja Ampat","adm2_pcode":"ID9108","adm1_name":"Papua Barat Daya","adm1_pcode":"ID96"}},{"arcs":[[-321,-327,-1680,-2058,-1374,-2057,-681,-1023]],"type":"Polygon","properties":{"adm2_name":"Rejang Lebong","adm2_pcode":"ID1702","adm1_name":"Bengkulu","adm1_pcode":"ID17"}},{"arcs":[[-411,-2220,2358,2359]],"type":"Polygon","properties":{"adm2_name":"Rembang","adm2_pcode":"ID3317","adm1_name":"Jawa Tengah","adm1_pcode":"ID33"}},{"arcs":[[[-294,2360,-2166,-1614,-1608,2361,-1345]],[[2362]],[[2363]],[[2364]],[[2365]],[[2366]]],"type":"MultiPolygon","properties":{"adm2_name":"Rokan Hilir","adm2_pcode":"ID1409","adm1_name":"Riau","adm1_pcode":"ID14"}},{"arcs":[[-293,2367,-922,-929,-1683,-2208,-2164,-2167,-2361],[-930]],"type":"Polygon","properties":{"adm2_name":"Rokan Hulu","adm2_pcode":"ID1407","adm1_name":"Riau","adm1_pcode":"ID14"}},{"arcs":[[[2368]],[[2369]],[[2370]],[[2371]],[[2372]],[[2373]],[[2374]]],"type":"MultiPolygon","properties":{"adm2_name":"Rote Ndao","adm2_pcode":"ID5314","adm1_name":"Nusa Tenggara Timur","adm1_pcode":"ID53"}},{"arcs":[[[2375]],[[2376]]],"type":"MultiPolygon","properties":{"adm2_name":"Sabu Raijua","adm2_pcode":"ID5320","adm1_name":"Nusa Tenggara Timur","adm1_pcode":"ID53"}},{"arcs":[[-307,-1456,2377]],"type":"Polygon","properties":{"adm2_name":"Sambas","adm2_pcode":"ID6101","adm1_name":"Kalimantan Barat","adm1_pcode":"ID61"}},{"arcs":[[[-613,-630,-845,-2174]],[[-631]]],"type":"MultiPolygon","properties":{"adm2_name":"Samosir","adm2_pcode":"ID1217","adm1_name":"Sumatera Utara","adm1_pcode":"ID12"}},{"arcs":[[-163,2378,-2178,2379]],"type":"Polygon","properties":{"adm2_name":"Sampang","adm2_pcode":"ID3527","adm1_name":"Jawa Timur","adm1_pcode":"ID35"}},{"arcs":[[-302,2380,2381,2382,-1214,-1516,-1662]],"type":"Polygon","properties":{"adm2_name":"Sanggau","adm2_pcode":"ID6105","adm1_name":"Kalimantan Barat","adm1_pcode":"ID61"}},{"arcs":[[[-882,2383,-1897,-1887,2384]],[[2385]],[[2386]]],"type":"MultiPolygon","properties":{"adm2_name":"Sarmi","adm2_pcode":"ID9419","adm1_name":"Papua","adm1_pcode":"ID91"}},{"arcs":[[-251,-2056,-2061,-1972,2387]],"type":"Polygon","properties":{"adm2_name":"Sarolangun","adm2_pcode":"ID1503","adm1_name":"Jambi","adm1_pcode":"ID15"}},{"arcs":[[-1215,-2383,2388]],"type":"Polygon","properties":{"adm2_name":"Sekadau","adm2_pcode":"ID6109","adm1_name":"Kalimantan Barat","adm1_pcode":"ID61"}},{"arcs":[[-315,2389,-1328,-317,-1024,-679,-1622]],"type":"Polygon","properties":{"adm2_name":"Seluma","adm2_pcode":"ID1705","adm1_name":"Bengkulu","adm1_pcode":"ID17"}},{"arcs":[[-498,-1778,2390,-1020,-846,-1019,-1449,-647,-735],[-1443]],"type":"Polygon","properties":{"adm2_name":"Semarang","adm2_pcode":"ID3322","adm1_name":"Jawa Tengah","adm1_pcode":"ID33"}},{"arcs":[[[-1831,2391]],[[2392]],[[2393]],[[2394]],[[2395]],[[2396]],[[2397]],[[2398]],[[2399]],[[2400]],[[2401]]],"type":"MultiPolygon","properties":{"adm2_name":"Seram Bagian Barat","adm2_pcode":"ID8106","adm1_name":"Maluku","adm1_pcode":"ID81"}},{"arcs":[[[-1829,2402]],[[2403]],[[2404]],[[2405]],[[2406]],[[2407]],[[2408]],[[2409]],[[2410]],[[2411]]],"type":"MultiPolygon","properties":{"adm2_name":"Seram Bagian Timur","adm2_pcode":"ID8107","adm1_name":"Maluku","adm1_pcode":"ID81"}},{"arcs":[[[-1339,2412,-1451,2413,2414,-1675,-2181,2415]],[[2416]],[[2417]],[[2418]]],"type":"MultiPolygon","properties":{"adm2_name":"Serang","adm2_pcode":"ID3604","adm1_name":"Banten","adm1_pcode":"ID36"}},{"arcs":[[-256,2419,-258,2420,-638,2421],[-1474]],"type":"Polygon","properties":{"adm2_name":"Serdang Bedagai","adm2_pcode":"ID1218","adm1_name":"Sumatera Utara","adm1_pcode":"ID12"}},{"arcs":[[-986,-1507,2422,-1505,-1626,-1966]],"type":"Polygon","properties":{"adm2_name":"Seruyan","adm2_pcode":"ID6208","adm1_name":"Kalimantan Tengah","adm1_pcode":"ID62"}},{"arcs":[[-292,2423,-2228,-1426,-923,-2368]],"type":"Polygon","properties":{"adm2_name":"Siak","adm2_pcode":"ID1405","adm1_name":"Riau","adm1_pcode":"ID14"}},{"arcs":[[[2424]],[[2425]],[[2426]],[[2427]],[[2428]],[[2429]],[[2430]]],"type":"MultiPolygon","properties":{"adm2_name":"Siau Tagulandang Biaro","adm2_pcode":"ID7108","adm1_name":"Sulawesi Utara","adm1_pcode":"ID71"}},{"arcs":[[-240,-1418,-2259,-688,-1754,2431,2432]],"type":"Polygon","properties":{"adm2_name":"Sidenreng Rappang","adm2_pcode":"ID7314","adm1_name":"Sulawesi Selatan","adm1_pcode":"ID73"}},{"arcs":[[-727,-1465,2433,-2215,-2011]],"type":"Polygon","properties":{"adm2_name":"Sidoarjo","adm2_pcode":"ID3515","adm1_name":"Jawa Timur","adm1_pcode":"ID35"}},{"arcs":[[-671,-1413,-2205,-2269,-1766,-1913,-1914]],"type":"Polygon","properties":{"adm2_name":"Sigi","adm2_pcode":"ID7210","adm1_name":"Sulawesi Tengah","adm1_pcode":"ID72"}},{"arcs":[[-654,2434,-1446,2435,-1684,-927,-1508]],"type":"Polygon","properties":{"adm2_name":"Sijunjung","adm2_pcode":"ID1304","adm1_name":"Sumatera Barat","adm1_pcode":"ID13"}},{"arcs":[[[-682,2436,-702,2437]],[[2438]],[[2439]],[[2440]],[[2441]],[[2442]],[[2443]]],"type":"MultiPolygon","properties":{"adm2_name":"Sikka","adm2_pcode":"ID5310","adm1_name":"Nusa Tenggara Timur","adm1_pcode":"ID53"}},{"arcs":[[-85,2444,-626,-981,-639,-2421,-259,-2420,-255],[-1428]],"type":"Polygon","properties":{"adm2_name":"Simalungun","adm2_pcode":"ID1209","adm1_name":"Sumatera Utara","adm1_pcode":"ID12"}},{"arcs":[[[2445]],[[2446]],[[2447]],[[2448]],[[2449]],[[2450]],[[2451]],[[2452]],[[2453]]],"type":"MultiPolygon","properties":{"adm2_name":"Simeulue","adm2_pcode":"ID1101","adm1_name":"Aceh","adm1_pcode":"ID11"}},{"arcs":[[-190,-725,-473,2454,-510]],"type":"Polygon","properties":{"adm2_name":"Sinjai","adm2_pcode":"ID7307","adm1_name":"Sulawesi Selatan","adm1_pcode":"ID73"}},{"arcs":[[-747,-988,-1967,-1216,-2389,-2382,2455,-936,-2052]],"type":"Polygon","properties":{"adm2_name":"Sintang","adm2_pcode":"ID6107","adm1_name":"Kalimantan Barat","adm1_pcode":"ID61"}},{"arcs":[[-219,-469,-2275,2456]],"type":"Polygon","properties":{"adm2_name":"Situbondo","adm2_pcode":"ID3512","adm1_name":"Jawa Timur","adm1_pcode":"ID35"}},{"arcs":[[-191,-1501,-195,-1541,-1774,-1224,-738]],"type":"Polygon","properties":{"adm2_name":"Sleman","adm2_pcode":"ID3404","adm1_name":"Daerah Istimewa Yogyakarta","adm1_pcode":"ID34"}},{"arcs":[[-616,2457,-1447,-2435,-653,2458,-2252,-1396,-1457,-1394,-2171,2459]],"type":"Polygon","properties":{"adm2_name":"Solok","adm2_pcode":"ID1303","adm1_name":"Sumatera Barat","adm1_pcode":"ID13"}},{"arcs":[[-652,-1212,-2253,-2459]],"type":"Polygon","properties":{"adm2_name":"Solok Selatan","adm2_pcode":"ID1310","adm1_name":"Sumatera Barat","adm1_pcode":"ID13"}},{"arcs":[[-241,-2433,2460,-470]],"type":"Polygon","properties":{"adm2_name":"Soppeng","adm2_pcode":"ID7312","adm1_name":"Sulawesi Selatan","adm1_pcode":"ID73"}},{"arcs":[[[-1458,2461,2462,2463,2464]],[[-2294,2465]],[[2466]],[[2467]],[[2468]],[[2469]]],"type":"MultiPolygon","properties":{"adm2_name":"Sorong","adm2_pcode":"ID9107","adm1_name":"Papua Barat Daya","adm1_pcode":"ID96"}},{"arcs":[[-1964,2470,2471,-2464,2472]],"type":"Polygon","properties":{"adm2_name":"Sorong Selatan","adm2_pcode":"ID9106","adm1_name":"Papua Barat Daya","adm1_pcode":"ID96"}},{"arcs":[[[-489,2473]],[[-491,2474,-733,-2100,-940]]],"type":"MultiPolygon","properties":{"adm2_name":"Sragen","adm2_pcode":"ID3314","adm1_name":"Jawa Tengah","adm1_pcode":"ID33"}},{"arcs":[[-112,-116,-2289,-949,2475,-871,2476]],"type":"Polygon","properties":{"adm2_name":"Subang","adm2_pcode":"ID3213","adm1_name":"Jawa Barat","adm1_pcode":"ID32"}},{"arcs":[[-425,-597,2477,-1672],[-1462]],"type":"Polygon","properties":{"adm2_name":"Sukabumi","adm2_pcode":"ID3202","adm1_name":"Jawa Barat","adm1_pcode":"ID32"}},{"arcs":[[-1219,-1627,-1503,2478]],"type":"Polygon","properties":{"adm2_name":"Sukamara","adm2_pcode":"ID6206","adm1_name":"Kalimantan Tengah","adm1_pcode":"ID62"}},{"arcs":[[-495,-947,-1466,-944,2479,-740,-1223]],"type":"Polygon","properties":{"adm2_name":"Sukoharjo","adm2_pcode":"ID3311","adm1_name":"Jawa Tengah","adm1_pcode":"ID33"}},{"arcs":[[2480,2481,2482,2483]],"type":"Polygon","properties":{"adm2_name":"Sumba Barat","adm2_pcode":"ID5301","adm1_name":"Nusa Tenggara Timur","adm1_pcode":"ID53"}},{"arcs":[[-2482,2484]],"type":"Polygon","properties":{"adm2_name":"Sumba Barat Daya","adm2_pcode":"ID5317","adm1_name":"Nusa Tenggara Timur","adm1_pcode":"ID53"}},{"arcs":[[-2484,2485,2486,2487]],"type":"Polygon","properties":{"adm2_name":"Sumba Tengah","adm2_pcode":"ID5316","adm1_name":"Nusa Tenggara Timur","adm1_pcode":"ID53"}},{"arcs":[[[-2487,2488]],[[2489]]],"type":"MultiPolygon","properties":{"adm2_name":"Sumba Timur","adm2_pcode":"ID5302","adm1_name":"Nusa Tenggara Timur","adm1_pcode":"ID53"}},{"arcs":[[[-662,2490,2491,2492]],[[2493]],[[2494]],[[2495]],[[2496]],[[2497]],[[2498]],[[2499]],[[2500]],[[2501]],[[2502]]],"type":"MultiPolygon","properties":{"adm2_name":"Sumbawa","adm2_pcode":"ID5204","adm1_name":"Nusa Tenggara Barat","adm1_pcode":"ID52"}},{"arcs":[[[-2492,2503]],[[2504]],[[2505]]],"type":"MultiPolygon","properties":{"adm2_name":"Sumbawa Barat","adm2_pcode":"ID5207","adm1_name":"Nusa Tenggara Barat","adm1_pcode":"ID52"}},{"arcs":[[-105,-2477,-870,-1786,2506,-706]],"type":"Polygon","properties":{"adm2_name":"Sumedang","adm2_pcode":"ID3211","adm1_name":"Jawa Barat","adm1_pcode":"ID32"}},{"arcs":[[[-2176,2507]],[[2508]],[[2509]],[[2510]],[[2511]],[[2512]],[[2513]],[[2514]],[[2515]],[[2516]],[[2517]],[[2518]],[[2519]],[[2520]],[[2521]],[[2522]],[[2523]],[[2524]],[[2525]],[[2526]],[[2527]],[[2528]],[[2529]],[[2530]],[[2531]],[[2532]],[[2533]]],"type":"MultiPolygon","properties":{"adm2_name":"Sumenep","adm2_pcode":"ID3529","adm1_name":"Jawa Timur","adm1_pcode":"ID35"}},{"arcs":[[[-352,2534]],[[2535]],[[2536]]],"type":"MultiPolygon","properties":{"adm2_name":"Supiori","adm2_pcode":"ID9427","adm1_name":"Papua","adm1_pcode":"ID91"}},{"arcs":[[-103,-841,-231,-228,-238,-2211]],"type":"Polygon","properties":{"adm2_name":"Tabalong","adm2_pcode":"ID6309","adm1_name":"Kalimantan Selatan","adm1_pcode":"ID63"}},{"arcs":[[-97,2537,-893,-506]],"type":"Polygon","properties":{"adm2_name":"Tabanan","adm2_pcode":"ID5102","adm1_name":"Bali","adm1_pcode":"ID51"}},{"arcs":[[[-722,-896,2538,-1379]],[[2539]],[[2540]]],"type":"MultiPolygon","properties":{"adm2_name":"Takalar","adm2_pcode":"ID7305","adm1_name":"Sulawesi Selatan","adm1_pcode":"ID73"}},{"arcs":[[-1946,-2222,2541,-1965,-2473,-2463,2542]],"type":"Polygon","properties":{"adm2_name":"Tambrauw","adm2_pcode":"ID9109","adm1_name":"Papua Barat Daya","adm1_pcode":"ID96"}},{"arcs":[[[-514,-1801,-2131,2543]],[[-516,2544]],[[2545]],[[2546]],[[2547]],[[2548]],[[2549]],[[2550]],[[2551]],[[2552]],[[2553]],[[2554]],[[2555]],[[2556]],[[2557]],[[2558]]],"type":"MultiPolygon","properties":{"adm2_name":"Tana Tidung","adm2_pcode":"ID6503","adm1_name":"Kalimantan Utara","adm1_pcode":"ID65"}},{"arcs":[[-690,-2262,-1884,-1900,2559,-1750]],"type":"Polygon","properties":{"adm2_name":"Tana Toraja","adm2_pcode":"ID7318","adm1_name":"Sulawesi Selatan","adm1_pcode":"ID73"}},{"arcs":[[[-170,-1272,2560,2561]],[[2562]],[[2563]],[[2564]]],"type":"MultiPolygon","properties":{"adm2_name":"Tanah Bumbu","adm2_pcode":"ID6310","adm1_name":"Kalimantan Selatan","adm1_pcode":"ID63"}},{"arcs":[[-65,-1685,-2436,-1448,-2458,-617,-2460,-2170],[-1400]],"type":"Polygon","properties":{"adm2_name":"Tanah Datar","adm2_pcode":"ID1305","adm1_name":"Sumatera Barat","adm1_pcode":"ID13"}},{"arcs":[[-171,-2562,2565,-173,-1269]],"type":"Polygon","properties":{"adm2_name":"Tanah Laut","adm2_pcode":"ID6301","adm1_name":"Kalimantan Selatan","adm1_pcode":"ID63"}},{"arcs":[[-427,-1676,-2415,2566,-1364,-1356,-1468,-1469]],"type":"Polygon","properties":{"adm2_name":"Tangerang","adm2_pcode":"ID3603","adm1_name":"Banten","adm1_pcode":"ID36"}},{"arcs":[[[-1635,-1653,-2272,-2241,2567,-2248]],[[2568]]],"type":"MultiPolygon","properties":{"adm2_name":"Tanggamus","adm2_pcode":"ID1802","adm1_name":"Lampung","adm1_pcode":"ID18"}},{"arcs":[[-253,2569,-848,2570,2571,-2034]],"type":"Polygon","properties":{"adm2_name":"Tanjung Jabung Barat","adm2_pcode":"ID1507","adm1_name":"Jambi","adm1_pcode":"ID15"}},{"arcs":[[-205,-2035,-2572,2572]],"type":"Polygon","properties":{"adm2_name":"Tanjung Jabung Timur","adm2_pcode":"ID1506","adm1_name":"Jambi","adm1_pcode":"ID15"}},{"arcs":[[[-1618,-2168,-2162,-1920,2573,2574,2575],[-1401]],[[-2169]]],"type":"MultiPolygon","properties":{"adm2_name":"Tapanuli Selatan","adm2_pcode":"ID1203","adm1_name":"Sumatera Utara","adm1_pcode":"ID12"}},{"arcs":[[[-29,-2175,-843,2576,-2575,2577,-1454,2578]],[[2579]]],"type":"MultiPolygon","properties":{"adm2_name":"Tapanuli Tengah","adm2_pcode":"ID1204","adm1_name":"Sumatera Utara","adm1_pcode":"ID12"}},{"arcs":[[[-628,2580,-1619,-2576,-2577,-842]],[[-632]]],"type":"MultiPolygon","properties":{"adm2_name":"Tapanuli Utara","adm2_pcode":"ID1205","adm1_name":"Sumatera Utara","adm1_pcode":"ID12"}},{"arcs":[[-178,-224,-840,-834]],"type":"Polygon","properties":{"adm2_name":"Tapin","adm2_pcode":"ID6305","adm1_name":"Kalimantan Selatan","adm1_pcode":"ID63"}},{"arcs":[[-591,-2187,2581,-707,-2507,-1785,-593,-1473]],"type":"Polygon","properties":{"adm2_name":"Tasikmalaya","adm2_pcode":"ID3206","adm1_name":"Jawa Barat","adm1_pcode":"ID32"}},{"arcs":[[-252,-2388,-1971,-553,-656,-1510,-866,-849,-2570]],"type":"Polygon","properties":{"adm2_name":"Tebo","adm2_pcode":"ID1508","adm1_name":"Jambi","adm1_pcode":"ID15"}},{"arcs":[[-213,-505,-1476,2582,-2236]],"type":"Polygon","properties":{"adm2_name":"Tegal","adm2_pcode":"ID3328","adm1_name":"Jawa Tengah","adm1_pcode":"ID33"}},{"arcs":[[[-693,2583,-2471,-1963,-2542,-2221,-1955,2584,-909]],[[2585]],[[2586]],[[2587]],[[2588]],[[2589]],[[2590]],[[2591]],[[2592]],[[2593]],[[2594]],[[2595]],[[2596]],[[2597]],[[2598]]],"type":"MultiPolygon","properties":{"adm2_name":"Teluk Bintuni","adm2_pcode":"ID9104","adm1_name":"Papua Barat","adm1_pcode":"ID92"}},{"arcs":[[[-910,-2585,-1954,2599,-2062]],[[2600]],[[2601]],[[2602]],[[2603]],[[2604]],[[2605]],[[2606]],[[2607]],[[2608]]],"type":"MultiPolygon","properties":{"adm2_name":"Teluk Wondama","adm2_pcode":"ID9103","adm1_name":"Papua Barat","adm1_pcode":"ID92"}},{"arcs":[[-1021,-2391,-1777,2609]],"type":"Polygon","properties":{"adm2_name":"Temanggung","adm2_pcode":"ID3323","adm1_name":"Jawa Tengah","adm1_pcode":"ID33"}},{"arcs":[[-1545,2610,-1792,2611]],"type":"Polygon","properties":{"adm2_name":"Timor Tengah Selatan","adm2_pcode":"ID5304","adm1_name":"Nusa Tenggara Timur","adm1_pcode":"ID53"}},{"arcs":[[-289,-1793,-2611,-1544,2612]],"type":"Polygon","properties":{"adm2_name":"Timor Tengah Utara","adm2_pcode":"ID5305","adm1_name":"Nusa Tenggara Timur","adm1_pcode":"ID53"}},{"arcs":[[-84,-1620,-2581,-627,-2445]],"type":"Polygon","properties":{"adm2_name":"Toba Samosir","adm2_pcode":"ID1206","adm1_name":"Sumatera Utara","adm1_pcode":"ID12"}},{"arcs":[[[-120,-2025,-2271,2613]],[[2614]],[[2615]],[[2616]],[[2617]],[[2618]],[[2619]],[[2620]],[[2621]],[[2622]],[[2623]],[[2624]],[[2625]]],"type":"MultiPolygon","properties":{"adm2_name":"Tojo Una-Una","adm2_pcode":"ID7209","adm1_name":"Sulawesi Tengah","adm1_pcode":"ID72"}},{"arcs":[[[-557,-2206,-666,2626]],[[2627]],[[2628]],[[2629]],[[2630]]],"type":"MultiPolygon","properties":{"adm2_name":"Toli-Toli","adm2_pcode":"ID7206","adm1_name":"Sulawesi Tengah","adm1_pcode":"ID72"}},{"arcs":[[-1670,-2287,-1889,-1896]],"type":"Polygon","properties":{"adm2_name":"Tolikara","adm2_pcode":"ID9418","adm1_name":"Papua Pegunungan","adm1_pcode":"ID95"}},{"arcs":[[-1410,-1751,-2560,-1899,-1763,-1755]],"type":"Polygon","properties":{"adm2_name":"Toraja Utara","adm2_pcode":"ID7326","adm1_name":"Sulawesi Selatan","adm1_pcode":"ID73"}},{"arcs":[[-2159,-2267,2631,2632]],"type":"Polygon","properties":{"adm2_name":"Trenggalek","adm2_pcode":"ID3503","adm1_name":"Jawa Timur","adm1_pcode":"ID35"}},{"arcs":[[-412,-2360,2633,-1628,-432]],"type":"Polygon","properties":{"adm2_name":"Tuban","adm2_pcode":"ID3523","adm1_name":"Jawa Timur","adm1_pcode":"ID35"}},{"arcs":[[-1655,-1661,2634,-2149,-1987,2635]],"type":"Polygon","properties":{"adm2_name":"Tulang Bawang Barat","adm2_pcode":"ID1812","adm1_name":"Lampung","adm1_pcode":"ID18"}},{"arcs":[[-1656,-2636,-1986,-2148,2636,-1658]],"type":"Polygon","properties":{"adm2_name":"Tulangbawang","adm2_pcode":"ID1808","adm1_name":"Lampung","adm1_pcode":"ID18"}},{"arcs":[[-407,2637,-2632,-2266,-2098,-1010]],"type":"Polygon","properties":{"adm2_name":"Tulungagung","adm2_pcode":"ID3504","adm1_name":"Jawa Timur","adm1_pcode":"ID35"}},{"arcs":[[-114,-599,-2288]],"type":"Polygon","properties":{"adm2_name":"Waduk Cirata","adm2_pcode":"ID3288","adm1_name":"Jawa Barat","adm1_pcode":"ID32"}},{"arcs":[[-488,-734,-2475,-490,-2474]],"type":"Polygon","properties":{"adm2_name":"Wadung Kedungombo","adm2_pcode":"ID3388","adm1_name":"Jawa Tengah","adm1_pcode":"ID33"}},{"arcs":[[-471,-2461,-2432,-1753,2638]],"type":"Polygon","properties":{"adm2_name":"Wajo","adm2_pcode":"ID7313","adm1_name":"Sulawesi Selatan","adm1_pcode":"ID73"}},{"arcs":[[[2639]],[[2640]],[[2641]],[[2642]],[[2643]],[[2644]],[[2645]],[[2646]],[[2647]],[[2648]],[[2649]],[[2650]],[[2651]],[[2652]],[[2653]]],"type":"MultiPolygon","properties":{"adm2_name":"Wakatobi","adm2_pcode":"ID7407","adm1_name":"Sulawesi Tenggara","adm1_pcode":"ID74"}},{"arcs":[[[-876,-2064,2654,-1892,-2285]],[[2655]]],"type":"MultiPolygon","properties":{"adm2_name":"Waropen","adm2_pcode":"ID9426","adm1_name":"Papua","adm1_pcode":"ID91"}},{"arcs":[[-1632,-2156,-2157,-2150,-2635,-1660]],"type":"Polygon","properties":{"adm2_name":"Way Kanan","adm2_pcode":"ID1807","adm1_name":"Lampung","adm1_pcode":"ID18"}},{"arcs":[[-741,-2480,-943,-1781,-2268,-2161,2656]],"type":"Polygon","properties":{"adm2_name":"Wonogiri","adm2_pcode":"ID3312","adm1_name":"Jawa Tengah","adm1_pcode":"ID33"}},{"arcs":[[-180,-249,-1022,-2610,-1776,-2290,-1007]],"type":"Polygon","properties":{"adm2_name":"Wonosobo","adm2_pcode":"ID3307","adm1_name":"Jawa Tengah","adm1_pcode":"ID33"}},{"arcs":[[-89,-2095,-885,2657,-880,-2223,-483]],"type":"Polygon","properties":{"adm2_name":"Yahukimo","adm2_pcode":"ID9416","adm1_name":"Papua Pegunungan","adm1_pcode":"ID95"}},{"arcs":[[-881,-2658,-884,-1898,-2384]],"type":"Polygon","properties":{"adm2_name":"Yalimo","adm2_pcode":"ID9432","adm1_name":"Papua Pegunungan","adm1_pcode":"ID95"}}]}}}